Market Regime,Pattern Key,Regime Samples,Regime Weighted Samples,Regime Win Probability,Updated
POSITIVE,POSITIVE|BOTTOM_WATCH|SKIP|RSI_WEAK|RS_BAD|VOL_STRONG|ATR_OK|BELOW_MA20,55,11.0,80.0,2026-07-14 09:17:55
SIDEWAY,SIDEWAY|BOTTOM_WATCH|SKIP|RSI_WEAK|RS_BAD|VOL_STRONG|ATR_OK|BELOW_MA20,55,11.0,80.0,2026-07-14 09:17:56
WEAK,WEAK|BOTTOM_WATCH|SKIP|RSI_WEAK|RS_BAD|VOL_STRONG|ATR_OK|BELOW_MA20,53,10.6,79.57,2026-07-14 09:17:56
WEAK,WEAK|BOTTOM_WATCH|SKIP|RSI_WEAK|RS_BAD|VOL_STRONG|ATR_LOW|BELOW_MA20,340,70.24,79.48,2026-07-14 09:17:56
SIDEWAY,SIDEWAY|BOTTOM_WATCH|SKIP|RSI_MID_HIGH|RS_BAD|VOL_LOW|ATR_LOW|BELOW_MA20,117,23.43,78.9,2026-07-14 09:17:56
WEAK,WEAK|BOTTOM_WATCH|SKIP|RSI_MID_HIGH|RS_BAD|VOL_LOW|ATR_LOW|BELOW_MA20,87,17.43,78.64,2026-07-14 09:17:56
WEAK,WEAK|BOTTOM|SKIP|RSI_LOW|RS_BAD|VOL_LOW|ATR_OK|BELOW_MA20,152,30.68,78.24,2026-07-14 09:17:56
SIDEWAY,SIDEWAY|BOTTOM|SKIP|RSI_LOW|RS_BAD|VOL_LOW|ATR_OK|BELOW_MA20,186,37.51,77.49,2026-07-14 09:17:56
POSITIVE,POSITIVE|BOTTOM|SKIP|RSI_LOW|RS_BAD|VOL_LOW|ATR_OK|BELOW_MA20,204,41.2,77.46,2026-07-14 09:17:55
SIDEWAY,SIDEWAY|BOTTOM_WATCH|SKIP|RSI_WEAK|RS_BAD|VOL_STRONG|ATR_LOW|BELOW_MA20,467,100.64,76.82,2026-07-14 09:17:56
WEAK,WEAK|MOMENTUM|BUY NOW|RSI_MID_HIGH|RS_STRONG|VOL_OK|ATR_OK|ABOVE_MA20,39,8.28,76.65,2026-07-14 09:17:56
DOWNTREND,DOWNTREND|BOTTOM|SKIP|RSI_LOW|RS_BAD|VOL_LOW|ATR_LOW|BELOW_MA20,154,31.13,76.26,2026-07-14 09:17:55
POSITIVE,POSITIVE|BOTTOM_WATCH|SKIP|RSI_WEAK|RS_BAD|VOL_LOW|ATR_OK|BELOW_MA20,130,26.51,75.07,2026-07-14 09:17:55
SIDEWAY,SIDEWAY|MOMENTUM|BUY NOW|RSI_MID_HIGH|RS_STRONG|VOL_OK|ATR_OK|ABOVE_MA20,37,7.88,74.8,2026-07-14 09:17:56
POSITIVE,POSITIVE|MOMENTUM|SKIP|RSI_HIGH|RS_STRONG|VOL_STRONG|ATR_LOW|FAR_MA20,126,25.86,74.75,2026-07-14 09:17:56
SIDEWAY,SIDEWAY|MOMENTUM|SKIP|RSI_HIGH|RS_STRONG|VOL_STRONG|ATR_LOW|FAR_MA20,126,25.86,74.75,2026-07-14 09:17:56
WEAK,WEAK|MOMENTUM|SKIP|RSI_HIGH|RS_STRONG|VOL_STRONG|ATR_LOW|FAR_MA20,126,25.86,74.75,2026-07-14 09:17:56
POSITIVE,POSITIVE|BOTTOM_WATCH|SKIP|RSI_WEAK|RS_BAD|VOL_OK|ATR_OK|BELOW_MA20,31,6.22,74.69,2026-07-14 09:17:55
SIDEWAY,SIDEWAY|BOTTOM_WATCH|SKIP|RSI_WEAK|RS_BAD|VOL_LOW|ATR_OK|BELOW_MA20,127,25.91,74.63,2026-07-14 09:17:56
POSITIVE,POSITIVE|MOMENTUM|WAIT|RSI_MID_HIGH|RS_STRONG|VOL_LOW|ATR_OK|ABOVE_MA20,41,8.56,74.63,2026-07-14 09:17:56
SIDEWAY,SIDEWAY|BOTTOM_WATCH|SKIP|RSI_WEAK|RS_BAD|VOL_OK|ATR_OK|BELOW_MA20,30,6.02,74.32,2026-07-14 09:17:56
WEAK,WEAK|BOTTOM_WATCH|SKIP|RSI_WEAK|RS_BAD|VOL_OK|ATR_OK|BELOW_MA20,30,6.02,74.32,2026-07-14 09:17:56
WEAK,WEAK|BOTTOM_WATCH|SKIP|RSI_WEAK|RS_BAD|VOL_LOW|ATR_OK|BELOW_MA20,117,23.91,74.3,2026-07-14 09:17:56
POSITIVE,POSITIVE|BOTTOM_WATCH|SKIP|RSI_WEAK|RS_BAD|VOL_STRONG|ATR_LOW|BELOW_MA20,536,112.52,74.21,2026-07-14 09:17:55
DOWNTREND,DOWNTREND|BOTTOM_WATCH|SKIP|RSI_WEAK|RS_BAD|VOL_STRONG|ATR_LOW|BELOW_MA20,41,8.27,74.19,2026-07-14 09:17:55
WEAK,WEAK|MOMENTUM_WATCH|SKIP|RSI_HIGH|RS_STRONG|VOL_LOW|ATR_LOW|FAR_MA20,105,21.71,73.89,2026-07-14 09:17:56
POSITIVE,POSITIVE|MOMENTUM|BUY NOW|RSI_MID_HIGH|RS_STRONG|VOL_OK|ATR_OK|ABOVE_MA20,35,7.29,73.84,2026-07-14 09:17:56
SIDEWAY,SIDEWAY|BOTTOM|WAIT|RSI_LOW|RS_BAD|VOL_STRONG|ATR_LOW|BELOW_MA20,71,14.61,73.46,2026-07-14 09:17:56
POSITIVE,POSITIVE|MOMENTUM_WATCH|SKIP|RSI_HIGH|RS_STRONG|VOL_LOW|ATR_LOW|FAR_MA20,102,21.11,73.36,2026-07-14 09:17:56
POSITIVE,POSITIVE|BOTTOM_WATCH|SKIP|RSI_MID_HIGH|RS_BAD|VOL_LOW|ATR_LOW|BELOW_MA20,145,29.22,73.31,2026-07-14 09:17:55
WEAK,WEAK|MOMENTUM|WATCHLIST|RSI_HIGH|RS_STRONG|VOL_STRONG|ATR_LOW|FAR_MA20,111,22.68,73.27,2026-07-14 09:17:56
SIDEWAY,SIDEWAY|MOMENTUM_WATCH|SKIP|RSI_HIGH|RS_STRONG|VOL_LOW|ATR_LOW|FAR_MA20,104,21.51,73.04,2026-07-14 09:17:56
SIDEWAY,SIDEWAY|MOMENTUM|WATCHLIST|RSI_HIGH|RS_STRONG|VOL_STRONG|ATR_LOW|FAR_MA20,113,23.08,72.97,2026-07-14 09:17:56
SIDEWAY,SIDEWAY|MOMENTUM|WAIT|RSI_MID_HIGH|RS_STRONG|VOL_LOW|ATR_OK|ABOVE_MA20,42,8.95,72.91,2026-07-14 09:17:56
WEAK,WEAK|MOMENTUM|WAIT|RSI_MID_HIGH|RS_STRONG|VOL_LOW|ATR_OK|ABOVE_MA20,42,8.95,72.91,2026-07-14 09:17:56
WEAK,WEAK|BOTTOM_WATCH|SKIP|RSI_WEAK|RS_BAD|VOL_OK|ATR_LOW|BELOW_MA20,275,57.71,72.89,2026-07-14 09:17:56
DOWNTREND,DOWNTREND|BOTTOM|SKIP|RSI_LOW|RS_BAD|VOL_LOW|ATR_OK|BELOW_MA20,30,6.0,72.86,2026-07-14 09:17:55
WEAK,WEAK|BOTTOM_WATCH|SKIP|RSI_MID|RS_BAD|VOL_LOW|ATR_LOW|BELOW_MA20,132,26.8,72.64,2026-07-14 09:17:56
POSITIVE,POSITIVE|MOMENTUM_WATCH|WAIT|RSI_HIGH|RS_STRONG|VOL_LOW|ATR_LOW|FAR_MA20,97,20.11,72.56,2026-07-14 09:17:56
WEAK,WEAK|MOMENTUM_WATCH|WAIT|RSI_HIGH|RS_STRONG|VOL_LOW|ATR_LOW|FAR_MA20,100,20.71,72.44,2026-07-14 09:17:56
POSITIVE,POSITIVE|MOMENTUM|WATCHLIST|RSI_HIGH|RS_STRONG|VOL_STRONG|ATR_LOW|FAR_MA20,112,22.88,72.15,2026-07-14 09:17:56
SIDEWAY,SIDEWAY|MOMENTUM_WATCH|WAIT|RSI_HIGH|RS_STRONG|VOL_LOW|ATR_LOW|FAR_MA20,98,20.31,72.05,2026-07-14 09:17:56
SIDEWAY,SIDEWAY|BOTTOM|BUY NOW|RSI_MID|RS_STRONG|VOL_LOW|ATR_LOW|ABOVE_MA20,85,17.13,72.05,2026-07-14 09:17:56
WEAK,WEAK|MOMENTUM|SKIP|RSI_HIGH|RS_STRONG|VOL_OK|ATR_LOW|FAR_MA20,54,11.22,72.04,2026-07-14 09:17:56
POSITIVE,POSITIVE|MOMENTUM|SKIP|RSI_HIGH|RS_STRONG|VOL_OK|ATR_LOW|FAR_MA20,53,11.02,71.74,2026-07-14 09:17:56
SIDEWAY,SIDEWAY|MOMENTUM|SKIP|RSI_HIGH|RS_STRONG|VOL_OK|ATR_LOW|FAR_MA20,53,11.02,71.74,2026-07-14 09:17:56
POSITIVE,POSITIVE|MOMENTUM|BUY NOW|RSI_MID_HIGH|RS_STRONG|VOL_STRONG|ATR_LOW|FAR_MA20,131,28.86,71.62,2026-07-14 09:17:56
POSITIVE,POSITIVE|MOMENTUM|WAIT|RSI_MID_HIGH|RS_STRONG|VOL_STRONG|ATR_LOW|ABOVE_MA20,41,8.2,71.6,2026-07-14 09:17:56
POSITIVE,POSITIVE|BOTTOM|SKIP|RSI_WEAK|RS_BAD|VOL_STRONG|ATR_OK|BELOW_MA20,35,7.37,71.38,2026-07-14 09:17:55
SIDEWAY,SIDEWAY|MOMENTUM|WAIT|RSI_HIGH|RS_STRONG|VOL_STRONG|ATR_LOW|FAR_MA20,238,49.92,71.31,2026-07-14 09:17:56
WEAK,WEAK|MOMENTUM|WATCHLIST|RSI_HIGH|RS_STRONG|VOL_OK|ATR_LOW|FAR_MA20,38,7.98,71.21,2026-07-14 09:17:56
WEAK,WEAK|MOMENTUM|WAIT|RSI_HIGH|RS_STRONG|VOL_STRONG|ATR_LOW|FAR_MA20,237,48.23,71.16,2026-07-14 09:17:56
SIDEWAY,SIDEWAY|BOTTOM|SKIP|RSI_WEAK|RS_BAD|VOL_STRONG|ATR_OK|BELOW_MA20,34,7.17,71.0,2026-07-14 09:17:56
SIDEWAY,SIDEWAY|MOMENTUM|BUY NOW|RSI_MID_HIGH|RS_STRONG|VOL_STRONG|ATR_LOW|FAR_MA20,137,30.06,70.94,2026-07-14 09:17:56
SIDEWAY,SIDEWAY|MOMENTUM|SKIP|RSI_MID_HIGH|RS_BAD|VOL_LOW|ATR_LOW|ABOVE_MA20,25,5.03,70.83,2026-07-14 09:17:56
POSITIVE,POSITIVE|MOMENTUM|SKIP|RSI_MID_HIGH|RS_BAD|VOL_LOW|ATR_LOW|ABOVE_MA20,35,7.03,70.72,2026-07-14 09:17:56
DOWNTREND,DOWNTREND|MOMENTUM|SKIP|RSI_HIGH|RS_STRONG|VOL_STRONG|ATR_LOW|FAR_MA20,45,9.06,70.69,2026-07-14 09:17:55
POSITIVE,POSITIVE|MOMENTUM|WATCHLIST|RSI_HIGH|RS_STRONG|VOL_OK|ATR_LOW|FAR_MA20,40,8.38,70.69,2026-07-14 09:17:56
SIDEWAY,SIDEWAY|MOMENTUM|WATCHLIST|RSI_HIGH|RS_STRONG|VOL_OK|ATR_LOW|FAR_MA20,40,8.38,70.69,2026-07-14 09:17:56
WEAK,WEAK|BOTTOM|SKIP|RSI_WEAK|RS_BAD|VOL_STRONG|ATR_OK|BELOW_MA20,33,6.97,70.61,2026-07-14 09:17:56
POSITIVE,POSITIVE|BOTTOM|BUY NOW|RSI_MID_HIGH|RS_STRONG|VOL_LOW|ATR_LOW|ABOVE_MA20,62,12.98,70.44,2026-07-14 09:17:55
WEAK,WEAK|BOTTOM_WATCH|WATCHLIST|RSI_WEAK|RS_BAD|VOL_STRONG|ATR_LOW|BELOW_MA20,209,43.42,70.36,2026-07-14 09:17:56
POSITIVE,POSITIVE|MOMENTUM|BUY NOW|RSI_MID_HIGH|RS_STRONG|VOL_LOW|ATR_OK|FAR_MA20,24,4.8,70.31,2026-07-14 09:17:56
SIDEWAY,SIDEWAY|MOMENTUM|BUY NOW|RSI_MID_HIGH|RS_STRONG|VOL_LOW|ATR_OK|FAR_MA20,24,4.8,70.31,2026-07-14 09:17:56
SIDEWAY,SIDEWAY|MOMENTUM|BUY NOW|RSI_MID_HIGH|RS_STRONG|VOL_STRONG|ATR_OK|ABOVE_MA20,22,4.8,70.31,2026-07-14 09:17:56
WEAK,WEAK|MOMENTUM|BUY NOW|RSI_MID_HIGH|RS_STRONG|VOL_LOW|ATR_OK|FAR_MA20,24,4.8,70.31,2026-07-14 09:17:56
SIDEWAY,SIDEWAY|MOMENTUM_WATCH|SKIP|RSI_MID_HIGH|RS_BAD|VOL_LOW|ATR_LOW|ABOVE_MA20,46,9.58,70.12,2026-07-14 09:17:56
POSITIVE,POSITIVE|MOMENTUM_WATCH|SKIP|RSI_MID_HIGH|RS_BAD|VOL_LOW|ATR_LOW|ABOVE_MA20,66,13.58,70.09,2026-07-14 09:17:56
WEAK,WEAK|BOTTOM_WATCH|SKIP|RSI_LOW|RS_BAD|VOL_LOW|ATR_LOW|BELOW_MA20,82,18.81,70.04,2026-07-14 09:17:56
SIDEWAY,SIDEWAY|MOMENTUM|WAIT|RSI_MID_HIGH|RS_STRONG|VOL_STRONG|ATR_LOW|ABOVE_MA20,67,13.79,69.94,2026-07-14 09:17:56
DOWNTREND,DOWNTREND|BOTTOM_WATCH|SKIP|RSI_WEAK|RS_BAD|VOL_OK|ATR_LOW|BELOW_MA20,36,7.25,69.79,2026-07-14 09:17:55
WEAK,WEAK|MOMENTUM|BUY NOW|RSI_MID_HIGH|RS_STRONG|VOL_STRONG|ATR_LOW|FAR_MA20,137,29.33,69.77,2026-07-14 09:17:56
POSITIVE,POSITIVE|MOMENTUM_WATCH|WAIT|RSI_HIGH|RS_STRONG|VOL_OK|ATR_LOW|FAR_MA20,86,17.58,69.72,2026-07-14 09:17:56
POSITIVE,POSITIVE|MOMENTUM|WAIT|RSI_MID_HIGH|RS_STRONG|VOL_OK|ATR_LOW|ABOVE_MA20,257,53.07,69.71,2026-07-14 09:17:56
WEAK,WEAK|BOTTOM|BUY NOW|RSI_LOW|RS_WEAK|VOL_OK|ATR_OK|BELOW_MA20,26,5.21,69.71,2026-07-14 09:17:56
POSITIVE,POSITIVE|MOMENTUM|WAIT|RSI_HIGH|RS_STRONG|VOL_STRONG|ATR_LOW|FAR_MA20,237,48.64,69.6,2026-07-14 09:17:56
POSITIVE,POSITIVE|BOTTOM|SKIP|RSI_WEAK|RS_BAD|VOL_OK|ATR_OK|BELOW_MA20,51,10.38,69.49,2026-07-14 09:17:55
DOWNTREND,DOWNTREND|MOMENTUM|SKIP|RSI_HIGH|RS_STRONG|VOL_OK|ATR_LOW|FAR_MA20,26,5.45,69.49,2026-07-14 09:17:55
WEAK,WEAK|BOTTOM|BUY NOW|RSI_MID|RS_STRONG|VOL_OK|ATR_OK|BELOW_MA20,19,3.8,69.49,2026-07-14 09:17:56
POSITIVE,POSITIVE|MOMENTUM|BUY NOW|RSI_MID_HIGH|RS_STRONG|VOL_STRONG|ATR_OK|ABOVE_MA20,21,4.42,69.39,2026-07-14 09:17:56
SIDEWAY,SIDEWAY|BOTTOM|BUY NOW|RSI_MID|RS_STRONG|VOL_OK|ATR_LOW|ABOVE_MA20,76,15.82,69.36,2026-07-14 09:17:56
POSITIVE,POSITIVE|BOTTOM|WAIT|RSI_LOW|RS_BAD|VOL_STRONG|ATR_LOW|BELOW_MA20,83,16.71,69.24,2026-07-14 09:17:55
SIDEWAY,SIDEWAY|BOTTOM|SKIP|RSI_WEAK|RS_BAD|VOL_OK|ATR_OK|BELOW_MA20,50,10.18,69.16,2026-07-14 09:17:56
SIDEWAY,SIDEWAY|BOTTOM|SKIP|RSI_LOW|RS_BAD|VOL_OK|ATR_OK|BELOW_MA20,41,8.2,69.14,2026-07-14 09:17:56
POSITIVE,POSITIVE|BOTTOM|SKIP|RSI_LOW|RS_BAD|VOL_OK|ATR_OK|BELOW_MA20,44,8.8,69.05,2026-07-14 09:17:55
SIDEWAY,SIDEWAY|MOMENTUM_WATCH|WAIT|RSI_HIGH|RS_STRONG|VOL_OK|ATR_LOW|FAR_MA20,85,17.56,69.0,2026-07-14 09:17:56
WEAK,WEAK|MOMENTUM_WATCH|WAIT|RSI_HIGH|RS_STRONG|VOL_OK|ATR_LOW|FAR_MA20,85,17.56,69.0,2026-07-14 09:17:56
WEAK,WEAK|MOMENTUM|SKIP|RSI_MID_HIGH|RS_BAD|VOL_LOW|ATR_LOW|ABOVE_MA20,18,3.6,68.97,2026-07-14 09:17:56
WEAK,WEAK|BOTTOM|SKIP|RSI_WEAK|RS_BAD|VOL_OK|ATR_OK|BELOW_MA20,49,9.98,68.81,2026-07-14 09:17:56
POSITIVE,POSITIVE|BOTTOM|BUY NOW|RSI_MID|RS_STRONG|VOL_OK|ATR_LOW|ABOVE_MA20,48,9.94,68.78,2026-07-14 09:17:55
WEAK,WEAK|BOTTOM|BUY NOW|RSI_LOW|RS_WEAK|VOL_LOW|ATR_OK|BELOW_MA20,46,9.26,68.71,2026-07-14 09:17:56
DOWNTREND,DOWNTREND|BOTTOM_WATCH|SKIP|RSI_WEAK|RS_BAD|VOL_LOW|ATR_LOW|BELOW_MA20,118,24.53,68.65,2026-07-14 09:17:55
SIDEWAY,SIDEWAY|MOMENTUM|BUY NOW|RSI_MID_HIGH|RS_STRONG|VOL_OK|ATR_LOW|FAR_MA20,92,19.74,68.64,2026-07-14 09:17:56
POSITIVE,POSITIVE|BOTTOM|SKIP|RSI_WEAK|RS_BAD|VOL_LOW|ATR_OK|BELOW_MA20,44,9.16,68.54,2026-07-14 09:17:55
SIDEWAY,SIDEWAY|BOTTOM|SKIP|RSI_WEAK|RS_BAD|VOL_LOW|ATR_OK|BELOW_MA20,44,9.16,68.54,2026-07-14 09:17:56
WEAK,WEAK|BOTTOM|SKIP|RSI_WEAK|RS_BAD|VOL_LOW|ATR_OK|BELOW_MA20,44,9.16,68.54,2026-07-14 09:17:56
WEAK,WEAK|MOMENTUM|BUY NOW|RSI_MID_HIGH|RS_STRONG|VOL_STRONG|ATR_OK|ABOVE_MA20,24,5.43,68.51,2026-07-14 09:17:56
POSITIVE,POSITIVE|BOTTOM_WATCH|SKIP|RSI_MID_HIGH|RS_BAD|VOL_LOW|ATR_LOW|ABOVE_MA20,33,6.72,68.45,2026-07-14 09:17:55
WEAK,WEAK|BOTTOM|BUY NOW|RSI_MID|RS_STRONG|VOL_LOW|ATR_LOW|ABOVE_MA20,198,41.59,68.4,2026-07-14 09:17:56
SIDEWAY,SIDEWAY|BOTTOM_WATCH|SKIP|RSI_WEAK|RS_BAD|VOL_OK|ATR_LOW|BELOW_MA20,436,101.14,68.21,2026-07-14 09:17:56
POSITIVE,POSITIVE|MOMENTUM|BUY NOW|RSI_MID_HIGH|RS_STRONG|VOL_LOW|ATR_OK|ABOVE_MA20,22,4.55,68.12,2026-07-14 09:17:56
SIDEWAY,SIDEWAY|MOMENTUM|BUY NOW|RSI_MID_HIGH|RS_STRONG|VOL_LOW|ATR_OK|ABOVE_MA20,22,4.55,68.12,2026-07-14 09:17:56
SIDEWAY,SIDEWAY|BOTTOM|SKIP|RSI_LOW|RS_OK|VOL_LOW|ATR_OK|BELOW_MA20,35,7.68,68.11,2026-07-14 09:17:56
POSITIVE,POSITIVE|MOMENTUM|BUY NOW|RSI_MID_HIGH|RS_STRONG|VOL_OK|ATR_LOW|FAR_MA20,88,18.64,68.1,2026-07-14 09:17:56
DOWNTREND,DOWNTREND|MOMENTUM_WATCH|SKIP|RSI_HIGH|RS_STRONG|VOL_LOW|ATR_LOW|FAR_MA20,56,11.34,67.94,2026-07-14 09:17:55
SIDEWAY,SIDEWAY|MOMENTUM|BUY NOW|RSI_MID_HIGH|RS_STRONG|VOL_OK|ATR_OK|FAR_MA20,27,5.72,67.94,2026-07-14 09:17:56
WEAK,WEAK|MOMENTUM|BUY NOW|RSI_MID_HIGH|RS_STRONG|VOL_OK|ATR_OK|FAR_MA20,27,5.72,67.94,2026-07-14 09:17:56
POSITIVE,POSITIVE|MOMENTUM|WAIT|RSI_MID_HIGH|RS_STRONG|VOL_LOW|ATR_LOW|ABOVE_MA20,408,84.09,67.93,2026-07-14 09:17:56
DOWNTREND,DOWNTREND|MOMENTUM_WATCH|WAIT|RSI_HIGH|RS_STRONG|VOL_OK|ATR_LOW|FAR_MA20,37,7.96,67.89,2026-07-14 09:17:55
POSITIVE,POSITIVE|BOTTOM|SKIP|RSI_LOW|RS_BAD|VOL_STRONG|ATR_OK|BELOW_MA20,22,4.4,67.74,2026-07-14 09:17:55
SIDEWAY,SIDEWAY|BOTTOM|BUY NOW|RSI_LOW|RS_STRONG|VOL_LOW|ATR_LOW|BELOW_MA20,37,7.5,67.73,2026-07-14 09:17:56
WEAK,WEAK|BOTTOM_WATCH|SKIP|RSI_MID|RS_OK|VOL_LOW|ATR_OK|BELOW_MA20,24,6.26,67.73,2026-07-14 09:17:56
WEAK,WEAK|BOTTOM|BUY NOW|RSI_MID|RS_STRONG|VOL_OK|ATR_LOW|ABOVE_MA20,166,34.2,67.71,2026-07-14 09:17:56
POSITIVE,POSITIVE|BOTTOM_WATCH|SKIP|RSI_WEAK|RS_BAD|VOL_LOW|ATR_HIGH|BELOW_MA20,25,5.0,67.68,2026-07-14 09:17:55
WEAK,WEAK|BOTTOM|WAIT|RSI_LOW|RS_BAD|VOL_STRONG|ATR_LOW|BELOW_MA20,41,9.11,67.58,2026-07-14 09:17:56
SIDEWAY,SIDEWAY|BOTTOM|BUY NOW|RSI_LOW|RS_WEAK|VOL_LOW|ATR_OK|BELOW_MA20,34,6.81,67.58,2026-07-14 09:17:56
WEAK,WEAK|MOMENTUM|BUY NOW|RSI_MID_HIGH|RS_STRONG|VOL_OK|ATR_LOW|FAR_MA20,93,19.41,67.53,2026-07-14 09:17:56
SIDEWAY,SIDEWAY|BOTTOM|BUY NOW|RSI_MID_HIGH|RS_STRONG|VOL_LOW|ATR_LOW|ABOVE_MA20,87,18.6,67.53,2026-07-14 09:17:56
POSITIVE,POSITIVE|BOTTOM|BUY NOW|RSI_MID|RS_STRONG|VOL_LOW|ATR_LOW|ABOVE_MA20,52,10.53,67.5,2026-07-14 09:17:55
DOWNTREND,DOWNTREND|MOMENTUM_WATCH|WAIT|RSI_HIGH|RS_STRONG|VOL_LOW|ATR_LOW|FAR_MA20,41,8.88,67.35,2026-07-14 09:17:55
WEAK,WEAK|BOTTOM|BUY NOW|RSI_MID|RS_STRONG|VOL_STRONG|ATR_LOW|BELOW_MA20,38,7.9,67.3,2026-07-14 09:17:56
SIDEWAY,SIDEWAY|BOTTOM|BUY NOW|RSI_MID|RS_OK|VOL_OK|ATR_OK|BELOW_MA20,15,3.0,67.27,2026-07-14 09:17:56
DOWNTREND,DOWNTREND|BOTTOM|SKIP|RSI_MID|RS_WEAK|VOL_LOW|ATR_LOW|BELOW_MA20,102,20.78,67.25,2026-07-14 09:17:55
DOWNTREND,DOWNTREND|MOMENTUM|WAIT|RSI_HIGH|RS_STRONG|VOL_OK|ATR_LOW|FAR_MA20,33,7.11,67.24,2026-07-14 09:17:55
WEAK,WEAK|BOTTOM|BUY NOW|RSI_MID|RS_STRONG|VOL_STRONG|ATR_LOW|ABOVE_MA20,59,12.27,67.21,2026-07-14 09:17:56
SIDEWAY,SIDEWAY|BOTTOM_WATCH|SKIP|RSI_WEAK|RS_BAD|VOL_LOW|ATR_HIGH|BELOW_MA20,24,4.8,67.18,2026-07-14 09:17:56
POSITIVE,POSITIVE|MOMENTUM_WATCH|WATCHLIST|RSI_MID_HIGH|RS_STRONG|VOL_OK|ATR_LOW|ABOVE_MA20,85,17.53,67.15,2026-07-14 09:17:56
SIDEWAY,SIDEWAY|BOTTOM|SKIP|RSI_MID|RS_BAD|VOL_LOW|ATR_LOW|ABOVE_MA20,36,7.22,67.13,2026-07-14 09:17:56
DOWNTREND,DOWNTREND|MOMENTUM_WATCH|SKIP|RSI_HIGH|RS_STRONG|VOL_OK|ATR_LOW|FAR_MA20,23,4.77,67.11,2026-07-14 09:17:55
POSITIVE,POSITIVE|BOTTOM_WATCH|SKIP|RSI_LOW|RS_BAD|VOL_LOW|ATR_LOW|BELOW_MA20,238,56.62,67.04,2026-07-14 09:17:55
POSITIVE,POSITIVE|MOMENTUM|BUY NOW|RSI_MID_HIGH|RS_STRONG|VOL_OK|ATR_OK|FAR_MA20,26,5.35,67.04,2026-07-14 09:17:56
DOWNTREND,DOWNTREND|BOTTOM|BUY NOW|RSI_MID|RS_STRONG|VOL_STRONG|ATR_LOW|BELOW_MA20,29,5.95,67.03,2026-07-14 09:17:55
POSITIVE,POSITIVE|MOMENTUM|WAIT|RSI_HIGH|RS_STRONG|VOL_STRONG|ATR_LOW|ABOVE_MA20,381,77.97,66.96,2026-07-14 09:17:56
POSITIVE,POSITIVE|BOTTOM_WATCH|SKIP|RSI_WEAK|RS_BAD|VOL_OK|ATR_LOW|BELOW_MA20,503,111.03,66.92,2026-07-14 09:17:55
SIDEWAY,SIDEWAY|MOMENTUM|WAIT|RSI_MID_HIGH|RS_STRONG|VOL_OK|ATR_LOW|ABOVE_MA20,356,74.43,66.75,2026-07-14 09:17:56
SIDEWAY,SIDEWAY|BOTTOM|BUY NOW|RSI_LOW|RS_WEAK|VOL_OK|ATR_OK|BELOW_MA20,17,3.41,66.69,2026-07-14 09:17:56
POSITIVE,POSITIVE|BOTTOM|BUY NOW|RSI_MID|RS_OK|VOL_STRONG|ATR_LOW|BELOW_MA20,86,17.88,66.68,2026-07-14 09:17:55
DOWNTREND,DOWNTREND|MOMENTUM|SKIP|RSI_HIGH|RS_STRONG|VOL_STRONG|ATR_LOW|ABOVE_MA20,38,7.6,66.67,2026-07-14 09:17:55
DOWNTREND,DOWNTREND|BOTTOM|BUY NOW|RSI_MID_HIGH|RS_STRONG|VOL_OK|ATR_LOW|ABOVE_MA20,35,7.0,66.67,2026-07-14 09:17:55
WEAK,WEAK|BOTTOM|SKIP|RSI_LOW|RS_BAD|VOL_OK|ATR_OK|BELOW_MA20,35,7.0,66.67,2026-07-14 09:17:56
POSITIVE,POSITIVE|BOTTOM|BUY NOW|RSI_MID_HIGH|RS_STRONG|VOL_OK|ATR_LOW|ABOVE_MA20,29,5.8,66.67,2026-07-14 09:17:55
DOWNTREND,DOWNTREND|BOTTOM|SKIP|RSI_MID_HIGH|RS_WEAK|VOL_LOW|ATR_LOW|BELOW_MA20,23,4.6,66.67,2026-07-14 09:17:55
WEAK,WEAK|BOTTOM|BUY NOW|RSI_LOW|RS_OK|VOL_OK|ATR_OK|BELOW_MA20,17,3.4,66.67,2026-07-14 09:17:56
WEAK,WEAK|BOTTOM_WATCH|SKIP|RSI_WEAK|RS_BAD|VOL_LOW|ATR_HIGH|BELOW_MA20,23,4.6,66.66,2026-07-14 09:17:56
POSITIVE,POSITIVE|MOMENTUM_WATCH|SKIP|RSI_HIGH|RS_STRONG|VOL_OK|ATR_LOW|ABOVE_MA20,22,5.15,66.53,2026-07-14 09:17:56
SIDEWAY,SIDEWAY|BOTTOM_WATCH|SKIP|RSI_MID|RS_BAD|VOL_LOW|ATR_LOW|BELOW_MA20,255,54.51,66.51,2026-07-14 09:17:56
WEAK,WEAK|BOTTOM|BUY NOW|RSI_MID|RS_OK|VOL_STRONG|ATR_LOW|BELOW_MA20,291,61.93,66.39,2026-07-14 09:17:56
WEAK,WEAK|BOTTOM|BUY NOW|RSI_MID|RS_WEAK|VOL_STRONG|ATR_LOW|BELOW_MA20,154,32.62,66.38,2026-07-14 09:17:56
POSITIVE,POSITIVE|BOTTOM|SKIP|RSI_LOW|RS_BAD|VOL_STRONG|ATR_LOW|BELOW_MA20,313,65.47,66.34,2026-07-14 09:17:55
SIDEWAY,SIDEWAY|BOTTOM|SKIP|RSI_LOW|RS_STRONG|VOL_LOW|ATR_LOW|ABOVE_MA20,49,10.95,66.34,2026-07-14 09:17:56
DOWNTREND,DOWNTREND|BOTTOM|SKIP|RSI_WEAK|RS_BAD|VOL_OK|ATR_LOW|BELOW_MA20,19,3.87,66.31,2026-07-14 09:17:55
WEAK,WEAK|BOTTOM|BUY NOW|RSI_MID|RS_OK|VOL_OK|ATR_OK|BELOW_MA20,18,3.86,66.28,2026-07-14 09:17:56
POSITIVE,POSITIVE|BOTTOM|BUY NOW|RSI_LOW|RS_STRONG|VOL_LOW|ATR_LOW|ABOVE_MA20,22,5.63,66.25,2026-07-14 09:17:55
DOWNTREND,DOWNTREND|BOTTOM_WATCH|WATCHLIST|RSI_WEAK|RS_WEAK|VOL_STRONG|ATR_LOW|BELOW_MA20,48,9.77,66.24,2026-07-14 09:17:55
DOWNTREND,DOWNTREND|MOMENTUM|WATCHLIST|RSI_HIGH|RS_STRONG|VOL_OK|ATR_LOW|ABOVE_MA20,37,7.4,66.23,2026-07-14 09:17:55
SIDEWAY,SIDEWAY|BOTTOM_WATCH|SKIP|RSI_LOW|RS_BAD|VOL_LOW|ATR_LOW|BELOW_MA20,167,43.86,66.21,2026-07-14 09:17:56
SIDEWAY,SIDEWAY|BOTTOM|SKIP|RSI_WEAK|RS_BAD|VOL_STRONG|ATR_LOW|BELOW_MA20,94,21.87,66.2,2026-07-14 09:17:56
WEAK,WEAK|MOMENTUM|WAIT|RSI_MID_HIGH|RS_STRONG|VOL_OK|ATR_OK|ABOVE_MA20,25,5.0,66.16,2026-07-14 09:17:56
DOWNTREND,DOWNTREND|MOMENTUM|WAIT|RSI_HIGH|RS_STRONG|VOL_STRONG|ATR_LOW|FAR_MA20,62,12.68,66.15,2026-07-14 09:17:55
POSITIVE,POSITIVE|BOTTOM|SKIP|RSI_MID|RS_BAD|VOL_LOW|ATR_LOW|ABOVE_MA20,60,12.1,66.15,2026-07-14 09:17:55
POSITIVE,POSITIVE|MOMENTUM_WATCH|WATCHLIST|RSI_MID_HIGH|RS_STRONG|VOL_LOW|ATR_OK|ABOVE_MA20,22,4.4,66.13,2026-07-14 09:17:56
POSITIVE,POSITIVE|BOTTOM|BUY NOW|RSI_LOW|RS_STRONG|VOL_LOW|ATR_LOW|BELOW_MA20,19,3.8,66.1,2026-07-14 09:17:55
SIDEWAY,SIDEWAY|BOTTOM|SKIP|RSI_LOW|RS_BAD|VOL_STRONG|ATR_OK|BELOW_MA20,19,3.8,66.1,2026-07-14 09:17:56
POSITIVE,POSITIVE|BOTTOM_WATCH|SKIP|RSI_MID|RS_BAD|VOL_LOW|ATR_OK|BELOW_MA20,29,5.92,66.09,2026-07-14 09:17:55
DOWNTREND,DOWNTREND|BOTTOM_WATCH|SKIP|RSI_WEAK|RS_BAD|VOL_STRONG|ATR_OK|BELOW_MA20,13,2.6,66.04,2026-07-14 09:17:55
POSITIVE,POSITIVE|BOTTOM|BUY NOW|RSI_LOW|RS_WEAK|VOL_OK|ATR_OK|BELOW_MA20,13,2.6,66.04,2026-07-14 09:17:55
POSITIVE,POSITIVE|BOTTOM|BUY NOW|RSI_MID|RS_OK|VOL_OK|ATR_OK|BELOW_MA20,13,2.6,66.04,2026-07-14 09:17:55
SIDEWAY,SIDEWAY|BOTTOM|BUY NOW|RSI_MID_HIGH|RS_OK|VOL_STRONG|ATR_LOW|ABOVE_MA20,13,2.6,66.04,2026-07-14 09:17:56
WEAK,WEAK|MOMENTUM_WATCH|SKIP|RSI_MID_HIGH|RS_STRONG|VOL_LOW|ATR_OK|ABOVE_MA20,39,8.53,66.02,2026-07-14 09:17:56
WEAK,WEAK|BOTTOM|SKIP|RSI_LOW|RS_BAD|VOL_LOW|ATR_LOW|BELOW_MA20,1206,255.84,66.01,2026-07-14 09:17:56
SIDEWAY,SIDEWAY|BOTTOM_WATCH|SKIP|RSI_MID_HIGH|RS_BAD|VOL_LOW|ATR_LOW|ABOVE_MA20,22,4.47,65.99,2026-07-14 09:17:56
WEAK,WEAK|BOTTOM|BUY NOW|RSI_MID_HIGH|RS_STRONG|VOL_LOW|ATR_LOW|ABOVE_MA20,160,33.93,65.98,2026-07-14 09:17:56
WEAK,WEAK|BOTTOM|WAIT|RSI_LOW|RS_BAD|VOL_OK|ATR_LOW|BELOW_MA20,50,10.76,65.89,2026-07-14 09:17:56
SIDEWAY,SIDEWAY|MOMENTUM|WAIT|RSI_HIGH|RS_STRONG|VOL_STRONG|ATR_LOW|ABOVE_MA20,481,99.57,65.86,2026-07-14 09:17:56
SIDEWAY,SIDEWAY|MOMENTUM|WATCHLIST|RSI_HIGH|RS_STRONG|VOL_OK|ATR_LOW|ABOVE_MA20,71,14.5,65.85,2026-07-14 09:17:56
WEAK,WEAK|MOMENTUM|WAIT|RSI_MID_HIGH|RS_STRONG|VOL_OK|ATR_LOW|ABOVE_MA20,602,125.54,65.77,2026-07-14 09:17:56
WEAK,WEAK|MOMENTUM_WATCH|SKIP|RSI_HIGH|RS_STRONG|VOL_OK|ATR_LOW|ABOVE_MA20,34,7.74,65.75,2026-07-14 09:17:56
SIDEWAY,SIDEWAY|MOMENTUM_WATCH|WATCHLIST|RSI_MID|RS_WEAK|VOL_LOW|ATR_LOW|ABOVE_MA20,23,5.4,65.66,2026-07-14 09:17:56
WEAK,WEAK|MOMENTUM|WATCHLIST|RSI_HIGH|RS_STRONG|VOL_OK|ATR_LOW|ABOVE_MA20,82,16.7,65.65,2026-07-14 09:17:56
SIDEWAY,SIDEWAY|MOMENTUM|WAIT|RSI_MID_HIGH|RS_STRONG|VOL_OK|ATR_OK|ABOVE_MA20,24,4.8,65.62,2026-07-14 09:17:56
POSITIVE,POSITIVE|MOMENTUM|WATCHLIST|RSI_HIGH|RS_STRONG|VOL_OK|ATR_LOW|ABOVE_MA20,64,13.1,65.48,2026-07-14 09:17:56
DOWNTREND,DOWNTREND|MOMENTUM|WAIT|RSI_MID_HIGH|RS_STRONG|VOL_OK|ATR_LOW|ABOVE_MA20,187,39.49,65.41,2026-07-14 09:17:55
SIDEWAY,SIDEWAY|MOMENTUM_WATCH|WATCHLIST|RSI_MID|RS_STRONG|VOL_STRONG|ATR_LOW|ABOVE_MA20,17,3.56,65.39,2026-07-14 09:17:56
WEAK,WEAK|BOTTOM|BUY NOW|RSI_LOW|RS_STRONG|VOL_STRONG|ATR_LOW|BELOW_MA20,17,3.56,65.39,2026-07-14 09:17:56
POSITIVE,POSITIVE|MOMENTUM_WATCH|WAIT|RSI_HIGH|RS_STRONG|VOL_OK|ATR_OK|FAR_MA20,12,2.4,65.38,2026-07-14 09:17:56
SIDEWAY,SIDEWAY|MOMENTUM_WATCH|WAIT|RSI_HIGH|RS_STRONG|VOL_OK|ATR_OK|FAR_MA20,12,2.4,65.38,2026-07-14 09:17:56
WEAK,WEAK|MOMENTUM_WATCH|WAIT|RSI_HIGH|RS_STRONG|VOL_OK|ATR_OK|FAR_MA20,12,2.4,65.38,2026-07-14 09:17:56
SIDEWAY,SIDEWAY|BOTTOM|SKIP|RSI_LOW|RS_BAD|VOL_STRONG|ATR_LOW|BELOW_MA20,222,49.02,65.37,2026-07-14 09:17:56
POSITIVE,POSITIVE|MOMENTUM_WATCH|SKIP|RSI_HIGH|RS_STRONG|VOL_OK|ATR_LOW|FAR_MA20,40,8.17,65.37,2026-07-14 09:17:56
SIDEWAY,SIDEWAY|MOMENTUM_WATCH|SKIP|RSI_HIGH|RS_STRONG|VOL_OK|ATR_LOW|FAR_MA20,40,8.17,65.37,2026-07-14 09:17:56
WEAK,WEAK|MOMENTUM_WATCH|SKIP|RSI_HIGH|RS_STRONG|VOL_OK|ATR_LOW|FAR_MA20,40,8.17,65.37,2026-07-14 09:17:56
SIDEWAY,SIDEWAY|BOTTOM|BUY NOW|RSI_MID|RS_WEAK|VOL_STRONG|ATR_LOW|BELOW_MA20,256,56.51,65.36,2026-07-14 09:17:56
SIDEWAY,SIDEWAY|MOMENTUM|WAIT|RSI_MID|RS_STRONG|VOL_OK|ATR_LOW|ABOVE_MA20,24,5.44,65.35,2026-07-14 09:17:56
SIDEWAY,SIDEWAY|BOTTOM|BUY NOW|RSI_MID|RS_OK|VOL_STRONG|ATR_LOW|BELOW_MA20,152,31.62,65.33,2026-07-14 09:17:56
SIDEWAY,SIDEWAY|BOTTOM|BUY NOW|RSI_MID_HIGH|RS_STRONG|VOL_OK|ATR_LOW|ABOVE_MA20,46,9.45,65.14,2026-07-14 09:17:56
DOWNTREND,DOWNTREND|MOMENTUM|BUY NOW|RSI_MID_HIGH|RS_STRONG|VOL_OK|ATR_LOW|FAR_MA20,27,5.75,65.1,2026-07-14 09:17:55
WEAK,WEAK|BOTTOM|BUY NOW|RSI_MID_HIGH|RS_OK|VOL_STRONG|ATR_LOW|ABOVE_MA20,27,5.75,65.09,2026-07-14 09:17:56
POSITIVE,POSITIVE|MOMENTUM|WAIT|RSI_MID_HIGH|RS_STRONG|VOL_OK|ATR_OK|ABOVE_MA20,23,4.6,65.08,2026-07-14 09:17:56
SIDEWAY,SIDEWAY|BOTTOM|SKIP|RSI_LOW|RS_BAD|VOL_LOW|ATR_LOW|ABOVE_MA20,20,4.0,65.0,2026-07-14 09:17:56
WEAK,WEAK|BOTTOM|SKIP|RSI_LOW|RS_BAD|VOL_STRONG|ATR_LOW|BELOW_MA20,124,26.23,64.98,2026-07-14 09:17:56
WEAK,WEAK|BOTTOM|BUY NOW|RSI_MID_HIGH|RS_STRONG|VOL_OK|ATR_LOW|BELOW_MA20,31,6.85,64.98,2026-07-14 09:17:56
SIDEWAY,SIDEWAY|MOMENTUM|WAIT|RSI_MID_HIGH|RS_STRONG|VOL_LOW|ATR_LOW|ABOVE_MA20,559,117.26,64.9,2026-07-14 09:17:56
WEAK,WEAK|BOTTOM|SKIP|RSI_LOW|RS_OK|VOL_LOW|ATR_OK|BELOW_MA20,49,10.8,64.9,2026-07-14 09:17:56
DOWNTREND,DOWNTREND|MOMENTUM_WATCH|WAIT|RSI_HIGH|RS_STRONG|VOL_LOW|ATR_LOW|ABOVE_MA20,91,18.2,64.89,2026-07-14 09:17:55
SIDEWAY,SIDEWAY|BOTTOM_WATCH|SKIP|RSI_MID|RS_OK|VOL_LOW|ATR_OK|BELOW_MA20,21,5.66,64.85,2026-07-14 09:17:56
WEAK,WEAK|MOMENTUM|BUY NOW|RSI_MID_HIGH|RS_STRONG|VOL_LOW|ATR_OK|ABOVE_MA20,24,5.18,64.83,2026-07-14 09:17:56
POSITIVE,POSITIVE|BOTTOM|BUY NOW|RSI_LOW|RS_OK|VOL_OK|ATR_OK|BELOW_MA20,14,2.8,64.82,2026-07-14 09:17:55
SIDEWAY,SIDEWAY|BOTTOM|BUY NOW|RSI_LOW|RS_OK|VOL_OK|ATR_OK|BELOW_MA20,14,2.8,64.82,2026-07-14 09:17:56
POSITIVE,POSITIVE|MOMENTUM|WAIT|RSI_HIGH|RS_STRONG|VOL_STRONG|ATR_OK|FAR_MA20,14,2.8,64.81,2026-07-14 09:17:56
SIDEWAY,SIDEWAY|MOMENTUM|WAIT|RSI_HIGH|RS_STRONG|VOL_STRONG|ATR_OK|FAR_MA20,14,2.8,64.81,2026-07-14 09:17:56
WEAK,WEAK|MOMENTUM|WAIT|RSI_HIGH|RS_STRONG|VOL_STRONG|ATR_OK|FAR_MA20,14,2.8,64.81,2026-07-14 09:17:56
POSITIVE,POSITIVE|BOTTOM|BUY NOW|RSI_MID|RS_WEAK|VOL_STRONG|ATR_LOW|BELOW_MA20,288,61.41,64.78,2026-07-14 09:17:55
DOWNTREND,DOWNTREND|BOTTOM_WATCH|SKIP|RSI_MID_HIGH|RS_BAD|VOL_LOW|ATR_LOW|BELOW_MA20,11,2.2,64.71,2026-07-14 09:17:55
SIDEWAY,SIDEWAY|BOTTOM|BUY NOW|RSI_MID|RS_STRONG|VOL_OK|ATR_OK|BELOW_MA20,11,2.2,64.71,2026-07-14 09:17:56
POSITIVE,POSITIVE|MOMENTUM|WAIT|RSI_HIGH|RS_STRONG|VOL_OK|ATR_LOW|FAR_MA20,89,19.14,64.69,2026-07-14 09:17:56
SIDEWAY,SIDEWAY|MOMENTUM|WAIT|RSI_HIGH|RS_STRONG|VOL_OK|ATR_LOW|FAR_MA20,89,19.14,64.69,2026-07-14 09:17:56
SIDEWAY,SIDEWAY|BOTTOM_WATCH|SKIP|RSI_MID|RS_BAD|VOL_LOW|ATR_OK|BELOW_MA20,23,4.68,64.68,2026-07-14 09:17:56
SIDEWAY,SIDEWAY|MOMENTUM_WATCH|SKIP|RSI_HIGH|RS_STRONG|VOL_OK|ATR_LOW|ABOVE_MA20,27,6.15,64.66,2026-07-14 09:17:56
WEAK,WEAK|BOTTOM|SKIP|RSI_MID_HIGH|RS_WEAK|VOL_LOW|ATR_LOW|ABOVE_MA20,93,19.1,64.59,2026-07-14 09:17:56
SIDEWAY,SIDEWAY|BOTTOM|BUY NOW|RSI_LOW|RS_STRONG|VOL_STRONG|ATR_LOW|ABOVE_MA20,9,2.12,64.42,2026-07-14 09:17:56
WEAK,WEAK|MOMENTUM|WAIT|RSI_HIGH|RS_STRONG|VOL_OK|ATR_LOW|FAR_MA20,87,18.34,64.39,2026-07-14 09:17:56
POSITIVE,POSITIVE|MOMENTUM_WATCH|WAIT|RSI_HIGH|RS_STRONG|VOL_OK|ATR_LOW|ABOVE_MA20,195,40.79,64.33,2026-07-14 09:17:56
SIDEWAY,SIDEWAY|MOMENTUM_WATCH|WAIT|RSI_HIGH|RS_STRONG|VOL_OK|ATR_LOW|ABOVE_MA20,251,51.99,64.32,2026-07-14 09:17:56
WEAK,WEAK|MOMENTUM_WATCH|WATCHLIST|RSI_MID|RS_STRONG|VOL_STRONG|ATR_LOW|ABOVE_MA20,51,10.5,64.32,2026-07-14 09:17:56
SIDEWAY,SIDEWAY|MOMENTUM_WATCH|SKIP|RSI_MID_HIGH|RS_STRONG|VOL_LOW|ATR_OK|ABOVE_MA20,35,7.73,64.29,2026-07-14 09:17:56
WEAK,WEAK|BOTTOM|SKIP|RSI_LOW|RS_BAD|VOL_STRONG|ATR_OK|BELOW_MA20,16,3.2,64.29,2026-07-14 09:17:56
WEAK,WEAK|MOMENTUM|WAIT|RSI_HIGH|RS_STRONG|VOL_STRONG|ATR_LOW|ABOVE_MA20,672,138.39,64.27,2026-07-14 09:17:56
SIDEWAY,SIDEWAY|MOMENTUM_WATCH|WATCHLIST|RSI_MID_HIGH|RS_STRONG|VOL_OK|ATR_LOW|ABOVE_MA20,136,28.05,64.26,2026-07-14 09:17:56
DOWNTREND,DOWNTREND|BOTTOM_WATCH|SKIP|RSI_WEAK|RS_BAD|VOL_LOW|ATR_OK|BELOW_MA20,27,5.4,64.18,2026-07-14 09:17:55
POSITIVE,POSITIVE|BOTTOM_WATCH|SKIP|RSI_MID|RS_WEAK|VOL_LOW|ATR_OK|BELOW_MA20,20,4.28,64.16,2026-07-14 09:17:55
WEAK,WEAK|BOTTOM|BUY NOW|RSI_LOW|RS_STRONG|VOL_OK|ATR_OK|BELOW_MA20,13,2.6,64.16,2026-07-14 09:17:56
SIDEWAY,SIDEWAY|BOTTOM|BUY NOW|RSI_MID|RS_STRONG|VOL_STRONG|ATR_LOW|ABOVE_MA20,23,4.82,64.12,2026-07-14 09:17:56
DOWNTREND,DOWNTREND|BOTTOM|SKIP|RSI_MID|RS_BAD|VOL_LOW|ATR_LOW|BELOW_MA20,24,4.8,64.08,2026-07-14 09:17:55
DOWNTREND,DOWNTREND|BOTTOM|BUY NOW|RSI_MID_HIGH|RS_OK|VOL_OK|ATR_LOW|BELOW_MA20,18,4.07,64.07,2026-07-14 09:17:55
POSITIVE,POSITIVE|BOTTOM|WAIT|RSI_LOW|RS_BAD|VOL_LOW|ATR_LOW|BELOW_MA20,162,35.49,64.06,2026-07-14 09:17:55
WEAK,WEAK|MOMENTUM_WATCH|SKIP|RSI_MID_HIGH|RS_BAD|VOL_LOW|ATR_LOW|ABOVE_MA20,24,4.8,64.06,2026-07-14 09:17:56
DOWNTREND,DOWNTREND|BOTTOM|BUY NOW|RSI_LOW|RS_WEAK|VOL_STRONG|ATR_LOW|BELOW_MA20,112,23.35,64.03,2026-07-14 09:17:55
DOWNTREND,DOWNTREND|MOMENTUM|WATCHLIST|RSI_HIGH|RS_STRONG|VOL_STRONG|ATR_LOW|FAR_MA20,37,7.56,64.01,2026-07-14 09:17:55
POSITIVE,POSITIVE|BOTTOM|SKIP|RSI_LOW|RS_BAD|VOL_LOW|ATR_LOW|ABOVE_MA20,35,7.01,64.01,2026-07-14 09:17:55
POSITIVE,POSITIVE|MOMENTUM_WATCH|WATCHLIST|RSI_MID|RS_STRONG|VOL_STRONG|ATR_LOW|ABOVE_MA20,12,2.56,64.0,2026-07-14 09:17:56
POSITIVE,POSITIVE|BOTTOM|BUY NOW|RSI_MID_HIGH|RS_OK|VOL_STRONG|ATR_LOW|ABOVE_MA20,10,2.0,64.0,2026-07-14 09:17:55
SIDEWAY,SIDEWAY|MOMENTUM|WAIT|RSI_HIGH|RS_STRONG|VOL_OK|ATR_LOW|ABOVE_MA20,325,66.95,63.97,2026-07-14 09:17:56
DOWNTREND,DOWNTREND|MOMENTUM_WATCH|WATCHLIST|RSI_HIGH|RS_STRONG|VOL_OK|ATR_LOW|ABOVE_MA20,21,4.2,63.93,2026-07-14 09:17:55
WEAK,WEAK|MOMENTUM|WAIT|RSI_HIGH|RS_STRONG|VOL_OK|ATR_LOW|ABOVE_MA20,424,87.85,63.92,2026-07-14 09:17:56
DOWNTREND,DOWNTREND|BOTTOM|BUY NOW|RSI_MID|RS_STRONG|VOL_OK|ATR_LOW|ABOVE_MA20,63,12.65,63.92,2026-07-14 09:17:55
DOWNTREND,DOWNTREND|BOTTOM|SKIP|RSI_MID_HIGH|RS_WEAK|VOL_LOW|ATR_LOW|ABOVE_MA20,13,2.64,63.9,2026-07-14 09:17:55
DOWNTREND,DOWNTREND|MOMENTUM|BUY NOW|RSI_MID_HIGH|RS_STRONG|VOL_OK|ATR_OK|ABOVE_MA20,11,2.53,63.9,2026-07-14 09:17:55
SIDEWAY,SIDEWAY|MOMENTUM_WATCH|SKIP|RSI_HIGH|RS_STRONG|VOL_LOW|ATR_LOW|ABOVE_MA20,253,52.44,63.86,2026-07-14 09:17:56
SIDEWAY,SIDEWAY|BOTTOM|BUY NOW|RSI_LOW|RS_STRONG|VOL_LOW|ATR_LOW|ABOVE_MA20,31,7.71,63.86,2026-07-14 09:17:56
POSITIVE,POSITIVE|BOTTOM|BUY NOW|RSI_MID|RS_STRONG|VOL_STRONG|ATR_LOW|ABOVE_MA20,17,3.62,63.86,2026-07-14 09:17:55
SIDEWAY,SIDEWAY|MOMENTUM_WATCH|SKIP|RSI_MID_HIGH|RS_STRONG|VOL_LOW|ATR_LOW|BELOW_MA20,18,3.62,63.86,2026-07-14 09:17:56
POSITIVE,POSITIVE|MOMENTUM|SKIP|RSI_MID_HIGH|RS_STRONG|VOL_LOW|ATR_LOW|FAR_MA20,13,3.06,63.83,2026-07-14 09:17:56
WEAK,WEAK|BOTTOM|WAIT|RSI_MID|RS_STRONG|VOL_LOW|ATR_LOW|ABOVE_MA20,76,15.62,63.82,2026-07-14 09:17:56
WEAK,WEAK|BOTTOM|BUY NOW|RSI_MID_HIGH|RS_OK|VOL_OK|ATR_LOW|BELOW_MA20,59,12.53,63.82,2026-07-14 09:17:56
POSITIVE,POSITIVE|BOTTOM|SKIP|RSI_MID|RS_BAD|VOL_OK|ATR_LOW|ABOVE_MA20,18,3.61,63.79,2026-07-14 09:17:55
SIDEWAY,SIDEWAY|BOTTOM|BUY NOW|RSI_LOW|RS_BAD|VOL_LOW|ATR_OK|BELOW_MA20,15,3.05,63.79,2026-07-14 09:17:56
DOWNTREND,DOWNTREND|MOMENTUM|WAIT|RSI_HIGH|RS_STRONG|VOL_OK|ATR_LOW|ABOVE_MA20,111,22.43,63.76,2026-07-14 09:17:55
DOWNTREND,DOWNTREND|MOMENTUM_WATCH|WATCHLIST|RSI_HIGH|RS_STRONG|VOL_LOW|ATR_LOW|FAR_MA20,12,2.47,63.72,2026-07-14 09:17:55
POSITIVE,POSITIVE|BOTTOM|BUY NOW|RSI_LOW|RS_WEAK|VOL_LOW|ATR_OK|BELOW_MA20,26,5.23,63.71,2026-07-14 09:17:55
SIDEWAY,SIDEWAY|BOTTOM_WATCH|SKIP|RSI_MID|RS_BAD|VOL_LOW|ATR_LOW|ABOVE_MA20,44,9.05,63.7,2026-07-14 09:17:56
POSITIVE,POSITIVE|MOMENTUM_WATCH|SKIP|RSI_MID_HIGH|RS_STRONG|VOL_LOW|ATR_LOW|ABOVE_MA20,305,64.52,63.66,2026-07-14 09:17:56
DOWNTREND,DOWNTREND|MOMENTUM|WATCHLIST|RSI_HIGH|RS_STRONG|VOL_OK|ATR_LOW|FAR_MA20,12,2.45,63.64,2026-07-14 09:17:55
WEAK,WEAK|BOTTOM|BUY NOW|RSI_LOW|RS_STRONG|VOL_LOW|ATR_OK|BELOW_MA20,11,2.44,63.61,2026-07-14 09:17:56
WEAK,WEAK|BOTTOM|BUY NOW|RSI_LOW|RS_STRONG|VOL_LOW|ATR_LOW|ABOVE_MA20,88,19.01,63.59,2026-07-14 09:17:56
SIDEWAY,SIDEWAY|BOTTOM|SKIP|RSI_MID_HIGH|RS_WEAK|VOL_LOW|ATR_LOW|ABOVE_MA20,100,21.09,63.58,2026-07-14 09:17:56
WEAK,WEAK|MOMENTUM|BUY NOW|RSI_MID_HIGH|RS_STRONG|VOL_LOW|ATR_LOW|FAR_MA20,40,8.15,63.58,2026-07-14 09:17:56
WEAK,WEAK|MOMENTUM_WATCH|WATCHLIST|RSI_MID_HIGH|RS_STRONG|VOL_LOW|ATR_OK|ABOVE_MA20,27,5.84,63.56,2026-07-14 09:17:56
DOWNTREND,DOWNTREND|BOTTOM|WAIT|RSI_MID_HIGH|RS_STRONG|VOL_OK|ATR_LOW|ABOVE_MA20,12,2.51,63.56,2026-07-14 09:17:55
POSITIVE,POSITIVE|MOMENTUM_WATCH|SKIP|RSI_HIGH|RS_STRONG|VOL_LOW|ATR_LOW|ABOVE_MA20,212,44.24,63.55,2026-07-14 09:17:56
WEAK,WEAK|BOTTOM|WAIT|RSI_LOW|RS_BAD|VOL_LOW|ATR_LOW|BELOW_MA20,77,16.85,63.55,2026-07-14 09:17:56
WEAK,WEAK|BOTTOM|SKIP|RSI_MID_HIGH|RS_OK|VOL_LOW|ATR_LOW|ABOVE_MA20,79,17.01,63.54,2026-07-14 09:17:56
WEAK,WEAK|BOTTOM|BUY NOW|RSI_MID|RS_STRONG|VOL_OK|ATR_LOW|BELOW_MA20,106,22.64,63.53,2026-07-14 09:17:56
WEAK,WEAK|BOTTOM|BUY NOW|RSI_LOW|RS_BAD|VOL_LOW|ATR_OK|BELOW_MA20,23,4.6,63.49,2026-07-14 09:17:56
WEAK,WEAK|BOTTOM|SKIP|RSI_MID|RS_BAD|VOL_LOW|ATR_LOW|ABOVE_MA20,23,4.6,63.49,2026-07-14 09:17:56
WEAK,WEAK|BOTTOM_WATCH|SKIP|RSI_MID|RS_WEAK|VOL_LOW|ATR_OK|BELOW_MA20,12,2.4,63.46,2026-07-14 09:17:56
WEAK,WEAK|BOTTOM|BUY NOW|RSI_LOW|RS_WEAK|VOL_STRONG|ATR_OK|BELOW_MA20,12,2.4,63.46,2026-07-14 09:17:56
WEAK,WEAK|BOTTOM|BUY NOW|RSI_MID|RS_STRONG|VOL_LOW|ATR_OK|BELOW_MA20,12,2.4,63.46,2026-07-14 09:17:56
WEAK,WEAK|BOTTOM|SKIP|RSI_WEAK|RS_BAD|VOL_STRONG|ATR_LOW|BELOW_MA20,74,15.09,63.37,2026-07-14 09:17:56
WEAK,WEAK|MOMENTUM_WATCH|WATCHLIST|RSI_MID_HIGH|RS_STRONG|VOL_OK|ATR_LOW|ABOVE_MA20,334,69.38,63.36,2026-07-14 09:17:56
DOWNTREND,DOWNTREND|MOMENTUM|BUY NOW|RSI_MID_HIGH|RS_STRONG|VOL_STRONG|ATR_LOW|FAR_MA20,41,8.44,63.36,2026-07-14 09:17:55
POSITIVE,POSITIVE|MOMENTUM_WATCH|SKIP|RSI_MID_HIGH|RS_STRONG|VOL_LOW|ATR_OK|ABOVE_MA20,33,7.33,63.36,2026-07-14 09:17:56
DOWNTREND,DOWNTREND|BOTTOM|BUY NOW|RSI_LOW|RS_STRONG|VOL_STRONG|ATR_LOW|ABOVE_MA20,13,2.92,63.36,2026-07-14 09:17:55
POSITIVE,POSITIVE|BOTTOM|BUY NOW|RSI_MID|RS_OK|VOL_OK|ATR_LOW|ABOVE_MA20,217,45.14,63.35,2026-07-14 09:17:55
POSITIVE,POSITIVE|BOTTOM|BUY NOW|RSI_MID_HIGH|RS_WEAK|VOL_STRONG|ATR_LOW|ABOVE_MA20,47,9.98,63.29,2026-07-14 09:17:55
WEAK,WEAK|BOTTOM|BUY NOW|RSI_LOW|RS_STRONG|VOL_STRONG|ATR_LOW|ABOVE_MA20,25,5.46,63.27,2026-07-14 09:17:56
DOWNTREND,DOWNTREND|BOTTOM_WATCH|SKIP|RSI_WEAK|RS_BAD|VOL_OK|ATR_OK|BELOW_MA20,9,1.8,63.27,2026-07-14 09:17:55
POSITIVE,POSITIVE|BOTTOM|BUY NOW|RSI_MID|RS_OK|VOL_LOW|ATR_OK|BELOW_MA20,9,1.8,63.27,2026-07-14 09:17:55
POSITIVE,POSITIVE|BOTTOM|SKIP|RSI_LOW|RS_OK|VOL_LOW|ATR_OK|BELOW_MA20,30,6.66,63.17,2026-07-14 09:17:55
WEAK,WEAK|BOTTOM_WATCH|WATCHLIST|RSI_WEAK|RS_WEAK|VOL_STRONG|ATR_LOW|BELOW_MA20,261,55.37,63.16,2026-07-14 09:17:56
POSITIVE,POSITIVE|MOMENTUM|BUY NOW|RSI_MID_HIGH|RS_STRONG|VOL_STRONG|ATR_OK|FAR_MA20,17,3.4,63.16,2026-07-14 09:17:56
SIDEWAY,SIDEWAY|MOMENTUM|BUY NOW|RSI_MID_HIGH|RS_STRONG|VOL_STRONG|ATR_OK|FAR_MA20,17,3.4,63.16,2026-07-14 09:17:56
POSITIVE,POSITIVE|MOMENTUM|WAIT|RSI_HIGH|RS_OK|VOL_OK|ATR_LOW|ABOVE_MA20,246,51.59,63.14,2026-07-14 09:17:56
POSITIVE,POSITIVE|MOMENTUM|BUY NOW|RSI_MID_HIGH|RS_STRONG|VOL_LOW|ATR_LOW|FAR_MA20,39,7.95,63.12,2026-07-14 09:17:56
SIDEWAY,SIDEWAY|MOMENTUM|BUY NOW|RSI_MID_HIGH|RS_STRONG|VOL_LOW|ATR_LOW|FAR_MA20,39,7.95,63.12,2026-07-14 09:17:56
POSITIVE,POSITIVE|MOMENTUM_WATCH|WATCHLIST|RSI_MID|RS_WEAK|VOL_LOW|ATR_LOW|ABOVE_MA20,31,6.64,63.12,2026-07-14 09:17:56
DOWNTREND,DOWNTREND|BOTTOM|WAIT|RSI_MID|RS_OK|VOL_LOW|ATR_LOW|ABOVE_MA20,60,12.41,63.09,2026-07-14 09:17:55
POSITIVE,POSITIVE|BOTTOM|BUY NOW|RSI_MID|RS_OK|VOL_LOW|ATR_LOW|ABOVE_MA20,250,53.31,63.08,2026-07-14 09:17:55
WEAK,WEAK|BOTTOM|BUY NOW|RSI_LOW|RS_OK|VOL_LOW|ATR_OK|BELOW_MA20,25,5.37,63.04,2026-07-14 09:17:56
DOWNTREND,DOWNTREND|MOMENTUM|WATCHLIST|RSI_HIGH|RS_STRONG|VOL_STRONG|ATR_LOW|ABOVE_MA20,50,10.09,63.03,2026-07-14 09:17:55
SIDEWAY,SIDEWAY|MOMENTUM_WATCH|WATCHLIST|RSI_MID_HIGH|RS_STRONG|VOL_LOW|ATR_OK|ABOVE_MA20,26,5.64,63.03,2026-07-14 09:17:56
WEAK,WEAK|BOTTOM|BUY NOW|RSI_MID_HIGH|RS_STRONG|VOL_OK|ATR_LOW|ABOVE_MA20,101,21.97,62.98,2026-07-14 09:17:56
SIDEWAY,SIDEWAY|BOTTOM|BUY NOW|RSI_MID|RS_OK|VOL_OK|ATR_LOW|ABOVE_MA20,297,64.03,62.96,2026-07-14 09:17:56
WEAK,WEAK|BOTTOM|SKIP|RSI_LOW|RS_WEAK|VOL_LOW|ATR_HIGH|BELOW_MA20,14,2.8,62.96,2026-07-14 09:17:56
WEAK,WEAK|MOMENTUM_WATCH|WAIT|RSI_HIGH|RS_STRONG|VOL_OK|ATR_LOW|ABOVE_MA20,302,61.88,62.94,2026-07-14 09:17:56
WEAK,WEAK|BOTTOM|WAIT|RSI_MID|RS_STRONG|VOL_STRONG|ATR_LOW|ABOVE_MA20,50,10.37,62.94,2026-07-14 09:17:56
WEAK,WEAK|BOTTOM|BUY NOW|RSI_MID|RS_STRONG|VOL_LOW|ATR_OK|ABOVE_MA20,18,3.86,62.91,2026-07-14 09:17:56
POSITIVE,POSITIVE|MOMENTUM|BUY NOW|RSI_MID_HIGH|RS_STRONG|VOL_OK|ATR_LOW|ABOVE_MA20,813,167.39,62.87,2026-07-14 09:17:56
WEAK,WEAK|MOMENTUM_WATCH|WATCHLIST|RSI_MID_HIGH|RS_WEAK|VOL_LOW|ATR_LOW|ABOVE_MA20,60,12.05,62.85,2026-07-14 09:17:56
POSITIVE,POSITIVE|BOTTOM|SKIP|RSI_MID|RS_OK|VOL_LOW|ATR_LOW|ABOVE_MA20,168,35.89,62.84,2026-07-14 09:17:55
SIDEWAY,SIDEWAY|MOMENTUM_WATCH|SKIP|RSI_MID_HIGH|RS_STRONG|VOL_LOW|ATR_LOW|ABOVE_MA20,453,97.22,62.81,2026-07-14 09:17:56
POSITIVE,POSITIVE|BOTTOM|SKIP|RSI_MID_HIGH|RS_WEAK|VOL_LOW|ATR_LOW|ABOVE_MA20,107,22.44,62.78,2026-07-14 09:17:55
SIDEWAY,SIDEWAY|MOMENTUM|WAIT|RSI_HIGH|RS_OK|VOL_OK|ATR_LOW|ABOVE_MA20,197,42.11,62.77,2026-07-14 09:17:56
WEAK,WEAK|BOTTOM|SKIP|RSI_LOW|RS_WEAK|VOL_LOW|ATR_OK|BELOW_MA20,76,15.28,62.73,2026-07-14 09:17:56
WEAK,WEAK|BOTTOM_WATCH|SKIP|RSI_MID_HIGH|RS_STRONG|VOL_LOW|ATR_LOW|BELOW_MA20,19,3.8,62.71,2026-07-14 09:17:56
SIDEWAY,SIDEWAY|BOTTOM|BUY NOW|RSI_MID|RS_STRONG|VOL_LOW|ATR_OK|ABOVE_MA20,15,3.26,62.71,2026-07-14 09:17:56
POSITIVE,POSITIVE|BOTTOM|SKIP|RSI_LOW|RS_BAD|VOL_LOW|ATR_HIGH|BELOW_MA20,19,3.8,62.69,2026-07-14 09:17:55
DOWNTREND,DOWNTREND|BOTTOM_WATCH|WATCHLIST|RSI_WEAK|RS_BAD|VOL_STRONG|ATR_LOW|BELOW_MA20,18,3.79,62.68,2026-07-14 09:17:55
WEAK,WEAK|BOTTOM|SKIP|RSI_MID|RS_BAD|VOL_LOW|ATR_LOW|BELOW_MA20,132,26.86,62.67,2026-07-14 09:17:56
SIDEWAY,SIDEWAY|BOTTOM|BUY NOW|RSI_LOW|RS_STRONG|VOL_LOW|ATR_OK|BELOW_MA20,7,1.64,62.66,2026-07-14 09:17:56
SIDEWAY,SIDEWAY|BOTTOM|BUY NOW|RSI_MID|RS_STRONG|VOL_OK|ATR_LOW|BELOW_MA20,31,6.83,62.65,2026-07-14 09:17:56
POSITIVE,POSITIVE|MOMENTUM|WAIT|RSI_HIGH|RS_STRONG|VOL_OK|ATR_LOW|ABOVE_MA20,248,50.72,62.56,2026-07-14 09:17:56
POSITIVE,POSITIVE|MOMENTUM|SKIP|RSI_MID_HIGH|RS_STRONG|VOL_LOW|ATR_OK|ABOVE_MA20,54,11.46,62.56,2026-07-14 09:17:56
POSITIVE,POSITIVE|BOTTOM|BUY NOW|RSI_MID_HIGH|RS_OK|VOL_OK|ATR_LOW|ABOVE_MA20,110,23.8,62.5,2026-07-14 09:17:55
WEAK,WEAK|MOMENTUM_WATCH|WATCHLIST|RSI_HIGH|RS_STRONG|VOL_OK|ATR_LOW|ABOVE_MA20,80,16.0,62.5,2026-07-14 09:17:56
SIDEWAY,SIDEWAY|BOTTOM|WAIT|RSI_MID|RS_STRONG|VOL_OK|ATR_LOW|ABOVE_MA20,16,3.2,62.5,2026-07-14 09:17:56
POSITIVE,POSITIVE|BOTTOM|BUY NOW|RSI_MID|RS_STRONG|VOL_OK|ATR_LOW|BELOW_MA20,13,3.0,62.5,2026-07-14 09:17:55
DOWNTREND,DOWNTREND|MOMENTUM|BUY NOW|RSI_MID_HIGH|RS_STRONG|VOL_LOW|ATR_OK|FAR_MA20,8,1.6,62.5,2026-07-14 09:17:55
POSITIVE,POSITIVE|BOTTOM|BUY NOW|RSI_MID|RS_STRONG|VOL_OK|ATR_OK|BELOW_MA20,8,1.6,62.5,2026-07-14 09:17:55
WEAK,WEAK|BOTTOM|BUY NOW|RSI_MID_HIGH|RS_STRONG|VOL_STRONG|ATR_LOW|ABOVE_MA20,8,1.6,62.5,2026-07-14 09:17:56
WEAK,WEAK|BOTTOM|SKIP|RSI_LOW|RS_BAD|VOL_LOW|ATR_LOW|ABOVE_MA20,8,1.6,62.5,2026-07-14 09:17:56
DOWNTREND,DOWNTREND|MOMENTUM_WATCH|WAIT|RSI_HIGH|RS_STRONG|VOL_OK|ATR_LOW|ABOVE_MA20,91,18.71,62.46,2026-07-14 09:17:55
WEAK,WEAK|BOTTOM|SKIP|RSI_LOW|RS_BAD|VOL_OK|ATR_LOW|BELOW_MA20,210,43.47,62.44,2026-07-14 09:17:56
POSITIVE,POSITIVE|BOTTOM_WATCH|SKIP|RSI_MID|RS_STRONG|VOL_LOW|ATR_OK|BELOW_MA20,9,2.12,62.43,2026-07-14 09:17:55
POSITIVE,POSITIVE|BOTTOM|BUY NOW|RSI_LOW|RS_STRONG|VOL_STRONG|ATR_LOW|ABOVE_MA20,7,1.57,62.39,2026-07-14 09:17:55
POSITIVE,POSITIVE|MOMENTUM_WATCH|WATCHLIST|RSI_HIGH|RS_STRONG|VOL_LOW|ATR_LOW|FAR_MA20,26,5.27,62.33,2026-07-14 09:17:56
WEAK,WEAK|MOMENTUM_WATCH|SKIP|RSI_HIGH|RS_STRONG|VOL_LOW|ATR_LOW|ABOVE_MA20,297,62.39,62.3,2026-07-14 09:17:56
SIDEWAY,SIDEWAY|BOTTOM|BUY NOW|RSI_MID_HIGH|RS_OK|VOL_OK|ATR_LOW|ABOVE_MA20,120,26.24,62.3,2026-07-14 09:17:56
POSITIVE,POSITIVE|MOMENTUM|SKIP|RSI_HIGH|RS_OK|VOL_LOW|ATR_LOW|ABOVE_MA20,40,8.2,62.29,2026-07-14 09:17:56
WEAK,WEAK|BOTTOM|WAIT|RSI_MID|RS_OK|VOL_LOW|ATR_LOW|ABOVE_MA20,261,55.06,62.27,2026-07-14 09:17:56
POSITIVE,POSITIVE|BOTTOM_WATCH|SKIP|RSI_MID|RS_OK|VOL_LOW|ATR_OK|BELOW_MA20,17,4.81,62.27,2026-07-14 09:17:55
POSITIVE,POSITIVE|MOMENTUM|SKIP|RSI_HIGH|RS_STRONG|VOL_OK|ATR_LOW|ABOVE_MA20,43,8.71,62.26,2026-07-14 09:17:56
DOWNTREND,DOWNTREND|BOTTOM|SKIP|RSI_LOW|RS_BAD|VOL_STRONG|ATR_LOW|BELOW_MA20,13,2.6,62.26,2026-07-14 09:17:55
SIDEWAY,SIDEWAY|MOMENTUM_WATCH|SKIP|RSI_MID_HIGH|RS_WEAK|VOL_LOW|ATR_LOW|ABOVE_MA20,217,48.89,62.25,2026-07-14 09:17:56
SIDEWAY,SIDEWAY|BOTTOM|BUY NOW|RSI_MID|RS_BAD|VOL_STRONG|ATR_LOW|BELOW_MA20,11,2.59,62.24,2026-07-14 09:17:56
WEAK,WEAK|MOMENTUM|WAIT|RSI_MID|RS_STRONG|VOL_STRONG|ATR_LOW|ABOVE_MA20,43,8.92,62.2,2026-07-14 09:17:56
WEAK,WEAK|BOTTOM|BUY NOW|RSI_MID_HIGH|RS_OK|VOL_OK|ATR_LOW|ABOVE_MA20,137,29.99,62.15,2026-07-14 09:17:56
POSITIVE,POSITIVE|MOMENTUM|WATCHLIST|RSI_HIGH|RS_OK|VOL_OK|ATR_LOW|ABOVE_MA20,29,5.84,62.13,2026-07-14 09:17:56
WEAK,WEAK|MOMENTUM|WAIT|RSI_MID_HIGH|RS_STRONG|VOL_STRONG|ATR_LOW|ABOVE_MA20,189,40.02,62.11,2026-07-14 09:17:56
WEAK,WEAK|MOMENTUM|WAIT|RSI_MID|RS_STRONG|VOL_OK|ATR_LOW|ABOVE_MA20,49,10.3,62.11,2026-07-14 09:17:56
SIDEWAY,SIDEWAY|BOTTOM|WAIT|RSI_MID|RS_STRONG|VOL_LOW|ATR_LOW|ABOVE_MA20,20,4.14,62.11,2026-07-14 09:17:56
POSITIVE,POSITIVE|MOMENTUM|BUY NOW|RSI_MID_HIGH|RS_STRONG|VOL_STRONG|ATR_LOW|ABOVE_MA20,881,183.94,62.1,2026-07-14 09:17:56
DOWNTREND,DOWNTREND|BOTTOM|BUY NOW|RSI_LOW|RS_BAD|VOL_OK|ATR_LOW|BELOW_MA20,18,3.6,62.07,2026-07-14 09:17:55
WEAK,WEAK|MOMENTUM|BUY NOW|RSI_MID_HIGH|RS_STRONG|VOL_STRONG|ATR_OK|FAR_MA20,18,3.6,62.07,2026-07-14 09:17:56
POSITIVE,POSITIVE|BOTTOM|SKIP|RSI_MID|RS_WEAK|VOL_LOW|ATR_LOW|ABOVE_MA20,266,56.86,62.04,2026-07-14 09:17:55
SIDEWAY,SIDEWAY|BOTTOM|SKIP|RSI_LOW|RS_BAD|VOL_LOW|ATR_HIGH|BELOW_MA20,18,3.6,62.04,2026-07-14 09:17:56
SIDEWAY,SIDEWAY|MOMENTUM|BUY NOW|RSI_MID|RS_OK|VOL_STRONG|ATR_LOW|ABOVE_MA20,36,7.8,62.03,2026-07-14 09:17:56
POSITIVE,POSITIVE|BOTTOM|BUY NOW|RSI_LOW|RS_BAD|VOL_OK|ATR_OK|BELOW_MA20,10,2.01,62.03,2026-07-14 09:17:55
POSITIVE,POSITIVE|BOTTOM_WATCH|SKIP|RSI_MID|RS_BAD|VOL_LOW|ATR_LOW|ABOVE_MA20,75,15.77,62.01,2026-07-14 09:17:55
SIDEWAY,SIDEWAY|BOTTOM|SKIP|RSI_MID|RS_OK|VOL_LOW|ATR_LOW|ABOVE_MA20,223,47.38,62.0,2026-07-14 09:17:56
DOWNTREND,DOWNTREND|MOMENTUM_WATCH|SKIP|RSI_HIGH|RS_STRONG|VOL_OK|ATR_LOW|ABOVE_MA20,10,2.0,62.0,2026-07-14 09:17:55
POSITIVE,POSITIVE|BOTTOM|SKIP|RSI_LOW|RS_WEAK|VOL_LOW|ATR_HIGH|BELOW_MA20,10,2.0,62.0,2026-07-14 09:17:55
WEAK,WEAK|BOTTOM_WATCH|SKIP|RSI_MID_HIGH|RS_BAD|VOL_LOW|ATR_LOW|ABOVE_MA20,10,2.0,62.0,2026-07-14 09:17:56
SIDEWAY,SIDEWAY|BOTTOM|SKIP|RSI_MID|RS_BAD|VOL_OK|ATR_LOW|ABOVE_MA20,10,2.01,61.99,2026-07-14 09:17:56
WEAK,WEAK|MOMENTUM|WAIT|RSI_MID_HIGH|RS_STRONG|VOL_LOW|ATR_LOW|ABOVE_MA20,881,184.59,61.97,2026-07-14 09:17:56
DOWNTREND,DOWNTREND|BOTTOM|BUY NOW|RSI_MID|RS_WEAK|VOL_LOW|ATR_LOW|ABOVE_MA20,23,4.62,61.95,2026-07-14 09:17:55
POSITIVE,POSITIVE|MOMENTUM|BUY NOW|RSI_MID_HIGH|RS_OK|VOL_STRONG|ATR_LOW|FAR_MA20,12,3.62,61.94,2026-07-14 09:17:56
DOWNTREND,DOWNTREND|BOTTOM_WATCH|SKIP|RSI_WEAK|RS_STRONG|VOL_LOW|ATR_LOW|BELOW_MA20,12,2.51,61.94,2026-07-14 09:17:55
WEAK,WEAK|BOTTOM|BUY NOW|RSI_MID_HIGH|RS_OK|VOL_LOW|ATR_LOW|ABOVE_MA20,170,36.09,61.93,2026-07-14 09:17:56
POSITIVE,POSITIVE|BOTTOM|WAIT|RSI_MID_HIGH|RS_WEAK|VOL_OK|ATR_LOW|BELOW_MA20,9,2.62,61.93,2026-07-14 09:17:55
SIDEWAY,SIDEWAY|BOTTOM|WAIT|RSI_MID_HIGH|RS_WEAK|VOL_OK|ATR_LOW|BELOW_MA20,9,2.62,61.93,2026-07-14 09:17:56
DOWNTREND,DOWNTREND|MOMENTUM|WAIT|RSI_MID_HIGH|RS_STRONG|VOL_LOW|ATR_LOW|ABOVE_MA20,256,54.18,61.88,2026-07-14 09:17:55
DOWNTREND,DOWNTREND|BOTTOM|BUY NOW|RSI_LOW|RS_WEAK|VOL_LOW|ATR_OK|BELOW_MA20,15,3.0,61.82,2026-07-14 09:17:55
POSITIVE,POSITIVE|BOTTOM_WATCH|SKIP|RSI_MID|RS_STRONG|VOL_LOW|ATR_OK|ABOVE_MA20,6,1.43,61.82,2026-07-14 09:17:55
POSITIVE,POSITIVE|BOTTOM|SKIP|RSI_WEAK|RS_BAD|VOL_STRONG|ATR_LOW|BELOW_MA20,97,19.91,61.81,2026-07-14 09:17:55
WEAK,WEAK|BOTTOM|SKIP|RSI_LOW|RS_BAD|VOL_LOW|ATR_HIGH|BELOW_MA20,15,3.0,61.79,2026-07-14 09:17:56
POSITIVE,POSITIVE|BOTTOM|SKIP|RSI_LOW|RS_STRONG|VOL_LOW|ATR_LOW|ABOVE_MA20,37,8.16,61.76,2026-07-14 09:17:55
SIDEWAY,SIDEWAY|MOMENTUM_WATCH|WATCHLIST|RSI_HIGH|RS_STRONG|VOL_LOW|ATR_LOW|FAR_MA20,25,5.07,61.76,2026-07-14 09:17:56
WEAK,WEAK|MOMENTUM_WATCH|WATCHLIST|RSI_HIGH|RS_STRONG|VOL_LOW|ATR_LOW|FAR_MA20,25,5.07,61.76,2026-07-14 09:17:56
SIDEWAY,SIDEWAY|BOTTOM|WAIT|RSI_LOW|RS_BAD|VOL_LOW|ATR_LOW|BELOW_MA20,121,27.09,61.74,2026-07-14 09:17:56
SIDEWAY,SIDEWAY|MOMENTUM_WATCH|WATCHLIST|RSI_MID|RS_STRONG|VOL_OK|ATR_LOW|ABOVE_MA20,35,7.15,61.72,2026-07-14 09:17:56
WEAK,WEAK|WATCH|SKIP|RSI_MID_HIGH|RS_WEAK|VOL_LOW|ATR_LOW|ABOVE_MA20,30,6.1,61.71,2026-07-14 09:17:56
POSITIVE,POSITIVE|BOTTOM_WATCH|SKIP|RSI_WEAK|RS_BAD|VOL_OK|ATR_HIGH|BELOW_MA20,7,1.4,61.71,2026-07-14 09:17:55
SIDEWAY,SIDEWAY|BOTTOM_WATCH|SKIP|RSI_WEAK|RS_BAD|VOL_OK|ATR_HIGH|BELOW_MA20,7,1.4,61.71,2026-07-14 09:17:56
WEAK,WEAK|BOTTOM_WATCH|SKIP|RSI_WEAK|RS_BAD|VOL_OK|ATR_HIGH|BELOW_MA20,7,1.4,61.71,2026-07-14 09:17:56
DOWNTREND,DOWNTREND|BOTTOM|BUY NOW|RSI_MID|RS_STRONG|VOL_OK|ATR_OK|BELOW_MA20,7,1.4,61.7,2026-07-14 09:17:55
DOWNTREND,DOWNTREND|MOMENTUM_WATCH|SKIP|RSI_HIGH|RS_STRONG|VOL_LOW|ATR_OK|FAR_MA20,7,1.4,61.7,2026-07-14 09:17:55
POSITIVE,POSITIVE|BOTTOM_WATCH|SKIP|RSI_WEAK|RS_BAD|VOL_STRONG|ATR_HIGH|BELOW_MA20,7,1.4,61.7,2026-07-14 09:17:55
POSITIVE,POSITIVE|MOMENTUM_WATCH|SKIP|RSI_MID_HIGH|RS_STRONG|VOL_LOW|ATR_OK|FAR_MA20,7,1.4,61.7,2026-07-14 09:17:56
SIDEWAY,SIDEWAY|BOTTOM_WATCH|SKIP|RSI_WEAK|RS_BAD|VOL_STRONG|ATR_HIGH|BELOW_MA20,7,1.4,61.7,2026-07-14 09:17:56
SIDEWAY,SIDEWAY|BOTTOM_WATCH|WATCHLIST|RSI_MID|RS_BAD|VOL_LOW|ATR_OK|BELOW_MA20,7,1.4,61.7,2026-07-14 09:17:56
SIDEWAY,SIDEWAY|BOTTOM|BUY NOW|RSI_MID|RS_STRONG|VOL_OK|ATR_OK|ABOVE_MA20,7,1.4,61.7,2026-07-14 09:17:56
SIDEWAY,SIDEWAY|MOMENTUM_WATCH|SKIP|RSI_MID_HIGH|RS_STRONG|VOL_LOW|ATR_OK|FAR_MA20,7,1.4,61.7,2026-07-14 09:17:56
WEAK,WEAK|BOTTOM_WATCH|SKIP|RSI_WEAK|RS_BAD|VOL_STRONG|ATR_HIGH|BELOW_MA20,7,1.4,61.7,2026-07-14 09:17:56
WEAK,WEAK|BOTTOM|BUY NOW|RSI_MID|RS_STRONG|VOL_OK|ATR_OK|ABOVE_MA20,7,1.4,61.7,2026-07-14 09:17:56
WEAK,WEAK|MOMENTUM_WATCH|SKIP|RSI_MID_HIGH|RS_STRONG|VOL_LOW|ATR_OK|FAR_MA20,7,1.4,61.7,2026-07-14 09:17:56
DOWNTREND,DOWNTREND|BOTTOM|BUY NOW|RSI_MID_HIGH|RS_STRONG|VOL_OK|ATR_LOW|BELOW_MA20,12,2.96,61.68,2026-07-14 09:17:55
DOWNTREND,DOWNTREND|MOMENTUM|BUY NOW|RSI_MID|RS_STRONG|VOL_STRONG|ATR_LOW|ABOVE_MA20,11,2.42,61.6,2026-07-14 09:17:55
SIDEWAY,SIDEWAY|MOMENTUM|SKIP|RSI_MID_HIGH|RS_STRONG|VOL_LOW|ATR_LOW|FAR_MA20,12,2.42,61.6,2026-07-14 09:17:56
WEAK,WEAK|MOMENTUM|SKIP|RSI_MID_HIGH|RS_STRONG|VOL_LOW|ATR_LOW|FAR_MA20,12,2.42,61.6,2026-07-14 09:17:56
DOWNTREND,DOWNTREND|MOMENTUM|BUY NOW|RSI_MID_HIGH|RS_STRONG|VOL_STRONG|ATR_LOW|ABOVE_MA20,598,124.71,61.58,2026-07-14 09:17:55
POSITIVE,POSITIVE|BOTTOM_WATCH|SKIP|RSI_MID|RS_BAD|VOL_LOW|ATR_LOW|BELOW_MA20,365,79.04,61.58,2026-07-14 09:17:55
POSITIVE,POSITIVE|BOTTOM|WAIT|RSI_MID|RS_OK|VOL_LOW|ATR_LOW|ABOVE_MA20,137,28.65,61.58,2026-07-14 09:17:55
DOWNTREND,DOWNTREND|BOTTOM|BUY NOW|RSI_MID|RS_OK|VOL_STRONG|ATR_LOW|BELOW_MA20,83,17.66,61.57,2026-07-14 09:17:55
POSITIVE,POSITIVE|MOMENTUM|WAIT|RSI_HIGH|RS_STRONG|VOL_OK|ATR_OK|FAR_MA20,12,2.4,61.54,2026-07-14 09:17:56
SIDEWAY,SIDEWAY|MOMENTUM|WAIT|RSI_HIGH|RS_STRONG|VOL_OK|ATR_OK|FAR_MA20,12,2.4,61.54,2026-07-14 09:17:56
WEAK,WEAK|MOMENTUM|WAIT|RSI_HIGH|RS_STRONG|VOL_OK|ATR_OK|FAR_MA20,12,2.4,61.54,2026-07-14 09:17:56
DOWNTREND,DOWNTREND|MOMENTUM|WAIT|RSI_HIGH|RS_STRONG|VOL_STRONG|ATR_LOW|ABOVE_MA20,196,39.99,61.48,2026-07-14 09:17:55
DOWNTREND,DOWNTREND|MOMENTUM|BUY NOW|RSI_MID_HIGH|RS_STRONG|VOL_LOW|ATR_OK|ABOVE_MA20,6,1.35,61.48,2026-07-14 09:17:55
SIDEWAY,SIDEWAY|MOMENTUM_WATCH|WAIT|RSI_HIGH|RS_STRONG|VOL_LOW|ATR_LOW|ABOVE_MA20,288,58.99,61.46,2026-07-14 09:17:56
WEAK,WEAK|BOTTOM_WATCH|WATCHLIST|RSI_MID|RS_STRONG|VOL_LOW|ATR_LOW|BELOW_MA20,62,13.9,61.45,2026-07-14 09:17:56
WEAK,WEAK|BOTTOM|SKIP|RSI_LOW|RS_STRONG|VOL_LOW|ATR_OK|BELOW_MA20,30,6.0,61.43,2026-07-14 09:17:56
POSITIVE,POSITIVE|BOTTOM|BUY NOW|RSI_MID_HIGH|RS_OK|VOL_LOW|ATR_LOW|ABOVE_MA20,154,32.21,61.42,2026-07-14 09:17:55
WEAK,WEAK|MOMENTUM|SKIP|RSI_MID_HIGH|RS_STRONG|VOL_LOW|ATR_OK|ABOVE_MA20,57,12.5,61.36,2026-07-14 09:17:56
DOWNTREND,DOWNTREND|BOTTOM|SKIP|RSI_WEAK|RS_BAD|VOL_STRONG|ATR_LOW|BELOW_MA20,17,3.46,61.35,2026-07-14 09:17:55
SIDEWAY,SIDEWAY|BOTTOM|WAIT|RSI_MID|RS_WEAK|VOL_LOW|ATR_LOW|ABOVE_MA20,144,31.68,61.34,2026-07-14 09:17:56
WEAK,WEAK|BOTTOM_WATCH|SKIP|RSI_MID|RS_STRONG|VOL_LOW|ATR_OK|ABOVE_MA20,8,1.83,61.34,2026-07-14 09:17:56
POSITIVE,POSITIVE|MOMENTUM|SKIP|RSI_MID_HIGH|RS_STRONG|VOL_LOW|ATR_LOW|ABOVE_MA20,561,117.33,61.33,2026-07-14 09:17:56
SIDEWAY,SIDEWAY|MOMENTUM|SKIP|RSI_MID_HIGH|RS_STRONG|VOL_LOW|ATR_OK|ABOVE_MA20,55,11.85,61.33,2026-07-14 09:17:56
SIDEWAY,SIDEWAY|BOTTOM_WATCH|SKIP|RSI_MID|RS_BAD|VOL_OK|ATR_LOW|BELOW_MA20,6,1.31,61.31,2026-07-14 09:17:56
WEAK,WEAK|BOTTOM_WATCH|WATCHLIST|RSI_MID|RS_BAD|VOL_OK|ATR_LOW|BELOW_MA20,6,1.31,61.31,2026-07-14 09:17:56
SIDEWAY,SIDEWAY|BOTTOM|BUY NOW|RSI_MID_HIGH|RS_OK|VOL_LOW|ATR_LOW|ABOVE_MA20,160,34.13,61.28,2026-07-14 09:17:56
SIDEWAY,SIDEWAY|BOTTOM_WATCH|SKIP|RSI_MID_HIGH|RS_OK|VOL_LOW|ATR_LOW|BELOW_MA20,69,15.53,61.26,2026-07-14 09:17:56
POSITIVE,POSITIVE|BOTTOM|BUY NOW|RSI_MID_HIGH|RS_STRONG|VOL_LOW|ATR_OK|BELOW_MA20,5,1.28,61.23,2026-07-14 09:17:55
SIDEWAY,SIDEWAY|BOTTOM|BUY NOW|RSI_MID_HIGH|RS_STRONG|VOL_LOW|ATR_OK|BELOW_MA20,5,1.28,61.23,2026-07-14 09:17:56
DOWNTREND,DOWNTREND|BOTTOM_WATCH|SKIP|RSI_MID_HIGH|RS_STRONG|VOL_LOW|ATR_LOW|BELOW_MA20,9,1.8,61.22,2026-07-14 09:17:55
SIDEWAY,SIDEWAY|BOTTOM|BUY NOW|RSI_MID|RS_STRONG|VOL_LOW|ATR_OK|BELOW_MA20,9,1.8,61.22,2026-07-14 09:17:56
SIDEWAY,SIDEWAY|MOMENTUM|SKIP|RSI_HIGH|RS_STRONG|VOL_STRONG|ATR_LOW|ABOVE_MA20,91,20.5,61.21,2026-07-14 09:17:56
SIDEWAY,SIDEWAY|MOMENTUM_WATCH|WATCHLIST|RSI_HIGH|RS_STRONG|VOL_OK|ATR_LOW|ABOVE_MA20,71,14.67,61.18,2026-07-14 09:17:56
POSITIVE,POSITIVE|BOTTOM|WAIT|RSI_MID_HIGH|RS_OK|VOL_OK|ATR_LOW|ABOVE_MA20,57,11.66,61.18,2026-07-14 09:17:55
POSITIVE,POSITIVE|MOMENTUM|BUY NOW|RSI_MID|RS_OK|VOL_STRONG|ATR_LOW|ABOVE_MA20,30,6.06,61.18,2026-07-14 09:17:56
POSITIVE,POSITIVE|MOMENTUM|SKIP|RSI_HIGH|RS_STRONG|VOL_STRONG|ATR_LOW|ABOVE_MA20,78,17.9,61.17,2026-07-14 09:17:56
POSITIVE,POSITIVE|MOMENTUM|WAIT|RSI_HIGH|RS_OK|VOL_LOW|ATR_LOW|ABOVE_MA20,74,15.18,61.17,2026-07-14 09:17:56
SIDEWAY,SIDEWAY|BOTTOM_WATCH|WATCHLIST|RSI_MID|RS_BAD|VOL_LOW|ATR_LOW|BELOW_MA20,35,7.04,61.16,2026-07-14 09:17:56
DOWNTREND,DOWNTREND|MOMENTUM|WAIT|RSI_MID|RS_STRONG|VOL_OK|ATR_LOW|ABOVE_MA20,25,5.36,61.07,2026-07-14 09:17:55
SIDEWAY,SIDEWAY|BOTTOM|BUY NOW|RSI_MID|RS_BAD|VOL_LOW|ATR_LOW|ABOVE_MA20,19,3.82,61.07,2026-07-14 09:17:56
WEAK,WEAK|MOMENTUM_WATCH|SKIP|RSI_MID_HIGH|RS_WEAK|VOL_LOW|ATR_LOW|ABOVE_MA20,90,18.8,61.05,2026-07-14 09:17:56
POSITIVE,POSITIVE|BOTTOM|SKIP|RSI_LOW|RS_WEAK|VOL_LOW|ATR_OK|BELOW_MA20,43,8.95,61.04,2026-07-14 09:17:55
WEAK,WEAK|BOTTOM|SKIP|RSI_MID|RS_BAD|VOL_STRONG|ATR_LOW|ABOVE_MA20,5,1.24,61.03,2026-07-14 09:17:56
SIDEWAY,SIDEWAY|MOMENTUM|WAIT|RSI_MID_HIGH|RS_WEAK|VOL_STRONG|ATR_LOW|ABOVE_MA20,62,14.2,61.0,2026-07-14 09:17:56
POSITIVE,POSITIVE|BOTTOM|BUY NOW|RSI_LOW|RS_BAD|VOL_LOW|ATR_LOW|ABOVE_MA20,12,2.89,60.99,2026-07-14 09:17:55
WEAK,WEAK|MOMENTUM_WATCH|WAIT|RSI_HIGH|RS_STRONG|VOL_LOW|ATR_LOW|ABOVE_MA20,371,75.76,60.96,2026-07-14 09:17:56
POSITIVE,POSITIVE|MOMENTUM|WAIT|RSI_MID|RS_STRONG|VOL_OK|ATR_LOW|ABOVE_MA20,16,3.4,60.91,2026-07-14 09:17:56
DOWNTREND,DOWNTREND|MOMENTUM_WATCH|WATCHLIST|RSI_HIGH|RS_STRONG|VOL_OK|ATR_LOW|FAR_MA20,6,1.2,60.87,2026-07-14 09:17:55
POSITIVE,POSITIVE|BOTTOM_WATCH|WAIT|RSI_HIGH|RS_STRONG|VOL_LOW|ATR_LOW|FAR_MA20,6,1.2,60.87,2026-07-14 09:17:55
POSITIVE,POSITIVE|BOTTOM|SKIP|RSI_LOW|RS_BAD|VOL_OK|ATR_HIGH|BELOW_MA20,6,1.2,60.87,2026-07-14 09:17:55
POSITIVE,POSITIVE|MOMENTUM|SKIP|RSI_MID|RS_STRONG|VOL_LOW|ATR_LOW|ABOVE_MA20,6,1.2,60.87,2026-07-14 09:17:56
SIDEWAY,SIDEWAY|BOTTOM_WATCH|WAIT|RSI_HIGH|RS_STRONG|VOL_LOW|ATR_LOW|FAR_MA20,6,1.2,60.87,2026-07-14 09:17:56
SIDEWAY,SIDEWAY|BOTTOM|BUY NOW|RSI_LOW|RS_WEAK|VOL_STRONG|ATR_OK|BELOW_MA20,6,1.2,60.87,2026-07-14 09:17:56
SIDEWAY,SIDEWAY|BOTTOM|SKIP|RSI_LOW|RS_BAD|VOL_OK|ATR_HIGH|BELOW_MA20,6,1.2,60.87,2026-07-14 09:17:56
SIDEWAY,SIDEWAY|BOTTOM|SKIP|RSI_LOW|RS_BAD|VOL_OK|ATR_LOW|ABOVE_MA20,6,1.2,60.87,2026-07-14 09:17:56
SIDEWAY,SIDEWAY|MOMENTUM|BUY NOW|RSI_MID_HIGH|RS_OK|VOL_OK|ATR_OK|ABOVE_MA20,6,1.2,60.87,2026-07-14 09:17:56
SIDEWAY,SIDEWAY|MOMENTUM|SKIP|RSI_MID|RS_STRONG|VOL_LOW|ATR_LOW|ABOVE_MA20,6,1.2,60.87,2026-07-14 09:17:56
WEAK,WEAK|BOTTOM_WATCH|SKIP|RSI_MID|RS_STRONG|VOL_LOW|ATR_HIGH|BELOW_MA20,6,1.2,60.87,2026-07-14 09:17:56
WEAK,WEAK|BOTTOM_WATCH|WAIT|RSI_HIGH|RS_STRONG|VOL_LOW|ATR_LOW|FAR_MA20,6,1.2,60.87,2026-07-14 09:17:56
WEAK,WEAK|BOTTOM|SKIP|RSI_LOW|RS_BAD|VOL_OK|ATR_HIGH|BELOW_MA20,6,1.2,60.87,2026-07-14 09:17:56
WEAK,WEAK|MOMENTUM|BUY NOW|RSI_MID_HIGH|RS_OK|VOL_OK|ATR_OK|ABOVE_MA20,6,1.2,60.87,2026-07-14 09:17:56
WEAK,WEAK|BOTTOM_WATCH|SKIP|RSI_MID|RS_BAD|VOL_LOW|ATR_LOW|ABOVE_MA20,22,4.5,60.85,2026-07-14 09:17:56
WEAK,WEAK|BOTTOM_WATCH|SKIP|RSI_MID|RS_BAD|VOL_LOW|ATR_OK|BELOW_MA20,14,2.85,60.85,2026-07-14 09:17:56
SIDEWAY,SIDEWAY|BOTTOM|BUY NOW|RSI_MID_HIGH|RS_OK|VOL_OK|ATR_LOW|BELOW_MA20,50,10.89,60.83,2026-07-14 09:17:56
SIDEWAY,SIDEWAY|BOTTOM|SKIP|RSI_LOW|RS_BAD|VOL_LOW|ATR_LOW|BELOW_MA20,2180,487.57,60.79,2026-07-14 09:17:56
WEAK,WEAK|BOTTOM_WATCH|WATCHLIST|RSI_MID_HIGH|RS_STRONG|VOL_LOW|ATR_LOW|ABOVE_MA20,20,4.32,60.79,2026-07-14 09:17:56
POSITIVE,POSITIVE|BOTTOM|BUY NOW|RSI_MID|RS_WEAK|VOL_OK|ATR_OK|BELOW_MA20,15,3.29,60.78,2026-07-14 09:17:55
POSITIVE,POSITIVE|MOMENTUM_WATCH|SKIP|RSI_HIGH|RS_STRONG|VOL_LOW|ATR_OK|FAR_MA20,11,2.2,60.78,2026-07-14 09:17:56
SIDEWAY,SIDEWAY|MOMENTUM_WATCH|SKIP|RSI_HIGH|RS_STRONG|VOL_LOW|ATR_OK|FAR_MA20,11,2.2,60.78,2026-07-14 09:17:56
WEAK,WEAK|MOMENTUM_WATCH|SKIP|RSI_HIGH|RS_STRONG|VOL_LOW|ATR_OK|FAR_MA20,11,2.2,60.78,2026-07-14 09:17:56
SIDEWAY,SIDEWAY|BOTTOM|BUY NOW|RSI_MID|RS_BAD|VOL_OK|ATR_LOW|ABOVE_MA20,11,2.21,60.76,2026-07-14 09:17:56
WEAK,WEAK|BOTTOM|BUY NOW|RSI_MID_HIGH|RS_STRONG|VOL_LOW|ATR_OK|BELOW_MA20,7,1.68,60.76,2026-07-14 09:17:56
POSITIVE,POSITIVE|BOTTOM_WATCH|WATCHLIST|RSI_MID_HIGH|RS_WEAK|VOL_STRONG|ATR_LOW|BELOW_MA20,4,1.17,60.76,2026-07-14 09:17:55
SIDEWAY,SIDEWAY|BOTTOM_WATCH|WATCHLIST|RSI_MID_HIGH|RS_WEAK|VOL_STRONG|ATR_LOW|BELOW_MA20,4,1.17,60.76,2026-07-14 09:17:56
POSITIVE,POSITIVE|BOTTOM_WATCH|SKIP|RSI_HIGH|RS_STRONG|VOL_LOW|ATR_LOW|FAR_MA20,5,1.17,60.75,2026-07-14 09:17:55
SIDEWAY,SIDEWAY|BOTTOM_WATCH|SKIP|RSI_HIGH|RS_STRONG|VOL_LOW|ATR_LOW|FAR_MA20,5,1.17,60.75,2026-07-14 09:17:56
WEAK,WEAK|BOTTOM_WATCH|SKIP|RSI_HIGH|RS_STRONG|VOL_LOW|ATR_LOW|FAR_MA20,5,1.17,60.75,2026-07-14 09:17:56
POSITIVE,POSITIVE|MOMENTUM|WAIT|RSI_MID_HIGH|RS_WEAK|VOL_STRONG|ATR_LOW|ABOVE_MA20,110,23.61,60.73,2026-07-14 09:17:56
POSITIVE,POSITIVE|BOTTOM_WATCH|SKIP|RSI_MID|RS_BAD|VOL_OK|ATR_LOW|BELOW_MA20,18,3.71,60.73,2026-07-14 09:17:55
POSITIVE,POSITIVE|MOMENTUM|SKIP|RSI_MID_HIGH|RS_BAD|VOL_OK|ATR_LOW|ABOVE_MA20,16,3.2,60.73,2026-07-14 09:17:56
POSITIVE,POSITIVE|BOTTOM|SKIP|RSI_MID|RS_BAD|VOL_LOW|ATR_OK|BELOW_MA20,16,3.2,60.71,2026-07-14 09:17:55
SIDEWAY,SIDEWAY|BOTTOM_WATCH|SKIP|RSI_MID|RS_WEAK|VOL_LOW|ATR_OK|BELOW_MA20,16,3.2,60.71,2026-07-14 09:17:56
SIDEWAY,SIDEWAY|BOTTOM|SKIP|RSI_MID_HIGH|RS_STRONG|VOL_LOW|ATR_LOW|ABOVE_MA20,16,3.2,60.71,2026-07-14 09:17:56
WEAK,WEAK|BOTTOM|SKIP|RSI_MID|RS_OK|VOL_LOW|ATR_LOW|ABOVE_MA20,296,61.76,60.7,2026-07-14 09:17:56
WEAK,WEAK|BOTTOM|SKIP|RSI_LOW|RS_STRONG|VOL_LOW|ATR_LOW|ABOVE_MA20,95,20.07,60.69,2026-07-14 09:17:56
DOWNTREND,DOWNTREND|BOTTOM|BUY NOW|RSI_MID|RS_STRONG|VOL_OK|ATR_LOW|BELOW_MA20,56,11.93,60.68,2026-07-14 09:17:55
POSITIVE,POSITIVE|BOTTOM_WATCH|SKIP|RSI_MID_HIGH|RS_OK|VOL_LOW|ATR_LOW|BELOW_MA20,43,9.05,60.68,2026-07-14 09:17:55
POSITIVE,POSITIVE|BOTTOM|BUY NOW|RSI_MID_HIGH|RS_OK|VOL_OK|ATR_LOW|BELOW_MA20,38,7.77,60.68,2026-07-14 09:17:55
POSITIVE,POSITIVE|BOTTOM|BUY NOW|RSI_MID|RS_OK|VOL_LOW|ATR_OK|ABOVE_MA20,7,1.66,60.67,2026-07-14 09:17:55
SIDEWAY,SIDEWAY|MOMENTUM|WATCHLIST|RSI_HIGH|RS_OK|VOL_OK|ATR_LOW|ABOVE_MA20,21,4.2,60.66,2026-07-14 09:17:56
WEAK,WEAK|MOMENTUM|BUY NOW|RSI_MID|RS_OK|VOL_STRONG|ATR_LOW|ABOVE_MA20,44,9.13,60.64,2026-07-14 09:17:56
SIDEWAY,SIDEWAY|MOMENTUM_WATCH|WATCHLIST|RSI_MID_HIGH|RS_WEAK|VOL_LOW|ATR_LOW|ABOVE_MA20,216,45.17,60.63,2026-07-14 09:17:56
POSITIVE,POSITIVE|MOMENTUM|BUY NOW|RSI_MID|RS_OK|VOL_OK|ATR_LOW|ABOVE_MA20,28,5.71,60.61,2026-07-14 09:17:56
SIDEWAY,SIDEWAY|MOMENTUM|BUY NOW|RSI_MID_HIGH|RS_STRONG|VOL_OK|ATR_LOW|ABOVE_MA20,1132,237.11,60.6,2026-07-14 09:17:56
POSITIVE,POSITIVE|BOTTOM|WAIT|RSI_MID|RS_WEAK|VOL_LOW|ATR_LOW|ABOVE_MA20,204,43.11,60.59,2026-07-14 09:17:56
WEAK,WEAK|BOTTOM_WATCH|SKIP|RSI_MID_HIGH|RS_WEAK|VOL_LOW|ATR_LOW|ABOVE_MA20,73,16.08,60.59,2026-07-14 09:17:56
DOWNTREND,DOWNTREND|BOTTOM|BUY NOW|RSI_MID|RS_STRONG|VOL_LOW|ATR_LOW|BELOW_MA20,50,10.67,60.59,2026-07-14 09:17:55
WEAK,WEAK|MOMENTUM|WAIT|RSI_HIGH|RS_OK|VOL_OK|ATR_LOW|ABOVE_MA20,121,25.15,60.58,2026-07-14 09:17:56
DOWNTREND,DOWNTREND|MOMENTUM_WATCH|WATCHLIST|RSI_MID_HIGH|RS_STRONG|VOL_OK|ATR_LOW|ABOVE_MA20,121,25.27,60.57,2026-07-14 09:17:55
DOWNTREND,DOWNTREND|MOMENTUM|WAIT|RSI_MID_HIGH|RS_OK|VOL_LOW|ATR_LOW|ABOVE_MA20,48,9.74,60.55,2026-07-14 09:17:55
WEAK,WEAK|BOTTOM|BUY NOW|RSI_MID_HIGH|RS_OK|VOL_STRONG|ATR_LOW|BELOW_MA20,30,6.25,60.54,2026-07-14 09:17:56
WEAK,WEAK|BOTTOM_WATCH|SKIP|RSI_MID|RS_STRONG|VOL_LOW|ATR_OK|BELOW_MA20,19,4.85,60.54,2026-07-14 09:17:56
POSITIVE,POSITIVE|MOMENTUM_WATCH|WATCHLIST|RSI_MID|RS_STRONG|VOL_OK|ATR_LOW|ABOVE_MA20,15,3.15,60.54,2026-07-14 09:17:56
SIDEWAY,SIDEWAY|BOTTOM_WATCH|SKIP|RSI_MID|RS_STRONG|VOL_LOW|ATR_OK|ABOVE_MA20,7,1.63,60.53,2026-07-14 09:17:56
DOWNTREND,DOWNTREND|MOMENTUM|BUY NOW|RSI_MID_HIGH|RS_STRONG|VOL_OK|ATR_OK|FAR_MA20,9,2.12,60.49,2026-07-14 09:17:55
POSITIVE,POSITIVE|BOTTOM_WATCH|WATCHLIST|RSI_MID_HIGH|RS_BAD|VOL_LOW|ATR_LOW|BELOW_MA20,16,3.64,60.47,2026-07-14 09:17:55
WEAK,WEAK|BOTTOM_WATCH|WATCHLIST|RSI_MID|RS_BAD|VOL_LOW|ATR_LOW|ABOVE_MA20,8,1.62,60.47,2026-07-14 09:17:56
SIDEWAY,SIDEWAY|BOTTOM|BUY NOW|RSI_LOW|RS_WEAK|VOL_LOW|ATR_LOW|ABOVE_MA20,137,28.62,60.46,2026-07-14 09:17:56
POSITIVE,POSITIVE|BOTTOM|WAIT|RSI_WEAK|RS_WEAK|VOL_LOW|ATR_LOW|BELOW_MA20,31,7.17,60.44,2026-07-14 09:17:56
SIDEWAY,SIDEWAY|BOTTOM_WATCH|WATCHLIST|RSI_WEAK|RS_BAD|VOL_OK|ATR_LOW|BELOW_MA20,193,45.09,60.43,2026-07-14 09:17:56
SIDEWAY,SIDEWAY|BOTTOM|SKIP|RSI_MID|RS_OK|VOL_LOW|ATR_OK|BELOW_MA20,19,4.13,60.43,2026-07-14 09:17:56
DOWNTREND,DOWNTREND|MOMENTUM|SKIP|RSI_MID_HIGH|RS_WEAK|VOL_LOW|ATR_LOW|ABOVE_MA20,8,1.6,60.42,2026-07-14 09:17:55
POSITIVE,POSITIVE|BOTTOM_WATCH|WAIT|RSI_HIGH|RS_STRONG|VOL_LOW|ATR_OK|FAR_MA20,8,1.6,60.42,2026-07-14 09:17:55
POSITIVE,POSITIVE|BOTTOM|BUY NOW|RSI_LOW|RS_BAD|VOL_LOW|ATR_OK|BELOW_MA20,8,1.6,60.42,2026-07-14 09:17:55
POSITIVE,POSITIVE|BOTTOM|SKIP|RSI_LOW|RS_BAD|VOL_OK|ATR_LOW|ABOVE_MA20,8,1.6,60.42,2026-07-14 09:17:55
POSITIVE,POSITIVE|BOTTOM|WAIT|RSI_MID|RS_STRONG|VOL_OK|ATR_LOW|ABOVE_MA20,8,1.6,60.42,2026-07-14 09:17:56
SIDEWAY,SIDEWAY|BOTTOM_WATCH|WAIT|RSI_HIGH|RS_STRONG|VOL_LOW|ATR_OK|FAR_MA20,8,1.6,60.42,2026-07-14 09:17:56
WEAK,WEAK|BOTTOM_WATCH|WAIT|RSI_HIGH|RS_STRONG|VOL_LOW|ATR_OK|FAR_MA20,8,1.6,60.42,2026-07-14 09:17:56
WEAK,WEAK|BOTTOM|SKIP|RSI_LOW|RS_OK|VOL_LOW|ATR_HIGH|BELOW_MA20,8,1.6,60.42,2026-07-14 09:17:56
WEAK,WEAK|BOTTOM|SKIP|RSI_MID|RS_BAD|VOL_LOW|ATR_OK|BELOW_MA20,8,1.6,60.42,2026-07-14 09:17:56
DOWNTREND,DOWNTREND|BOTTOM|WAIT|RSI_HIGH|RS_OK|VOL_LOW|ATR_LOW|ABOVE_MA20,8,1.6,60.41,2026-07-14 09:17:55
DOWNTREND,DOWNTREND|BOTTOM|SKIP|RSI_LOW|RS_STRONG|VOL_LOW|ATR_OK|BELOW_MA20,13,2.6,60.38,2026-07-14 09:17:55
POSITIVE,POSITIVE|BOTTOM|BUY NOW|RSI_MID|RS_STRONG|VOL_LOW|ATR_OK|ABOVE_MA20,13,2.6,60.38,2026-07-14 09:17:55
SIDEWAY,SIDEWAY|BOTTOM|SKIP|RSI_MID|RS_BAD|VOL_LOW|ATR_OK|BELOW_MA20,13,2.6,60.38,2026-07-14 09:17:56
WEAK,WEAK|MOMENTUM_WATCH|SKIP|RSI_HIGH|RS_WEAK|VOL_LOW|ATR_LOW|ABOVE_MA20,13,2.6,60.38,2026-07-14 09:17:56
POSITIVE,POSITIVE|MOMENTUM|WAIT|RSI_HIGH|RS_OK|VOL_STRONG|ATR_LOW|ABOVE_MA20,398,82.51,60.37,2026-07-14 09:17:56
DOWNTREND,DOWNTREND|BOTTOM|BUY NOW|RSI_MID|RS_WEAK|VOL_OK|ATR_LOW|ABOVE_MA20,18,3.6,60.35,2026-07-14 09:17:55
POSITIVE,POSITIVE|MOMENTUM_WATCH|WAIT|RSI_HIGH|RS_STRONG|VOL_STRONG|ATR_LOW|FAR_MA20,18,3.6,60.34,2026-07-14 09:17:56
SIDEWAY,SIDEWAY|MOMENTUM_WATCH|WAIT|RSI_HIGH|RS_STRONG|VOL_STRONG|ATR_LOW|FAR_MA20,18,3.6,60.34,2026-07-14 09:17:56
WEAK,WEAK|MOMENTUM_WATCH|WAIT|RSI_HIGH|RS_STRONG|VOL_STRONG|ATR_LOW|FAR_MA20,18,3.6,60.34,2026-07-14 09:17:56
POSITIVE,POSITIVE|MOMENTUM|SKIP|RSI_MID_HIGH|RS_STRONG|VOL_LOW|ATR_OK|FAR_MA20,13,2.61,60.34,2026-07-14 09:17:56
SIDEWAY,SIDEWAY|MOMENTUM|SKIP|RSI_MID_HIGH|RS_STRONG|VOL_LOW|ATR_OK|FAR_MA20,13,2.61,60.34,2026-07-14 09:17:56
WEAK,WEAK|MOMENTUM|SKIP|RSI_MID_HIGH|RS_STRONG|VOL_LOW|ATR_OK|FAR_MA20,13,2.61,60.34,2026-07-14 09:17:56
WEAK,WEAK|BOTTOM|BUY NOW|RSI_MID|RS_STRONG|VOL_STRONG|ATR_OK|BELOW_MA20,7,1.57,60.31,2026-07-14 09:17:56
DOWNTREND,DOWNTREND|BOTTOM|BUY NOW|RSI_MID|RS_OK|VOL_OK|ATR_LOW|ABOVE_MA20,84,17.51,60.29,2026-07-14 09:17:55
SIDEWAY,SIDEWAY|BOTTOM|BUY NOW|RSI_MID_HIGH|RS_WEAK|VOL_STRONG|ATR_LOW|BELOW_MA20,22,4.65,60.29,2026-07-14 09:17:56
POSITIVE,POSITIVE|BOTTOM|BUY NOW|RSI_MID|RS_BAD|VOL_STRONG|ATR_LOW|BELOW_MA20,20,4.09,60.29,2026-07-14 09:17:55
WEAK,WEAK|BOTTOM|WAIT|RSI_MID_HIGH|RS_WEAK|VOL_LOW|ATR_LOW|ABOVE_MA20,33,6.6,60.28,2026-07-14 09:17:56
DOWNTREND,DOWNTREND|MOMENTUM|BUY NOW|RSI_MID_HIGH|RS_OK|VOL_STRONG|ATR_LOW|ABOVE_MA20,191,39.84,60.26,2026-07-14 09:17:55
SIDEWAY,SIDEWAY|BOTTOM|BUY NOW|RSI_MID_HIGH|RS_WEAK|VOL_STRONG|ATR_LOW|ABOVE_MA20,40,8.6,60.25,2026-07-14 09:17:56
POSITIVE,POSITIVE|BOTTOM|BUY NOW|RSI_MID|RS_OK|VOL_OK|ATR_LOW|BELOW_MA20,216,45.23,60.23,2026-07-14 09:17:55
SIDEWAY,SIDEWAY|MOMENTUM_WATCH|WATCHLIST|RSI_MID|RS_WEAK|VOL_OK|ATR_LOW|ABOVE_MA20,26,6.66,60.19,2026-07-14 09:17:56
DOWNTREND,DOWNTREND|MOMENTUM_WATCH|SKIP|RSI_MID_HIGH|RS_STRONG|VOL_LOW|ATR_LOW|BELOW_MA20,21,4.56,60.19,2026-07-14 09:17:55
DOWNTREND,DOWNTREND|BOTTOM|BUY NOW|RSI_LOW|RS_STRONG|VOL_LOW|ATR_OK|BELOW_MA20,4,1.04,60.19,2026-07-14 09:17:55
DOWNTREND,DOWNTREND|BOTTOM_WATCH|WATCHLIST|RSI_WEAK|RS_BAD|VOL_OK|ATR_LOW|BELOW_MA20,19,4.05,60.15,2026-07-14 09:17:55
POSITIVE,POSITIVE|BOTTOM|WAIT|RSI_MID|RS_STRONG|VOL_LOW|ATR_LOW|ABOVE_MA20,12,2.54,60.15,2026-07-14 09:17:56
WEAK,WEAK|BOTTOM_WATCH|SKIP|RSI_WEAK|RS_BAD|VOL_LOW|ATR_LOW|BELOW_MA20,933,213.12,60.13,2026-07-14 09:17:56
SIDEWAY,SIDEWAY|MOMENTUM|BUY NOW|RSI_MID_HIGH|RS_OK|VOL_STRONG|ATR_LOW|FAR_MA20,11,3.1,60.13,2026-07-14 09:17:56
POSITIVE,POSITIVE|BOTTOM|SKIP|RSI_LOW|RS_BAD|VOL_OK|ATR_LOW|BELOW_MA20,606,129.85,60.12,2026-07-14 09:17:55
DOWNTREND,DOWNTREND|BOTTOM|BUY NOW|RSI_MID_HIGH|RS_OK|VOL_OK|ATR_LOW|ABOVE_MA20,14,3.03,60.1,2026-07-14 09:17:55
WEAK,WEAK|MOMENTUM|SKIP|RSI_HIGH|RS_STRONG|VOL_STRONG|ATR_LOW|ABOVE_MA20,96,20.7,60.09,2026-07-14 09:17:56
WEAK,WEAK|MOMENTUM|SKIP|RSI_HIGH|RS_STRONG|VOL_OK|ATR_LOW|ABOVE_MA20,61,12.31,60.08,2026-07-14 09:17:56
WEAK,WEAK|MOMENTUM|BUY NOW|RSI_MID|RS_STRONG|VOL_STRONG|ATR_LOW|ABOVE_MA20,27,5.67,60.08,2026-07-14 09:17:56
DOWNTREND,DOWNTREND|MOMENTUM|SKIP|RSI_MID_HIGH|RS_STRONG|VOL_LOW|ATR_LOW|FAR_MA20,5,1.02,60.08,2026-07-14 09:17:55
WEAK,WEAK|MOMENTUM_WATCH|WATCHLIST|RSI_MID|RS_BAD|VOL_LOW|ATR_LOW|ABOVE_MA20,5,1.0,60.02,2026-07-14 09:17:56
WEAK,WEAK|MOMENTUM|SKIP|RSI_HIGH|RS_OK|VOL_LOW|ATR_LOW|ABOVE_MA20,25,5.16,60.0,2026-07-14 09:17:56
DOWNTREND,DOWNTREND|BOTTOM_WATCH|SKIP|RSI_MID|RS_BAD|VOL_LOW|ATR_LOW|BELOW_MA20,10,2.0,60.0,2026-07-14 09:17:55
POSITIVE,POSITIVE|MOMENTUM_WATCH|WAIT|RSI_HIGH|RS_STRONG|VOL_LOW|ATR_OK|FAR_MA20,10,2.0,60.0,2026-07-14 09:17:56
SIDEWAY,SIDEWAY|BOTTOM|SKIP|RSI_LOW|RS_WEAK|VOL_LOW|ATR_HIGH|BELOW_MA20,10,2.0,60.0,2026-07-14 09:17:56
SIDEWAY,SIDEWAY|MOMENTUM_WATCH|WAIT|RSI_HIGH|RS_STRONG|VOL_LOW|ATR_OK|FAR_MA20,10,2.0,60.0,2026-07-14 09:17:56
WEAK,WEAK|BOTTOM|BUY NOW|RSI_LOW|RS_BAD|VOL_OK|ATR_OK|BELOW_MA20,10,2.0,60.0,2026-07-14 09:17:56
WEAK,WEAK|MOMENTUM_WATCH|WAIT|RSI_HIGH|RS_STRONG|VOL_LOW|ATR_OK|FAR_MA20,10,2.0,60.0,2026-07-14 09:17:56
WEAK,WEAK|MOMENTUM_WATCH|WATCHLIST|RSI_MID|RS_WEAK|VOL_LOW|ATR_LOW|ABOVE_MA20,10,2.0,60.0,2026-07-14 09:17:56
DOWNTREND,DOWNTREND|BOTTOM_WATCH|SKIP|RSI_MID_HIGH|RS_WEAK|VOL_LOW|ATR_LOW|ABOVE_MA20,5,1.0,60.0,2026-07-14 09:17:55
DOWNTREND,DOWNTREND|BOTTOM|BUY NOW|RSI_LOW|RS_WEAK|VOL_STRONG|ATR_OK|BELOW_MA20,5,1.0,60.0,2026-07-14 09:17:55
POSITIVE,POSITIVE|BOTTOM_WATCH|SKIP|RSI_MID_HIGH|RS_BAD|VOL_LOW|ATR_OK|BELOW_MA20,5,1.0,60.0,2026-07-14 09:17:55
POSITIVE,POSITIVE|BOTTOM_WATCH|SKIP|RSI_MID_HIGH|RS_STRONG|VOL_LOW|ATR_LOW|ABOVE_MA20,5,1.0,60.0,2026-07-14 09:17:55
POSITIVE,POSITIVE|BOTTOM|BUY NOW|RSI_LOW|RS_BAD|VOL_STRONG|ATR_OK|BELOW_MA20,5,1.0,60.0,2026-07-14 09:17:55
POSITIVE,POSITIVE|BOTTOM|BUY NOW|RSI_MID_HIGH|RS_WEAK|VOL_LOW|ATR_OK|ABOVE_MA20,5,1.0,60.0,2026-07-14 09:17:55
POSITIVE,POSITIVE|BOTTOM|BUY NOW|RSI_MID|RS_STRONG|VOL_OK|ATR_OK|ABOVE_MA20,5,1.0,60.0,2026-07-14 09:17:55
POSITIVE,POSITIVE|BOTTOM|WAIT|RSI_LOW|RS_BAD|VOL_LOW|ATR_OK|BELOW_MA20,5,1.0,60.0,2026-07-14 09:17:55
POSITIVE,POSITIVE|MOMENTUM|BUY NOW|RSI_MID_HIGH|RS_OK|VOL_OK|ATR_OK|ABOVE_MA20,5,1.0,60.0,2026-07-14 09:17:56
SIDEWAY,SIDEWAY|BOTTOM_WATCH|SKIP|RSI_MID_HIGH|RS_BAD|VOL_LOW|ATR_OK|BELOW_MA20,5,1.0,60.0,2026-07-14 09:17:56
SIDEWAY,SIDEWAY|BOTTOM|BUY NOW|RSI_LOW|RS_BAD|VOL_STRONG|ATR_OK|BELOW_MA20,5,1.0,60.0,2026-07-14 09:17:56
SIDEWAY,SIDEWAY|BOTTOM|BUY NOW|RSI_MID_HIGH|RS_WEAK|VOL_LOW|ATR_OK|ABOVE_MA20,5,1.0,60.0,2026-07-14 09:17:56
SIDEWAY,SIDEWAY|BOTTOM|SKIP|RSI_LOW|RS_OK|VOL_LOW|ATR_HIGH|BELOW_MA20,5,1.0,60.0,2026-07-14 09:17:56
SIDEWAY,SIDEWAY|BOTTOM|WAIT|RSI_LOW|RS_BAD|VOL_LOW|ATR_OK|BELOW_MA20,5,1.0,60.0,2026-07-14 09:17:56
WEAK,WEAK|BOTTOM_WATCH|SKIP|RSI_MID_HIGH|RS_BAD|VOL_LOW|ATR_OK|BELOW_MA20,5,1.0,60.0,2026-07-14 09:17:56
WEAK,WEAK|BOTTOM|BUY NOW|RSI_LOW|RS_BAD|VOL_OK|ATR_LOW|ABOVE_MA20,5,1.0,60.0,2026-07-14 09:17:56
WEAK,WEAK|BOTTOM|BUY NOW|RSI_WEAK|RS_WEAK|VOL_OK|ATR_OK|BELOW_MA20,5,1.0,60.0,2026-07-14 09:17:56
WEAK,WEAK|MOMENTUM|BUY NOW|RSI_MID_HIGH|RS_BAD|VOL_LOW|ATR_LOW|ABOVE_MA20,5,1.0,60.0,2026-07-14 09:17:56
WEAK,WEAK|MOMENTUM|WAIT|RSI_HIGH|RS_STRONG|VOL_OK|ATR_OK|ABOVE_MA20,5,1.0,60.0,2026-07-14 09:17:56
SIDEWAY,SIDEWAY|MOMENTUM|WAIT|RSI_MID|RS_OK|VOL_LOW|ATR_LOW|ABOVE_MA20,50,10.5,59.99,2026-07-14 09:17:56
POSITIVE,POSITIVE|BOTTOM|BUY NOW|RSI_MID_HIGH|RS_WEAK|VOL_STRONG|ATR_LOW|BELOW_MA20,24,5.05,59.98,2026-07-14 09:17:55
SIDEWAY,SIDEWAY|MOMENTUM_WATCH|SKIP|RSI_MID|RS_BAD|VOL_LOW|ATR_LOW|ABOVE_MA20,18,4.47,59.97,2026-07-14 09:17:56
WEAK,WEAK|MOMENTUM_WATCH|WATCHLIST|RSI_MID|RS_WEAK|VOL_OK|ATR_LOW|ABOVE_MA20,9,1.99,59.96,2026-07-14 09:17:56
WEAK,WEAK|MOMENTUM_WATCH|SKIP|RSI_MID|RS_OK|VOL_LOW|ATR_LOW|ABOVE_MA20,169,36.38,59.95,2026-07-14 09:17:56
WEAK,WEAK|BOTTOM_WATCH|SKIP|RSI_MID_HIGH|RS_OK|VOL_LOW|ATR_LOW|BELOW_MA20,119,25.66,59.95,2026-07-14 09:17:56
SIDEWAY,SIDEWAY|BOTTOM_WATCH|SKIP|RSI_MID|RS_STRONG|VOL_LOW|ATR_LOW|BELOW_MA20,48,9.84,59.94,2026-07-14 09:17:56
SIDEWAY,SIDEWAY|BOTTOM_WATCH|WATCHLIST|RSI_WEAK|RS_BAD|VOL_STRONG|ATR_LOW|BELOW_MA20,161,34.6,59.89,2026-07-14 09:17:56
WEAK,WEAK|BOTTOM|SKIP|RSI_MID|RS_OK|VOL_LOW|ATR_OK|BELOW_MA20,24,5.46,59.87,2026-07-14 09:17:56
POSITIVE,POSITIVE|BOTTOM|BUY NOW|RSI_MID|RS_BAD|VOL_OK|ATR_LOW|ABOVE_MA20,35,7.45,59.85,2026-07-14 09:17:55
WEAK,WEAK|MOMENTUM_WATCH|WATCHLIST|RSI_MID_HIGH|RS_OK|VOL_LOW|ATR_LOW|BELOW_MA20,68,14.87,59.83,2026-07-14 09:17:56
SIDEWAY,SIDEWAY|MOMENTUM|WAIT|RSI_MID_HIGH|RS_WEAK|VOL_LOW|ATR_LOW|ABOVE_MA20,22,4.45,59.83,2026-07-14 09:17:56
WEAK,WEAK|MOMENTUM|WAIT|RSI_MID_HIGH|RS_WEAK|VOL_STRONG|ATR_LOW|ABOVE_MA20,21,4.98,59.81,2026-07-14 09:17:56
POSITIVE,POSITIVE|MOMENTUM|WAIT|RSI_MID|RS_OK|VOL_STRONG|ATR_LOW|ABOVE_MA20,57,11.83,59.8,2026-07-14 09:17:56
POSITIVE,POSITIVE|MOMENTUM_WATCH|WATCHLIST|RSI_MID|RS_BAD|VOL_OK|ATR_LOW|ABOVE_MA20,7,1.45,59.79,2026-07-14 09:17:56
SIDEWAY,SIDEWAY|MOMENTUM_WATCH|WATCHLIST|RSI_MID_HIGH|RS_WEAK|VOL_OK|ATR_LOW|ABOVE_MA20,202,42.93,59.78,2026-07-14 09:17:56
WEAK,WEAK|MOMENTUM|BUY NOW|RSI_MID_HIGH|RS_STRONG|VOL_OK|ATR_LOW|ABOVE_MA20,1864,389.19,59.77,2026-07-14 09:17:56
POSITIVE,POSITIVE|BOTTOM|SKIP|RSI_LOW|RS_STRONG|VOL_LOW|ATR_LOW|BELOW_MA20,49,10.9,59.75,2026-07-14 09:17:55
SIDEWAY,SIDEWAY|BOTTOM|SKIP|RSI_MID|RS_WEAK|VOL_LOW|ATR_LOW|ABOVE_MA20,250,55.12,59.74,2026-07-14 09:17:56
SIDEWAY,SIDEWAY|BOTTOM|BUY NOW|RSI_MID|RS_WEAK|VOL_OK|ATR_OK|BELOW_MA20,16,3.49,59.72,2026-07-14 09:17:56
POSITIVE,POSITIVE|BOTTOM|BUY NOW|RSI_MID|RS_OK|VOL_STRONG|ATR_LOW|ABOVE_MA20,92,19.13,59.71,2026-07-14 09:17:55
DOWNTREND,DOWNTREND|BOTTOM|SKIP|RSI_MID|RS_STRONG|VOL_LOW|ATR_LOW|ABOVE_MA20,44,8.88,59.71,2026-07-14 09:17:55
WEAK,WEAK|BOTTOM|SKIP|RSI_MID|RS_WEAK|VOL_LOW|ATR_LOW|ABOVE_MA20,172,36.16,59.7,2026-07-14 09:17:56
POSITIVE,POSITIVE|BOTTOM_WATCH|WATCHLIST|RSI_MID|RS_BAD|VOL_OK|ATR_LOW|BELOW_MA20,40,8.45,59.7,2026-07-14 09:17:55
POSITIVE,POSITIVE|MOMENTUM_WATCH|SKIP|RSI_MID|RS_WEAK|VOL_LOW|ATR_LOW|ABOVE_MA20,27,5.45,59.65,2026-07-14 09:17:56
SIDEWAY,SIDEWAY|MOMENTUM_WATCH|SKIP|RSI_MID|RS_WEAK|VOL_LOW|ATR_LOW|ABOVE_MA20,22,4.46,59.65,2026-07-14 09:17:56
DOWNTREND,DOWNTREND|BOTTOM|BUY NOW|RSI_MID_HIGH|RS_STRONG|VOL_LOW|ATR_LOW|ABOVE_MA20,38,7.94,59.63,2026-07-14 09:17:55
POSITIVE,POSITIVE|BOTTOM|SKIP|RSI_MID|RS_BAD|VOL_STRONG|ATR_LOW|BELOW_MA20,15,3.39,59.62,2026-07-14 09:17:55
POSITIVE,POSITIVE|BOTTOM|SKIP|RSI_LOW|RS_STRONG|VOL_LOW|ATR_OK|BELOW_MA20,12,2.4,59.62,2026-07-14 09:17:55
WEAK,WEAK|BOTTOM|BUY NOW|RSI_MID|RS_WEAK|VOL_LOW|ATR_OK|BELOW_MA20,12,2.4,59.62,2026-07-14 09:17:56
SIDEWAY,SIDEWAY|BOTTOM|BUY NOW|RSI_LOW|RS_STRONG|VOL_OK|ATR_LOW|BELOW_MA20,18,3.88,59.61,2026-07-14 09:17:56
SIDEWAY,SIDEWAY|BOTTOM|BUY NOW|RSI_LOW|RS_BAD|VOL_OK|ATR_OK|BELOW_MA20,7,1.41,59.61,2026-07-14 09:17:56
POSITIVE,POSITIVE|MOMENTUM_WATCH|WATCHLIST|RSI_MID_HIGH|RS_OK|VOL_OK|ATR_LOW|ABOVE_MA20,447,93.42,59.6,2026-07-14 09:17:56
SIDEWAY,SIDEWAY|BOTTOM|BUY NOW|RSI_LOW|RS_BAD|VOL_LOW|ATR_LOW|ABOVE_MA20,7,1.4,59.57,2026-07-14 09:17:56
SIDEWAY,SIDEWAY|MOMENTUM|BUY NOW|RSI_MID_HIGH|RS_STRONG|VOL_STRONG|ATR_LOW|ABOVE_MA20,1241,260.37,59.54,2026-07-14 09:17:56
SIDEWAY,SIDEWAY|MOMENTUM_WATCH|WATCHLIST|RSI_MID_HIGH|RS_OK|VOL_LOW|ATR_LOW|BELOW_MA20,57,13.32,59.53,2026-07-14 09:17:56
DOWNTREND,DOWNTREND|BOTTOM|BUY NOW|RSI_LOW|RS_STRONG|VOL_LOW|ATR_LOW|BELOW_MA20,78,16.46,59.51,2026-07-14 09:17:55
POSITIVE,POSITIVE|BOTTOM|BUY NOW|RSI_MID_HIGH|RS_WEAK|VOL_OK|ATR_LOW|BELOW_MA20,53,11.67,59.51,2026-07-14 09:17:55
SIDEWAY,SIDEWAY|BOTTOM|BUY NOW|RSI_LOW|RS_OK|VOL_LOW|ATR_OK|BELOW_MA20,18,4.2,59.51,2026-07-14 09:17:56
SIDEWAY,SIDEWAY|BOTTOM_WATCH|SKIP|RSI_MID_HIGH|RS_WEAK|VOL_LOW|ATR_LOW|BELOW_MA20,138,31.74,59.5,2026-07-14 09:17:56
POSITIVE,POSITIVE|BOTTOM|SKIP|RSI_WEAK|RS_BAD|VOL_OK|ATR_LOW|BELOW_MA20,214,45.95,59.48,2026-07-14 09:17:55
WEAK,WEAK|BOTTOM_WATCH|WATCHLIST|RSI_WEAK|RS_BAD|VOL_OK|ATR_LOW|BELOW_MA20,228,50.62,59.47,2026-07-14 09:17:56
SIDEWAY,SIDEWAY|BOTTOM_WATCH|SKIP|RSI_MID|RS_STRONG|VOL_LOW|ATR_LOW|ABOVE_MA20,77,17.39,59.47,2026-07-14 09:17:56
POSITIVE,POSITIVE|MOMENTUM_WATCH|WATCHLIST|RSI_MID_HIGH|RS_OK|VOL_LOW|ATR_LOW|BELOW_MA20,40,8.48,59.47,2026-07-14 09:17:56
SIDEWAY,SIDEWAY|MOMENTUM|WAIT|RSI_MID|RS_STRONG|VOL_STRONG|ATR_LOW|ABOVE_MA20,21,4.33,59.44,2026-07-14 09:17:56
SIDEWAY,SIDEWAY|MOMENTUM|WAIT|RSI_MID|RS_OK|VOL_OK|ATR_LOW|ABOVE_MA20,69,14.48,59.42,2026-07-14 09:17:56
DOWNTREND,DOWNTREND|MOMENTUM|WAIT|RSI_HIGH|RS_STRONG|VOL_LOW|ATR_LOW|ABOVE_MA20,29,5.8,59.42,2026-07-14 09:17:55
WEAK,WEAK|MOMENTUM_WATCH|SKIP|RSI_HIGH|RS_OK|VOL_LOW|ATR_LOW|ABOVE_MA20,58,12.3,59.4,2026-07-14 09:17:56
SIDEWAY,SIDEWAY|BOTTOM|SKIP|RSI_MID_HIGH|RS_OK|VOL_LOW|ATR_LOW|ABOVE_MA20,62,13.72,59.39,2026-07-14 09:17:56
POSITIVE,POSITIVE|MOMENTUM_WATCH|WAIT|RSI_HIGH|RS_STRONG|VOL_LOW|ATR_LOW|ABOVE_MA20,244,50.58,59.38,2026-07-14 09:17:56
WEAK,WEAK|BOTTOM_WATCH|SKIP|RSI_MID_HIGH|RS_WEAK|VOL_LOW|ATR_LOW|BELOW_MA20,81,17.86,59.37,2026-07-14 09:17:56
WEAK,WEAK|BOTTOM_WATCH|WATCHLIST|RSI_MID|RS_OK|VOL_STRONG|ATR_LOW|ABOVE_MA20,17,3.81,59.37,2026-07-14 09:17:56
DOWNTREND,DOWNTREND|BOTTOM|BUY NOW|RSI_MID|RS_WEAK|VOL_OK|ATR_LOW|BELOW_MA20,31,6.73,59.36,2026-07-14 09:17:55
SIDEWAY,SIDEWAY|BOTTOM|BUY NOW|RSI_MID|RS_STRONG|VOL_STRONG|ATR_LOW|BELOW_MA20,6,1.35,59.36,2026-07-14 09:17:56
SIDEWAY,SIDEWAY|BOTTOM_WATCH|WATCHLIST|RSI_MID|RS_STRONG|VOL_STRONG|ATR_LOW|ABOVE_MA20,4,0.86,59.36,2026-07-14 09:17:56
SIDEWAY,SIDEWAY|BOTTOM_WATCH|WATCHLIST|RSI_MID|RS_BAD|VOL_OK|ATR_LOW|BELOW_MA20,19,3.81,59.35,2026-07-14 09:17:56
SIDEWAY,SIDEWAY|BOTTOM|SKIP|RSI_MID|RS_BAD|VOL_LOW|ATR_LOW|BELOW_MA20,249,51.75,59.33,2026-07-14 09:17:56
SIDEWAY,SIDEWAY|BOTTOM|BUY NOW|RSI_MID_HIGH|RS_STRONG|VOL_OK|ATR_LOW|BELOW_MA20,8,1.84,59.33,2026-07-14 09:17:56
POSITIVE,POSITIVE|BOTTOM_WATCH|SKIP|RSI_MID|RS_STRONG|VOL_LOW|ATR_LOW|BELOW_MA20,22,4.51,59.3,2026-07-14 09:17:55
POSITIVE,POSITIVE|BOTTOM|BUY NOW|RSI_MID|RS_BAD|VOL_LOW|ATR_LOW|BELOW_MA20,68,14.6,59.29,2026-07-14 09:17:55
DOWNTREND,DOWNTREND|BOTTOM|SKIP|RSI_MID|RS_OK|VOL_LOW|ATR_LOW|ABOVE_MA20,75,15.77,59.27,2026-07-14 09:17:55
POSITIVE,POSITIVE|BOTTOM|SKIP|RSI_MID|RS_OK|VOL_LOW|ATR_OK|BELOW_MA20,14,2.8,59.26,2026-07-14 09:17:55
WEAK,WEAK|MOMENTUM|BUY NOW|RSI_MID|RS_STRONG|VOL_OK|ATR_LOW|ABOVE_MA20,31,6.36,59.25,2026-07-14 09:17:56
POSITIVE,POSITIVE|MOMENTUM_WATCH|WAIT|RSI_HIGH|RS_STRONG|VOL_STRONG|ATR_LOW|ABOVE_MA20,46,9.66,59.24,2026-07-14 09:17:56
SIDEWAY,SIDEWAY|BOTTOM|SKIP|RSI_LOW|RS_BAD|VOL_OK|ATR_LOW|BELOW_MA20,414,91.19,59.23,2026-07-14 09:17:56
SIDEWAY,SIDEWAY|BOTTOM|WAIT|RSI_MID|RS_OK|VOL_LOW|ATR_LOW|ABOVE_MA20,202,43.28,59.23,2026-07-14 09:17:56
SIDEWAY,SIDEWAY|MOMENTUM_WATCH|SKIP|RSI_MID|RS_OK|VOL_LOW|ATR_LOW|ABOVE_MA20,138,30.44,59.23,2026-07-14 09:17:56
SIDEWAY,SIDEWAY|BOTTOM_WATCH|SKIP|RSI_MID|RS_WEAK|VOL_LOW|ATR_OK|ABOVE_MA20,4,0.83,59.21,2026-07-14 09:17:56
SIDEWAY,SIDEWAY|MOMENTUM|SKIP|RSI_MID_HIGH|RS_STRONG|VOL_LOW|ATR_LOW|ABOVE_MA20,735,157.91,59.2,2026-07-14 09:17:56
SIDEWAY,SIDEWAY|MOMENTUM|SKIP|RSI_MID_HIGH|RS_BAD|VOL_OK|ATR_LOW|ABOVE_MA20,9,1.8,59.2,2026-07-14 09:17:56
WEAK,WEAK|MOMENTUM|SKIP|RSI_HIGH|RS_OK|VOL_STRONG|ATR_LOW|ABOVE_MA20,9,1.8,59.2,2026-07-14 09:17:56
DOWNTREND,DOWNTREND|BOTTOM|BUY NOW|RSI_MID|RS_STRONG|VOL_LOW|ATR_LOW|ABOVE_MA20,79,16.71,59.19,2026-07-14 09:17:55
WEAK,WEAK|BOTTOM|BUY NOW|RSI_MID|RS_BAD|VOL_LOW|ATR_LOW|ABOVE_MA20,9,1.8,59.19,2026-07-14 09:17:56
POSITIVE,POSITIVE|BOTTOM|SKIP|RSI_MID_HIGH|RS_STRONG|VOL_LOW|ATR_LOW|ABOVE_MA20,9,1.8,59.18,2026-07-14 09:17:55
SIDEWAY,SIDEWAY|BOTTOM|BUY NOW|RSI_MID|RS_OK|VOL_LOW|ATR_OK|BELOW_MA20,9,1.8,59.18,2026-07-14 09:17:56
SIDEWAY,SIDEWAY|MOMENTUM_WATCH|WATCHLIST|RSI_MID_HIGH|RS_OK|VOL_STRONG|ATR_LOW|BELOW_MA20,9,1.8,59.18,2026-07-14 09:17:56
WEAK,WEAK|BOTTOM_WATCH|SKIP|RSI_WEAK|RS_WEAK|VOL_LOW|ATR_OK|BELOW_MA20,9,1.8,59.18,2026-07-14 09:17:56
WEAK,WEAK|BOTTOM|BUY NOW|RSI_MID_HIGH|RS_STRONG|VOL_STRONG|ATR_LOW|BELOW_MA20,9,1.8,59.18,2026-07-14 09:17:56
WEAK,WEAK|MOMENTUM_WATCH|WATCHLIST|RSI_HIGH|RS_STRONG|VOL_STRONG|ATR_LOW|ABOVE_MA20,9,1.8,59.18,2026-07-14 09:17:56
SIDEWAY,SIDEWAY|MOMENTUM|WAIT|RSI_MID|RS_OK|VOL_STRONG|ATR_LOW|ABOVE_MA20,73,15.64,59.17,2026-07-14 09:17:56
SIDEWAY,SIDEWAY|MOMENTUM_WATCH|WATCHLIST|RSI_HIGH|RS_OK|VOL_OK|ATR_LOW|ABOVE_MA20,31,6.2,59.15,2026-07-14 09:17:56
WEAK,WEAK|BOTTOM_WATCH|SKIP|RSI_MID|RS_STRONG|VOL_LOW|ATR_LOW|BELOW_MA20,178,39.34,59.13,2026-07-14 09:17:56
SIDEWAY,SIDEWAY|BOTTOM|BUY NOW|RSI_MID|RS_BAD|VOL_OK|ATR_LOW|BELOW_MA20,44,9.69,59.13,2026-07-14 09:17:56
POSITIVE,POSITIVE|BOTTOM_WATCH|SKIP|RSI_MID|RS_BAD|VOL_LOW|ATR_OK|ABOVE_MA20,4,0.81,59.13,2026-07-14 09:17:55
DOWNTREND,DOWNTREND|MOMENTUM_WATCH|SKIP|RSI_MID|RS_OK|VOL_LOW|ATR_LOW|ABOVE_MA20,26,5.21,59.12,2026-07-14 09:17:55
WEAK,WEAK|BOTTOM|SKIP|RSI_MID_HIGH|RS_STRONG|VOL_LOW|ATR_LOW|ABOVE_MA20,38,8.08,59.11,2026-07-14 09:17:56
WEAK,WEAK|BOTTOM|SKIP|RSI_MID|RS_BAD|VOL_OK|ATR_LOW|ABOVE_MA20,4,0.8,59.11,2026-07-14 09:17:56
POSITIVE,POSITIVE|MOMENTUM|WAIT|RSI_MID_HIGH|RS_OK|VOL_OK|ATR_OK|ABOVE_MA20,4,0.8,59.1,2026-07-14 09:17:56
POSITIVE,POSITIVE|WATCH|SKIP|RSI_MID|RS_WEAK|VOL_LOW|ATR_LOW|ABOVE_MA20,4,0.8,59.1,2026-07-14 09:17:56
SIDEWAY,SIDEWAY|MOMENTUM|WAIT|RSI_MID_HIGH|RS_OK|VOL_OK|ATR_OK|ABOVE_MA20,4,0.8,59.1,2026-07-14 09:17:56
DOWNTREND,DOWNTREND|BOTTOM_WATCH|WATCHLIST|RSI_WEAK|RS_BAD|VOL_OK|ATR_OK|BELOW_MA20,4,0.8,59.09,2026-07-14 09:17:55
DOWNTREND,DOWNTREND|BOTTOM|BUY NOW|RSI_LOW|RS_BAD|VOL_OK|ATR_OK|BELOW_MA20,4,0.8,59.09,2026-07-14 09:17:55
DOWNTREND,DOWNTREND|BOTTOM|BUY NOW|RSI_LOW|RS_WEAK|VOL_OK|ATR_LOW|ABOVE_MA20,4,0.8,59.09,2026-07-14 09:17:55
DOWNTREND,DOWNTREND|MOMENTUM_WATCH|SKIP|RSI_MID_HIGH|RS_STRONG|VOL_LOW|ATR_OK|FAR_MA20,4,0.8,59.09,2026-07-14 09:17:55
DOWNTREND,DOWNTREND|MOMENTUM|WAIT|RSI_HIGH|RS_OK|VOL_STRONG|ATR_LOW|ABOVE_MA20,4,0.8,59.09,2026-07-14 09:17:55
DOWNTREND,DOWNTREND|MOMENTUM|WAIT|RSI_HIGH|RS_STRONG|VOL_OK|ATR_OK|ABOVE_MA20,4,0.8,59.09,2026-07-14 09:17:55
POSITIVE,POSITIVE|BOTTOM_WATCH|SKIP|RSI_LOW|RS_BAD|VOL_LOW|ATR_HIGH|BELOW_MA20,4,0.8,59.09,2026-07-14 09:17:55
POSITIVE,POSITIVE|BOTTOM|BUY NOW|RSI_LOW|RS_WEAK|VOL_STRONG|ATR_OK|BELOW_MA20,4,0.8,59.09,2026-07-14 09:17:55
POSITIVE,POSITIVE|BOTTOM|BUY NOW|RSI_MID|RS_STRONG|VOL_STRONG|ATR_OK|ABOVE_MA20,4,0.8,59.09,2026-07-14 09:17:55
POSITIVE,POSITIVE|MOMENTUM_WATCH|SKIP|RSI_MID|RS_STRONG|VOL_LOW|ATR_OK|ABOVE_MA20,4,0.8,59.09,2026-07-14 09:17:56
POSITIVE,POSITIVE|MOMENTUM_WATCH|WAIT|RSI_HIGH|RS_STRONG|VOL_STRONG|ATR_OK|FAR_MA20,4,0.8,59.09,2026-07-14 09:17:56
POSITIVE,POSITIVE|MOMENTUM_WATCH|WATCHLIST|RSI_MID_HIGH|RS_STRONG|VOL_OK|ATR_OK|ABOVE_MA20,4,0.8,59.09,2026-07-14 09:17:56
POSITIVE,POSITIVE|MOMENTUM|BUY NOW|RSI_MID|RS_STRONG|VOL_STRONG|ATR_OK|ABOVE_MA20,4,0.8,59.09,2026-07-14 09:17:56
POSITIVE,POSITIVE|MOMENTUM|WAIT|RSI_MID_HIGH|RS_OK|VOL_LOW|ATR_OK|ABOVE_MA20,4,0.8,59.09,2026-07-14 09:17:56
POSITIVE,POSITIVE|MOMENTUM|WATCHLIST|RSI_HIGH|RS_STRONG|VOL_STRONG|ATR_OK|FAR_MA20,4,0.8,59.09,2026-07-14 09:17:56
SIDEWAY,SIDEWAY|BOTTOM_WATCH|SKIP|RSI_LOW|RS_BAD|VOL_LOW|ATR_HIGH|BELOW_MA20,4,0.8,59.09,2026-07-14 09:17:56
SIDEWAY,SIDEWAY|BOTTOM_WATCH|SKIP|RSI_MID|RS_STRONG|VOL_LOW|ATR_HIGH|BELOW_MA20,4,0.8,59.09,2026-07-14 09:17:56
SIDEWAY,SIDEWAY|BOTTOM_WATCH|WATCHLIST|RSI_MID|RS_OK|VOL_LOW|ATR_OK|BELOW_MA20,4,0.8,59.09,2026-07-14 09:17:56
SIDEWAY,SIDEWAY|BOTTOM|BUY NOW|RSI_LOW|RS_STRONG|VOL_STRONG|ATR_LOW|BELOW_MA20,4,0.8,59.09,2026-07-14 09:17:56
SIDEWAY,SIDEWAY|BOTTOM|BUY NOW|RSI_MID|RS_STRONG|VOL_STRONG|ATR_OK|ABOVE_MA20,4,0.8,59.09,2026-07-14 09:17:56
SIDEWAY,SIDEWAY|BOTTOM|BUY NOW|RSI_MID|RS_WEAK|VOL_STRONG|ATR_OK|ABOVE_MA20,4,0.8,59.09,2026-07-14 09:17:56
SIDEWAY,SIDEWAY|MOMENTUM_WATCH|SKIP|RSI_HIGH|RS_BAD|VOL_LOW|ATR_LOW|ABOVE_MA20,4,0.8,59.09,2026-07-14 09:17:56
SIDEWAY,SIDEWAY|MOMENTUM_WATCH|SKIP|RSI_HIGH|RS_STRONG|VOL_STRONG|ATR_LOW|ABOVE_MA20,4,0.8,59.09,2026-07-14 09:17:56
SIDEWAY,SIDEWAY|MOMENTUM_WATCH|SKIP|RSI_MID_HIGH|RS_OK|VOL_LOW|ATR_OK|BELOW_MA20,4,0.8,59.09,2026-07-14 09:17:56
SIDEWAY,SIDEWAY|MOMENTUM_WATCH|SKIP|RSI_MID_HIGH|RS_STRONG|VOL_LOW|ATR_HIGH|ABOVE_MA20,4,0.8,59.09,2026-07-14 09:17:56
SIDEWAY,SIDEWAY|MOMENTUM_WATCH|SKIP|RSI_MID|RS_STRONG|VOL_LOW|ATR_OK|ABOVE_MA20,4,0.8,59.09,2026-07-14 09:17:56
SIDEWAY,SIDEWAY|MOMENTUM_WATCH|WAIT|RSI_HIGH|RS_STRONG|VOL_STRONG|ATR_OK|FAR_MA20,4,0.8,59.09,2026-07-14 09:17:56
SIDEWAY,SIDEWAY|MOMENTUM_WATCH|WATCHLIST|RSI_MID_HIGH|RS_STRONG|VOL_OK|ATR_OK|ABOVE_MA20,4,0.8,59.09,2026-07-14 09:17:56
SIDEWAY,SIDEWAY|MOMENTUM_WATCH|WATCHLIST|RSI_MID_HIGH|RS_WEAK|VOL_LOW|ATR_OK|ABOVE_MA20,4,0.8,59.09,2026-07-14 09:17:56
SIDEWAY,SIDEWAY|MOMENTUM|BUY NOW|RSI_MID|RS_STRONG|VOL_STRONG|ATR_OK|ABOVE_MA20,4,0.8,59.09,2026-07-14 09:17:56
SIDEWAY,SIDEWAY|MOMENTUM|WAIT|RSI_HIGH|RS_STRONG|VOL_OK|ATR_OK|ABOVE_MA20,4,0.8,59.09,2026-07-14 09:17:56
SIDEWAY,SIDEWAY|MOMENTUM|WATCHLIST|RSI_HIGH|RS_STRONG|VOL_STRONG|ATR_OK|FAR_MA20,4,0.8,59.09,2026-07-14 09:17:56
WEAK,WEAK|BOTTOM_WATCH|SKIP|RSI_LOW|RS_BAD|VOL_LOW|ATR_HIGH|BELOW_MA20,4,0.8,59.09,2026-07-14 09:17:56
WEAK,WEAK|BOTTOM|BUY NOW|RSI_MID_HIGH|RS_WEAK|VOL_LOW|ATR_OK|ABOVE_MA20,4,0.8,59.09,2026-07-14 09:17:56
WEAK,WEAK|BOTTOM|BUY NOW|RSI_MID|RS_OK|VOL_LOW|ATR_OK|ABOVE_MA20,4,0.8,59.09,2026-07-14 09:17:56
WEAK,WEAK|BOTTOM|BUY NOW|RSI_MID|RS_STRONG|VOL_STRONG|ATR_OK|ABOVE_MA20,4,0.8,59.09,2026-07-14 09:17:56
WEAK,WEAK|BOTTOM|BUY NOW|RSI_MID|RS_WEAK|VOL_LOW|ATR_OK|ABOVE_MA20,4,0.8,59.09,2026-07-14 09:17:56
WEAK,WEAK|BOTTOM|BUY NOW|RSI_WEAK|RS_WEAK|VOL_LOW|ATR_OK|BELOW_MA20,4,0.8,59.09,2026-07-14 09:17:56
WEAK,WEAK|BOTTOM|SKIP|RSI_HIGH|RS_WEAK|VOL_LOW|ATR_LOW|ABOVE_MA20,4,0.8,59.09,2026-07-14 09:17:56
WEAK,WEAK|BOTTOM|SKIP|RSI_MID_HIGH|RS_BAD|VOL_LOW|ATR_LOW|BELOW_MA20,4,0.8,59.09,2026-07-14 09:17:56
WEAK,WEAK|MOMENTUM_WATCH|SKIP|RSI_HIGH|RS_STRONG|VOL_STRONG|ATR_LOW|ABOVE_MA20,4,0.8,59.09,2026-07-14 09:17:56
WEAK,WEAK|MOMENTUM_WATCH|SKIP|RSI_MID_HIGH|RS_OK|VOL_LOW|ATR_OK|BELOW_MA20,4,0.8,59.09,2026-07-14 09:17:56
WEAK,WEAK|MOMENTUM_WATCH|SKIP|RSI_MID_HIGH|RS_STRONG|VOL_LOW|ATR_HIGH|ABOVE_MA20,4,0.8,59.09,2026-07-14 09:17:56
WEAK,WEAK|MOMENTUM_WATCH|SKIP|RSI_MID|RS_BAD|VOL_OK|ATR_LOW|ABOVE_MA20,4,0.8,59.09,2026-07-14 09:17:56
WEAK,WEAK|MOMENTUM_WATCH|WAIT|RSI_HIGH|RS_STRONG|VOL_STRONG|ATR_OK|FAR_MA20,4,0.8,59.09,2026-07-14 09:17:56
WEAK,WEAK|MOMENTUM_WATCH|WATCHLIST|RSI_MID_HIGH|RS_STRONG|VOL_OK|ATR_OK|ABOVE_MA20,4,0.8,59.09,2026-07-14 09:17:56
WEAK,WEAK|MOMENTUM_WATCH|WATCHLIST|RSI_MID|RS_BAD|VOL_OK|ATR_LOW|ABOVE_MA20,4,0.8,59.09,2026-07-14 09:17:56
WEAK,WEAK|MOMENTUM|BUY NOW|RSI_MID|RS_STRONG|VOL_STRONG|ATR_OK|ABOVE_MA20,4,0.8,59.09,2026-07-14 09:17:56
WEAK,WEAK|MOMENTUM|WATCHLIST|RSI_HIGH|RS_STRONG|VOL_STRONG|ATR_OK|FAR_MA20,4,0.8,59.09,2026-07-14 09:17:56
SIDEWAY,SIDEWAY|BOTTOM_WATCH|WATCHLIST|RSI_MID|RS_STRONG|VOL_OK|ATR_LOW|ABOVE_MA20,11,2.54,59.08,2026-07-14 09:17:56
SIDEWAY,SIDEWAY|BOTTOM|SKIP|RSI_MID|RS_BAD|VOL_OK|ATR_LOW|BELOW_MA20,43,8.85,59.07,2026-07-14 09:17:56
DOWNTREND,DOWNTREND|MOMENTUM|WAIT|RSI_MID|RS_OK|VOL_OK|ATR_LOW|ABOVE_MA20,21,4.2,59.02,2026-07-14 09:17:55
POSITIVE,POSITIVE|BOTTOM_WATCH|WATCHLIST|RSI_MID|RS_STRONG|VOL_OK|ATR_LOW|ABOVE_MA20,6,1.4,59.02,2026-07-14 09:17:55
WEAK,WEAK|BOTTOM|BUY NOW|RSI_MID_HIGH|RS_WEAK|VOL_LOW|ATR_LOW|BELOW_MA20,62,13.46,59.01,2026-07-14 09:17:56
DOWNTREND,DOWNTREND|MOMENTUM|SKIP|RSI_MID_HIGH|RS_OK|VOL_LOW|ATR_LOW|ABOVE_MA20,103,21.72,59.0,2026-07-14 09:17:55
SIDEWAY,SIDEWAY|BOTTOM|WAIT|RSI_MID_HIGH|RS_OK|VOL_LOW|ATR_LOW|ABOVE_MA20,73,15.79,59.0,2026-07-14 09:17:56
DOWNTREND,DOWNTREND|MOMENTUM|SKIP|RSI_MID_HIGH|RS_STRONG|VOL_LOW|ATR_OK|ABOVE_MA20,15,3.19,58.98,2026-07-14 09:17:55
POSITIVE,POSITIVE|BOTTOM|SKIP|RSI_MID_HIGH|RS_BAD|VOL_OK|ATR_LOW|ABOVE_MA20,6,1.26,58.98,2026-07-14 09:17:55
WEAK,WEAK|MOMENTUM|WATCHLIST|RSI_HIGH|RS_STRONG|VOL_STRONG|ATR_LOW|ABOVE_MA20,140,28.63,58.97,2026-07-14 09:17:56
POSITIVE,POSITIVE|MOMENTUM_WATCH|SKIP|RSI_MID|RS_STRONG|VOL_LOW|ATR_LOW|ABOVE_MA20,54,11.35,58.97,2026-07-14 09:17:56
SIDEWAY,SIDEWAY|BOTTOM|WAIT|RSI_WEAK|RS_WEAK|VOL_LOW|ATR_LOW|BELOW_MA20,32,7.55,58.95,2026-07-14 09:17:56
WEAK,WEAK|BOTTOM_WATCH|WATCHLIST|RSI_MID|RS_BAD|VOL_LOW|ATR_LOW|BELOW_MA20,19,3.87,58.95,2026-07-14 09:17:56
POSITIVE,POSITIVE|BOTTOM|BUY NOW|RSI_MID|RS_OK|VOL_LOW|ATR_LOW|BELOW_MA20,242,51.77,58.94,2026-07-14 09:17:55
POSITIVE,POSITIVE|MOMENTUM|WAIT|RSI_MID|RS_OK|VOL_OK|ATR_LOW|ABOVE_MA20,52,10.7,58.94,2026-07-14 09:17:56
POSITIVE,POSITIVE|MOMENTUM|WATCHLIST|RSI_HIGH|RS_STRONG|VOL_LOW|ATR_LOW|ABOVE_MA20,11,2.23,58.94,2026-07-14 09:17:56
POSITIVE,POSITIVE|BOTTOM|BUY NOW|RSI_WEAK|RS_OK|VOL_OK|ATR_LOW|BELOW_MA20,16,3.2,58.93,2026-07-14 09:17:55
WEAK,WEAK|BOTTOM|WAIT|RSI_MID_HIGH|RS_STRONG|VOL_OK|ATR_LOW|ABOVE_MA20,27,5.63,58.91,2026-07-14 09:17:56
DOWNTREND,DOWNTREND|MOMENTUM|BUY NOW|RSI_MID_HIGH|RS_STRONG|VOL_LOW|ATR_LOW|FAR_MA20,16,3.21,58.9,2026-07-14 09:17:55
WEAK,WEAK|MOMENTUM_WATCH|SKIP|RSI_MID_HIGH|RS_STRONG|VOL_LOW|ATR_OK|BELOW_MA20,9,2.32,58.89,2026-07-14 09:17:56
POSITIVE,POSITIVE|MOMENTUM|WATCHLIST|RSI_HIGH|RS_OK|VOL_STRONG|ATR_LOW|ABOVE_MA20,65,13.06,58.88,2026-07-14 09:17:56
WEAK,WEAK|MOMENTUM|BUY NOW|RSI_MID_HIGH|RS_OK|VOL_STRONG|ATR_LOW|FAR_MA20,2,0.75,58.85,2026-07-14 09:17:56
WEAK,WEAK|MOMENTUM|WAIT|RSI_HIGH|RS_OK|VOL_STRONG|ATR_LOW|ABOVE_MA20,189,39.28,58.82,2026-07-14 09:17:56
POSITIVE,POSITIVE|MOMENTUM|SKIP|RSI_HIGH|RS_OK|VOL_OK|ATR_LOW|ABOVE_MA20,28,5.6,58.82,2026-07-14 09:17:56
SIDEWAY,SIDEWAY|MOMENTUM|BUY NOW|RSI_MID_HIGH|RS_BAD|VOL_OK|ATR_LOW|ABOVE_MA20,11,2.2,58.82,2026-07-14 09:17:56
POSITIVE,POSITIVE|BOTTOM|SKIP|RSI_LOW|RS_BAD|VOL_LOW|ATR_LOW|BELOW_MA20,3041,669.9,58.8,2026-07-14 09:17:55
SIDEWAY,SIDEWAY|MOMENTUM|BUY NOW|RSI_MID_HIGH|RS_WEAK|VOL_LOW|ATR_LOW|ABOVE_MA20,99,20.38,58.78,2026-07-14 09:17:56
DOWNTREND,DOWNTREND|BOTTOM|BUY NOW|RSI_LOW|RS_OK|VOL_LOW|ATR_LOW|ABOVE_MA20,36,7.31,58.78,2026-07-14 09:17:55
SIDEWAY,SIDEWAY|MOMENTUM_WATCH|WATCHLIST|RSI_MID_HIGH|RS_OK|VOL_OK|ATR_LOW|ABOVE_MA20,527,115.47,58.76,2026-07-14 09:17:56
WEAK,WEAK|MOMENTUM|WAIT|RSI_MID|RS_OK|VOL_STRONG|ATR_LOW|ABOVE_MA20,80,17.46,58.76,2026-07-14 09:17:56
SIDEWAY,SIDEWAY|BOTTOM|BUY NOW|RSI_MID|RS_OK|VOL_LOW|ATR_LOW|ABOVE_MA20,327,71.14,58.75,2026-07-14 09:17:56
POSITIVE,POSITIVE|MOMENTUM_WATCH|WATCHLIST|RSI_HIGH|RS_OK|VOL_OK|ATR_LOW|ABOVE_MA20,40,8.0,58.75,2026-07-14 09:17:56
POSITIVE,POSITIVE|MOMENTUM_WATCH|SKIP|RSI_MID|RS_BAD|VOL_LOW|ATR_LOW|ABOVE_MA20,21,5.07,58.74,2026-07-14 09:17:56
WEAK,WEAK|MOMENTUM|BUY NOW|RSI_MID_HIGH|RS_BAD|VOL_OK|ATR_LOW|ABOVE_MA20,6,1.2,58.72,2026-07-14 09:17:56
SIDEWAY,SIDEWAY|BOTTOM|SKIP|RSI_WEAK|RS_BAD|VOL_OK|ATR_LOW|BELOW_MA20,179,41.21,58.71,2026-07-14 09:17:56
POSITIVE,POSITIVE|MOMENTUM|WAIT|RSI_MID|RS_OK|VOL_LOW|ATR_LOW|ABOVE_MA20,36,7.5,58.71,2026-07-14 09:17:56
DOWNTREND,DOWNTREND|BOTTOM_WATCH|WATCHLIST|RSI_MID|RS_WEAK|VOL_LOW|ATR_LOW|BELOW_MA20,6,1.2,58.7,2026-07-14 09:17:55
DOWNTREND,DOWNTREND|BOTTOM|BUY NOW|RSI_MID|RS_STRONG|VOL_LOW|ATR_OK|BELOW_MA20,6,1.2,58.7,2026-07-14 09:17:55
DOWNTREND,DOWNTREND|BOTTOM|SKIP|RSI_WEAK|RS_BAD|VOL_STRONG|ATR_OK|BELOW_MA20,6,1.2,58.7,2026-07-14 09:17:55
DOWNTREND,DOWNTREND|MOMENTUM_WATCH|WAIT|RSI_HIGH|RS_STRONG|VOL_LOW|ATR_OK|FAR_MA20,6,1.2,58.7,2026-07-14 09:17:55
DOWNTREND,DOWNTREND|MOMENTUM|WAIT|RSI_MID_HIGH|RS_STRONG|VOL_OK|ATR_OK|ABOVE_MA20,6,1.2,58.7,2026-07-14 09:17:55
POSITIVE,POSITIVE|BOTTOM_WATCH|SKIP|RSI_WEAK|RS_WEAK|VOL_LOW|ATR_OK|BELOW_MA20,6,1.2,58.7,2026-07-14 09:17:55
POSITIVE,POSITIVE|BOTTOM|BUY NOW|RSI_MID_HIGH|RS_STRONG|VOL_OK|ATR_OK|ABOVE_MA20,6,1.2,58.7,2026-07-14 09:17:55
POSITIVE,POSITIVE|BOTTOM|BUY NOW|RSI_MID|RS_STRONG|VOL_LOW|ATR_OK|BELOW_MA20,6,1.2,58.7,2026-07-14 09:17:55
POSITIVE,POSITIVE|BOTTOM|SKIP|RSI_MID|RS_BAD|VOL_OK|ATR_OK|BELOW_MA20,6,1.2,58.7,2026-07-14 09:17:55
POSITIVE,POSITIVE|MOMENTUM_WATCH|WATCHLIST|RSI_HIGH|RS_OK|VOL_STRONG|ATR_LOW|ABOVE_MA20,6,1.2,58.7,2026-07-14 09:17:56
SIDEWAY,SIDEWAY|BOTTOM_WATCH|SKIP|RSI_WEAK|RS_WEAK|VOL_LOW|ATR_OK|BELOW_MA20,6,1.2,58.7,2026-07-14 09:17:56
SIDEWAY,SIDEWAY|BOTTOM|BUY NOW|RSI_MID_HIGH|RS_STRONG|VOL_OK|ATR_OK|ABOVE_MA20,6,1.2,58.7,2026-07-14 09:17:56
SIDEWAY,SIDEWAY|BOTTOM|BUY NOW|RSI_MID|RS_OK|VOL_STRONG|ATR_OK|BELOW_MA20,6,1.2,58.7,2026-07-14 09:17:56
SIDEWAY,SIDEWAY|MOMENTUM|SKIP|RSI_MID_HIGH|RS_BAD|VOL_STRONG|ATR_LOW|ABOVE_MA20,6,1.2,58.7,2026-07-14 09:17:56
WEAK,WEAK|BOTTOM_WATCH|SKIP|RSI_WEAK|RS_STRONG|VOL_LOW|ATR_OK|BELOW_MA20,6,1.2,58.7,2026-07-14 09:17:56
WEAK,WEAK|BOTTOM|BUY NOW|RSI_LOW|RS_BAD|VOL_LOW|ATR_LOW|ABOVE_MA20,6,1.2,58.7,2026-07-14 09:17:56
WEAK,WEAK|BOTTOM|BUY NOW|RSI_MID_HIGH|RS_STRONG|VOL_OK|ATR_OK|ABOVE_MA20,6,1.2,58.7,2026-07-14 09:17:56
WEAK,WEAK|BOTTOM|BUY NOW|RSI_MID|RS_OK|VOL_STRONG|ATR_OK|BELOW_MA20,6,1.2,58.7,2026-07-14 09:17:56
WEAK,WEAK|BOTTOM|BUY NOW|RSI_MID|RS_WEAK|VOL_STRONG|ATR_OK|ABOVE_MA20,6,1.2,58.7,2026-07-14 09:17:56
WEAK,WEAK|MOMENTUM_WATCH|SKIP|RSI_HIGH|RS_OK|VOL_OK|ATR_LOW|ABOVE_MA20,6,1.2,58.7,2026-07-14 09:17:56
WEAK,WEAK|MOMENTUM|WAIT|RSI_MID|RS_WEAK|VOL_OK|ATR_LOW|ABOVE_MA20,6,1.2,58.7,2026-07-14 09:17:56
WEAK,WEAK|BOTTOM_WATCH|WAIT|RSI_HIGH|RS_OK|VOL_OK|ATR_LOW|ABOVE_MA20,14,2.91,58.69,2026-07-14 09:17:56
SIDEWAY,SIDEWAY|MOMENTUM_WATCH|SKIP|RSI_MID|RS_BAD|VOL_OK|ATR_LOW|ABOVE_MA20,6,1.2,58.69,2026-07-14 09:17:56
POSITIVE,POSITIVE|MOMENTUM_WATCH|SKIP|RSI_HIGH|RS_OK|VOL_OK|ATR_LOW|ABOVE_MA20,17,3.59,58.67,2026-07-14 09:17:56
POSITIVE,POSITIVE|MOMENTUM|WATCHLIST|RSI_HIGH|RS_STRONG|VOL_STRONG|ATR_LOW|ABOVE_MA20,90,18.6,58.66,2026-07-14 09:17:56
POSITIVE,POSITIVE|BOTTOM|BUY NOW|RSI_LOW|RS_OK|VOL_STRONG|ATR_LOW|ABOVE_MA20,42,8.96,58.64,2026-07-14 09:17:55
SIDEWAY,SIDEWAY|BOTTOM_WATCH|WATCHLIST|RSI_MID_HIGH|RS_WEAK|VOL_OK|ATR_LOW|ABOVE_MA20,81,17.47,58.63,2026-07-14 09:17:56
SIDEWAY,SIDEWAY|BOTTOM|SKIP|RSI_LOW|RS_STRONG|VOL_LOW|ATR_OK|BELOW_MA20,18,3.6,58.62,2026-07-14 09:17:56
DOWNTREND,DOWNTREND|BOTTOM_WATCH|SKIP|RSI_MID_HIGH|RS_OK|VOL_LOW|ATR_LOW|BELOW_MA20,31,6.48,58.61,2026-07-14 09:17:55
WEAK,WEAK|BOTTOM|WAIT|RSI_HIGH|RS_OK|VOL_LOW|ATR_LOW|ABOVE_MA20,18,3.6,58.61,2026-07-14 09:17:56
DOWNTREND,DOWNTREND|MOMENTUM_WATCH|WATCHLIST|RSI_MID_HIGH|RS_OK|VOL_LOW|ATR_LOW|BELOW_MA20,13,2.63,58.61,2026-07-14 09:17:55
SIDEWAY,SIDEWAY|MOMENTUM|WATCHLIST|RSI_HIGH|RS_STRONG|VOL_LOW|ATR_LOW|ABOVE_MA20,13,2.63,58.6,2026-07-14 09:17:56
SIDEWAY,SIDEWAY|MOMENTUM|SKIP|RSI_HIGH|RS_STRONG|VOL_OK|ATR_LOW|ABOVE_MA20,54,11.46,58.57,2026-07-14 09:17:56
SIDEWAY,SIDEWAY|MOMENTUM|SKIP|RSI_HIGH|RS_STRONG|VOL_LOW|ATR_LOW|ABOVE_MA20,49,10.44,58.57,2026-07-14 09:17:56
DOWNTREND,DOWNTREND|MOMENTUM_WATCH|WATCHLIST|RSI_HIGH|RS_STRONG|VOL_LOW|ATR_LOW|ABOVE_MA20,30,6.0,58.57,2026-07-14 09:17:55
SIDEWAY,SIDEWAY|MOMENTUM|WATCHLIST|RSI_HIGH|RS_STRONG|VOL_STRONG|ATR_LOW|ABOVE_MA20,114,23.43,58.55,2026-07-14 09:17:56
WEAK,WEAK|MOMENTUM_WATCH|WATCHLIST|RSI_MID_HIGH|RS_OK|VOL_OK|ATR_LOW|ABOVE_MA20,491,104.01,58.54,2026-07-14 09:17:56
WEAK,WEAK|BOTTOM|SKIP|RSI_MID|RS_STRONG|VOL_LOW|ATR_LOW|ABOVE_MA20,145,30.17,58.54,2026-07-14 09:17:56
POSITIVE,POSITIVE|MOMENTUM|BUY NOW|RSI_MID_HIGH|RS_STRONG|VOL_LOW|ATR_LOW|ABOVE_MA20,478,98.45,58.53,2026-07-14 09:17:56
WEAK,WEAK|MOMENTUM_WATCH|SKIP|RSI_MID|RS_STRONG|VOL_LOW|ATR_LOW|ABOVE_MA20,133,28.75,58.5,2026-07-14 09:17:56
SIDEWAY,SIDEWAY|BOTTOM|BUY NOW|RSI_LOW|RS_BAD|VOL_STRONG|ATR_LOW|BELOW_MA20,113,24.88,58.5,2026-07-14 09:17:56
DOWNTREND,DOWNTREND|BOTTOM|WAIT|RSI_MID|RS_STRONG|VOL_STRONG|ATR_LOW|ABOVE_MA20,22,4.59,58.5,2026-07-14 09:17:55
DOWNTREND,DOWNTREND|BOTTOM|SKIP|RSI_WEAK|RS_BAD|VOL_OK|ATR_OK|BELOW_MA20,13,2.6,58.49,2026-07-14 09:17:55
WEAK,WEAK|BOTTOM_WATCH|WATCHLIST|RSI_LOW|RS_OK|VOL_LOW|ATR_LOW|ABOVE_MA20,13,2.6,58.49,2026-07-14 09:17:56
WEAK,WEAK|BOTTOM|SKIP|RSI_MID|RS_STRONG|VOL_LOW|ATR_OK|ABOVE_MA20,13,2.6,58.49,2026-07-14 09:17:56
DOWNTREND,DOWNTREND|BOTTOM|BUY NOW|RSI_MID|RS_STRONG|VOL_STRONG|ATR_LOW|ABOVE_MA20,26,5.34,58.47,2026-07-14 09:17:55
POSITIVE,POSITIVE|MOMENTUM|WAIT|RSI_MID_HIGH|RS_OK|VOL_OK|ATR_LOW|ABOVE_MA20,561,117.03,58.45,2026-07-14 09:17:56
POSITIVE,POSITIVE|BOTTOM|SKIP|RSI_MID|RS_WEAK|VOL_LOW|ATR_OK|BELOW_MA20,22,5.1,58.45,2026-07-14 09:17:55
WEAK,WEAK|BOTTOM|SKIP|RSI_MID|RS_STRONG|VOL_LOW|ATR_OK|BELOW_MA20,19,3.98,58.44,2026-07-14 09:17:56
WEAK,WEAK|MOMENTUM|BUY NOW|RSI_MID_HIGH|RS_STRONG|VOL_STRONG|ATR_LOW|ABOVE_MA20,2208,465.56,58.43,2026-07-14 09:17:56
WEAK,WEAK|MOMENTUM|WATCHLIST|RSI_HIGH|RS_STRONG|VOL_LOW|ATR_LOW|ABOVE_MA20,20,4.03,58.43,2026-07-14 09:17:56
WEAK,WEAK|BOTTOM|WAIT|RSI_MID_HIGH|RS_STRONG|VOL_LOW|ATR_LOW|ABOVE_MA20,23,4.67,58.41,2026-07-14 09:17:56
POSITIVE,POSITIVE|BOTTOM|SKIP|RSI_WEAK|RS_BAD|VOL_LOW|ATR_LOW|BELOW_MA20,178,39.55,58.35,2026-07-14 09:17:55
SIDEWAY,SIDEWAY|BOTTOM|WAIT|RSI_MID|RS_BAD|VOL_OK|ATR_LOW|BELOW_MA20,4,1.12,58.35,2026-07-14 09:17:56
DOWNTREND,DOWNTREND|BOTTOM|SKIP|RSI_LOW|RS_BAD|VOL_OK|ATR_OK|BELOW_MA20,8,1.6,58.33,2026-07-14 09:17:55
DOWNTREND,DOWNTREND|MOMENTUM_WATCH|WAIT|RSI_HIGH|RS_OK|VOL_LOW|ATR_LOW|ABOVE_MA20,8,1.6,58.33,2026-07-14 09:17:55
POSITIVE,POSITIVE|MOMENTUM_WATCH|SKIP|RSI_MID_HIGH|RS_OK|VOL_LOW|ATR_OK|ABOVE_MA20,8,1.6,58.33,2026-07-14 09:17:56
POSITIVE,POSITIVE|MOMENTUM|SKIP|RSI_MID_HIGH|RS_BAD|VOL_STRONG|ATR_LOW|ABOVE_MA20,8,1.6,58.33,2026-07-14 09:17:56
SIDEWAY,SIDEWAY|MOMENTUM_WATCH|SKIP|RSI_MID_HIGH|RS_OK|VOL_LOW|ATR_OK|ABOVE_MA20,8,1.6,58.33,2026-07-14 09:17:56
WEAK,WEAK|MOMENTUM_WATCH|WATCHLIST|RSI_MID|RS_WEAK|VOL_STRONG|ATR_LOW|ABOVE_MA20,8,1.6,58.33,2026-07-14 09:17:56
SIDEWAY,SIDEWAY|BOTTOM|WAIT|RSI_MID|RS_STRONG|VOL_STRONG|ATR_LOW|ABOVE_MA20,6,1.26,58.33,2026-07-14 09:17:56
POSITIVE,POSITIVE|BOTTOM|BUY NOW|RSI_LOW|RS_WEAK|VOL_STRONG|ATR_LOW|ABOVE_MA20,79,17.9,58.3,2026-07-14 09:17:55
WEAK,WEAK|BOTTOM|BUY NOW|RSI_MID_HIGH|RS_WEAK|VOL_STRONG|ATR_LOW|BELOW_MA20,14,3.03,58.29,2026-07-14 09:17:56
POSITIVE,POSITIVE|MOMENTUM|WAIT|RSI_MID_HIGH|RS_STRONG|VOL_OK|ATR_LOW|FAR_MA20,7,1.59,58.29,2026-07-14 09:17:56
SIDEWAY,SIDEWAY|MOMENTUM|WAIT|RSI_MID_HIGH|RS_STRONG|VOL_OK|ATR_LOW|FAR_MA20,7,1.59,58.29,2026-07-14 09:17:56
WEAK,WEAK|MOMENTUM|WAIT|RSI_MID_HIGH|RS_STRONG|VOL_OK|ATR_LOW|FAR_MA20,7,1.59,58.29,2026-07-14 09:17:56
POSITIVE,POSITIVE|WATCH|WAIT|RSI_HIGH|RS_OK|VOL_LOW|ATR_LOW|ABOVE_MA20,3,0.63,58.29,2026-07-14 09:17:56
WEAK,WEAK|WATCH|WAIT|RSI_HIGH|RS_STRONG|VOL_LOW|ATR_LOW|ABOVE_MA20,3,0.63,58.29,2026-07-14 09:17:56
SIDEWAY,SIDEWAY|MOMENTUM_WATCH|SKIP|RSI_HIGH|RS_OK|VOL_OK|ATR_LOW|ABOVE_MA20,14,2.99,58.23,2026-07-14 09:17:56
POSITIVE,POSITIVE|BOTTOM_WATCH|SKIP|RSI_MID|RS_WEAK|VOL_LOW|ATR_OK|ABOVE_MA20,3,0.62,58.23,2026-07-14 09:17:55
POSITIVE,POSITIVE|BOTTOM|BUY NOW|RSI_LOW|RS_BAD|VOL_STRONG|ATR_LOW|ABOVE_MA20,6,1.57,58.2,2026-07-14 09:17:55
POSITIVE,POSITIVE|MOMENTUM_WATCH|SKIP|RSI_HIGH|RS_WEAK|VOL_LOW|ATR_LOW|ABOVE_MA20,20,4.03,58.18,2026-07-14 09:17:56
DOWNTREND,DOWNTREND|BOTTOM|SKIP|RSI_MID_HIGH|RS_STRONG|VOL_LOW|ATR_LOW|ABOVE_MA20,15,3.0,58.18,2026-07-14 09:17:55
POSITIVE,POSITIVE|BOTTOM|BUY NOW|RSI_MID_HIGH|RS_OK|VOL_STRONG|ATR_LOW|BELOW_MA20,15,3.0,58.18,2026-07-14 09:17:55
SIDEWAY,SIDEWAY|BOTTOM_WATCH|WATCHLIST|RSI_LOW|RS_OK|VOL_LOW|ATR_LOW|ABOVE_MA20,15,3.0,58.18,2026-07-14 09:17:56
WEAK,WEAK|BOTTOM|SKIP|RSI_WEAK|RS_WEAK|VOL_LOW|ATR_OK|BELOW_MA20,15,3.0,58.18,2026-07-14 09:17:56
WEAK,WEAK|MOMENTUM_WATCH|WATCHLIST|RSI_MID_HIGH|RS_OK|VOL_STRONG|ATR_LOW|BELOW_MA20,15,3.0,58.18,2026-07-14 09:17:56
SIDEWAY,SIDEWAY|BOTTOM_WATCH|SKIP|RSI_MID|RS_BAD|VOL_LOW|ATR_OK|ABOVE_MA20,3,0.61,58.18,2026-07-14 09:17:56
WEAK,WEAK|BOTTOM_WATCH|SKIP|RSI_MID|RS_WEAK|VOL_LOW|ATR_OK|ABOVE_MA20,3,0.61,58.18,2026-07-14 09:17:56
SIDEWAY,SIDEWAY|BOTTOM|SKIP|RSI_MID|RS_BAD|VOL_STRONG|ATR_LOW|ABOVE_MA20,9,2.04,58.17,2026-07-14 09:17:56
DOWNTREND,DOWNTREND|BOTTOM_WATCH|SKIP|RSI_LOW|RS_BAD|VOL_LOW|ATR_LOW|BELOW_MA20,8,1.81,58.15,2026-07-14 09:17:55
SIDEWAY,SIDEWAY|WATCH|SKIP|RSI_MID|RS_WEAK|VOL_LOW|ATR_LOW|ABOVE_MA20,3,0.6,58.15,2026-07-14 09:17:56
WEAK,WEAK|MOMENTUM|WAIT|RSI_MID_HIGH|RS_OK|VOL_OK|ATR_OK|ABOVE_MA20,3,0.6,58.15,2026-07-14 09:17:56
WEAK,WEAK|WATCH|SKIP|RSI_MID|RS_WEAK|VOL_LOW|ATR_LOW|ABOVE_MA20,3,0.6,58.15,2026-07-14 09:17:56
POSITIVE,POSITIVE|BOTTOM|SKIP|RSI_MID_HIGH|RS_BAD|VOL_LOW|ATR_LOW|BELOW_MA20,8,1.63,58.14,2026-07-14 09:17:55
SIDEWAY,SIDEWAY|BOTTOM|SKIP|RSI_MID_HIGH|RS_BAD|VOL_LOW|ATR_LOW|BELOW_MA20,8,1.63,58.14,2026-07-14 09:17:56
POSITIVE,POSITIVE|MOMENTUM_WATCH|SKIP|RSI_MID_HIGH|RS_STRONG|VOL_LOW|ATR_OK|BELOW_MA20,4,1.08,58.14,2026-07-14 09:17:56
DOWNTREND,DOWNTREND|BOTTOM_WATCH|SKIP|RSI_WEAK|RS_BAD|VOL_OK|ATR_HIGH|BELOW_MA20,3,0.6,58.14,2026-07-14 09:17:55
DOWNTREND,DOWNTREND|BOTTOM_WATCH|WAIT|RSI_HIGH|RS_STRONG|VOL_LOW|ATR_LOW|FAR_MA20,3,0.6,58.14,2026-07-14 09:17:55
DOWNTREND,DOWNTREND|BOTTOM_WATCH|WATCHLIST|RSI_WEAK|RS_BAD|VOL_STRONG|ATR_OK|BELOW_MA20,3,0.6,58.14,2026-07-14 09:17:55
DOWNTREND,DOWNTREND|BOTTOM|BUY NOW|RSI_LOW|RS_OK|VOL_OK|ATR_OK|BELOW_MA20,3,0.6,58.14,2026-07-14 09:17:55
DOWNTREND,DOWNTREND|BOTTOM|BUY NOW|RSI_LOW|RS_STRONG|VOL_OK|ATR_OK|BELOW_MA20,3,0.6,58.14,2026-07-14 09:17:55
DOWNTREND,DOWNTREND|BOTTOM|BUY NOW|RSI_MID_HIGH|RS_STRONG|VOL_STRONG|ATR_LOW|ABOVE_MA20,3,0.6,58.14,2026-07-14 09:17:55
DOWNTREND,DOWNTREND|BOTTOM|WAIT|RSI_LOW|RS_BAD|VOL_LOW|ATR_LOW|BELOW_MA20,3,0.6,58.14,2026-07-14 09:17:55
DOWNTREND,DOWNTREND|MOMENTUM_WATCH|SKIP|RSI_HIGH|RS_OK|VOL_LOW|ATR_OK|ABOVE_MA20,3,0.6,58.14,2026-07-14 09:17:55
DOWNTREND,DOWNTREND|MOMENTUM_WATCH|WAIT|RSI_HIGH|RS_STRONG|VOL_OK|ATR_OK|FAR_MA20,3,0.6,58.14,2026-07-14 09:17:55
DOWNTREND,DOWNTREND|MOMENTUM|BUY NOW|RSI_MID_HIGH|RS_OK|VOL_LOW|ATR_OK|ABOVE_MA20,3,0.6,58.14,2026-07-14 09:17:55
DOWNTREND,DOWNTREND|MOMENTUM|WAIT|RSI_HIGH|RS_STRONG|VOL_STRONG|ATR_OK|FAR_MA20,3,0.6,58.14,2026-07-14 09:17:55
POSITIVE,POSITIVE|BOTTOM_WATCH|SKIP|RSI_HIGH|RS_BAD|VOL_LOW|ATR_LOW|BELOW_MA20,3,0.6,58.14,2026-07-14 09:17:55
POSITIVE,POSITIVE|BOTTOM_WATCH|SKIP|RSI_LOW|RS_BAD|VOL_OK|ATR_HIGH|BELOW_MA20,3,0.6,58.14,2026-07-14 09:17:55
POSITIVE,POSITIVE|BOTTOM_WATCH|SKIP|RSI_MID|RS_OK|VOL_LOW|ATR_HIGH|BELOW_MA20,3,0.6,58.14,2026-07-14 09:17:55
POSITIVE,POSITIVE|BOTTOM_WATCH|SKIP|RSI_MID|RS_STRONG|VOL_LOW|ATR_HIGH|BELOW_MA20,3,0.6,58.14,2026-07-14 09:17:55
POSITIVE,POSITIVE|BOTTOM_WATCH|WAIT|RSI_HIGH|RS_STRONG|VOL_OK|ATR_OK|FAR_MA20,3,0.6,58.14,2026-07-14 09:17:55
POSITIVE,POSITIVE|BOTTOM_WATCH|WATCHLIST|RSI_MID|RS_BAD|VOL_LOW|ATR_OK|BELOW_MA20,3,0.6,58.14,2026-07-14 09:17:55
POSITIVE,POSITIVE|BOTTOM|BUY NOW|RSI_LOW|RS_STRONG|VOL_LOW|ATR_OK|BELOW_MA20,3,0.6,58.14,2026-07-14 09:17:55
POSITIVE,POSITIVE|BOTTOM|BUY NOW|RSI_LOW|RS_STRONG|VOL_OK|ATR_OK|BELOW_MA20,3,0.6,58.14,2026-07-14 09:17:55
POSITIVE,POSITIVE|BOTTOM|BUY NOW|RSI_LOW|RS_STRONG|VOL_STRONG|ATR_LOW|BELOW_MA20,3,0.6,58.14,2026-07-14 09:17:55
POSITIVE,POSITIVE|BOTTOM|BUY NOW|RSI_MID_HIGH|RS_WEAK|VOL_STRONG|ATR_OK|BELOW_MA20,3,0.6,58.14,2026-07-14 09:17:55
POSITIVE,POSITIVE|BOTTOM|BUY NOW|RSI_MID|RS_OK|VOL_OK|ATR_OK|ABOVE_MA20,3,0.6,58.14,2026-07-14 09:17:55
POSITIVE,POSITIVE|BOTTOM|BUY NOW|RSI_MID|RS_WEAK|VOL_LOW|ATR_OK|ABOVE_MA20,3,0.6,58.14,2026-07-14 09:17:55
POSITIVE,POSITIVE|BOTTOM|BUY NOW|RSI_MID|RS_WEAK|VOL_STRONG|ATR_OK|ABOVE_MA20,3,0.6,58.14,2026-07-14 09:17:55
POSITIVE,POSITIVE|BOTTOM|BUY NOW|RSI_WEAK|RS_WEAK|VOL_OK|ATR_OK|BELOW_MA20,3,0.6,58.14,2026-07-14 09:17:55
POSITIVE,POSITIVE|BOTTOM|SKIP|RSI_LOW|RS_OK|VOL_LOW|ATR_HIGH|BELOW_MA20,3,0.6,58.14,2026-07-14 09:17:55
POSITIVE,POSITIVE|MOMENTUM_WATCH|SKIP|RSI_HIGH|RS_OK|VOL_STRONG|ATR_LOW|ABOVE_MA20,3,0.6,58.14,2026-07-14 09:17:56
POSITIVE,POSITIVE|MOMENTUM_WATCH|SKIP|RSI_HIGH|RS_STRONG|VOL_LOW|ATR_OK|ABOVE_MA20,3,0.6,58.14,2026-07-14 09:17:56
POSITIVE,POSITIVE|MOMENTUM_WATCH|SKIP|RSI_HIGH|RS_STRONG|VOL_STRONG|ATR_LOW|ABOVE_MA20,3,0.6,58.14,2026-07-14 09:17:56
POSITIVE,POSITIVE|MOMENTUM_WATCH|SKIP|RSI_MID_HIGH|RS_STRONG|VOL_LOW|ATR_HIGH|ABOVE_MA20,3,0.6,58.14,2026-07-14 09:17:56
POSITIVE,POSITIVE|MOMENTUM_WATCH|WAIT|RSI_HIGH|RS_STRONG|VOL_LOW|ATR_OK|ABOVE_MA20,3,0.6,58.14,2026-07-14 09:17:56
POSITIVE,POSITIVE|MOMENTUM_WATCH|WATCHLIST|RSI_MID_HIGH|RS_OK|VOL_LOW|ATR_OK|ABOVE_MA20,3,0.6,58.14,2026-07-14 09:17:56
POSITIVE,POSITIVE|MOMENTUM|BUY NOW|RSI_MID_HIGH|RS_WEAK|VOL_OK|ATR_OK|ABOVE_MA20,3,0.6,58.14,2026-07-14 09:17:56
POSITIVE,POSITIVE|MOMENTUM|WAIT|RSI_HIGH|RS_OK|VOL_OK|ATR_OK|ABOVE_MA20,3,0.6,58.14,2026-07-14 09:17:56
POSITIVE,POSITIVE|MOMENTUM|WAIT|RSI_HIGH|RS_STRONG|VOL_OK|ATR_OK|ABOVE_MA20,3,0.6,58.14,2026-07-14 09:17:56
POSITIVE,POSITIVE|WATCH|SKIP|RSI_MID|RS_BAD|VOL_LOW|ATR_LOW|ABOVE_MA20,3,0.6,58.14,2026-07-14 09:17:56
SIDEWAY,SIDEWAY|BOTTOM_WATCH|SKIP|RSI_HIGH|RS_BAD|VOL_LOW|ATR_LOW|ABOVE_MA20,3,0.6,58.14,2026-07-14 09:17:56
SIDEWAY,SIDEWAY|BOTTOM_WATCH|SKIP|RSI_HIGH|RS_BAD|VOL_LOW|ATR_LOW|BELOW_MA20,3,0.6,58.14,2026-07-14 09:17:56
SIDEWAY,SIDEWAY|BOTTOM_WATCH|SKIP|RSI_LOW|RS_BAD|VOL_OK|ATR_HIGH|BELOW_MA20,3,0.6,58.14,2026-07-14 09:17:56
SIDEWAY,SIDEWAY|BOTTOM_WATCH|SKIP|RSI_MID|RS_OK|VOL_LOW|ATR_HIGH|BELOW_MA20,3,0.6,58.14,2026-07-14 09:17:56
SIDEWAY,SIDEWAY|BOTTOM_WATCH|SKIP|RSI_WEAK|RS_STRONG|VOL_LOW|ATR_OK|BELOW_MA20,3,0.6,58.14,2026-07-14 09:17:56
SIDEWAY,SIDEWAY|BOTTOM_WATCH|WAIT|RSI_HIGH|RS_STRONG|VOL_OK|ATR_OK|FAR_MA20,3,0.6,58.14,2026-07-14 09:17:56
SIDEWAY,SIDEWAY|BOTTOM|BUY NOW|RSI_LOW|RS_STRONG|VOL_OK|ATR_OK|BELOW_MA20,3,0.6,58.14,2026-07-14 09:17:56
SIDEWAY,SIDEWAY|BOTTOM|BUY NOW|RSI_MID_HIGH|RS_STRONG|VOL_STRONG|ATR_LOW|ABOVE_MA20,3,0.6,58.14,2026-07-14 09:17:56
SIDEWAY,SIDEWAY|BOTTOM|BUY NOW|RSI_MID|RS_WEAK|VOL_LOW|ATR_OK|ABOVE_MA20,3,0.6,58.14,2026-07-14 09:17:56
SIDEWAY,SIDEWAY|BOTTOM|BUY NOW|RSI_WEAK|RS_WEAK|VOL_LOW|ATR_OK|BELOW_MA20,3,0.6,58.14,2026-07-14 09:17:56
SIDEWAY,SIDEWAY|BOTTOM|BUY NOW|RSI_WEAK|RS_WEAK|VOL_OK|ATR_OK|BELOW_MA20,3,0.6,58.14,2026-07-14 09:17:56
SIDEWAY,SIDEWAY|MOMENTUM_WATCH|SKIP|RSI_HIGH|RS_STRONG|VOL_LOW|ATR_OK|ABOVE_MA20,3,0.6,58.14,2026-07-14 09:17:56
SIDEWAY,SIDEWAY|MOMENTUM_WATCH|WAIT|RSI_HIGH|RS_OK|VOL_LOW|ATR_LOW|FAR_MA20,3,0.6,58.14,2026-07-14 09:17:56
SIDEWAY,SIDEWAY|MOMENTUM_WATCH|WAIT|RSI_HIGH|RS_STRONG|VOL_LOW|ATR_OK|ABOVE_MA20,3,0.6,58.14,2026-07-14 09:17:56
SIDEWAY,SIDEWAY|MOMENTUM|WAIT|RSI_MID_HIGH|RS_OK|VOL_LOW|ATR_OK|ABOVE_MA20,3,0.6,58.14,2026-07-14 09:17:56
WEAK,WEAK|BOTTOM_WATCH|SKIP|RSI_LOW|RS_BAD|VOL_OK|ATR_HIGH|BELOW_MA20,3,0.6,58.14,2026-07-14 09:17:56
WEAK,WEAK|BOTTOM_WATCH|SKIP|RSI_MID|RS_OK|VOL_LOW|ATR_OK|ABOVE_MA20,3,0.6,58.14,2026-07-14 09:17:56
WEAK,WEAK|BOTTOM_WATCH|SKIP|RSI_WEAK|RS_OK|VOL_LOW|ATR_OK|BELOW_MA20,3,0.6,58.14,2026-07-14 09:17:56
WEAK,WEAK|BOTTOM_WATCH|WAIT|RSI_HIGH|RS_STRONG|VOL_OK|ATR_OK|FAR_MA20,3,0.6,58.14,2026-07-14 09:17:56
WEAK,WEAK|BOTTOM_WATCH|WATCHLIST|RSI_MID|RS_BAD|VOL_LOW|ATR_OK|BELOW_MA20,3,0.6,58.14,2026-07-14 09:17:56
WEAK,WEAK|BOTTOM_WATCH|WATCHLIST|RSI_MID|RS_OK|VOL_LOW|ATR_OK|BELOW_MA20,3,0.6,58.14,2026-07-14 09:17:56
WEAK,WEAK|BOTTOM_WATCH|WATCHLIST|RSI_WEAK|RS_BAD|VOL_LOW|ATR_OK|BELOW_MA20,3,0.6,58.14,2026-07-14 09:17:56
WEAK,WEAK|BOTTOM_WATCH|WATCHLIST|RSI_WEAK|RS_BAD|VOL_OK|ATR_OK|BELOW_MA20,3,0.6,58.14,2026-07-14 09:17:56
WEAK,WEAK|BOTTOM|BUY NOW|RSI_MID|RS_OK|VOL_OK|ATR_OK|ABOVE_MA20,3,0.6,58.14,2026-07-14 09:17:56
WEAK,WEAK|BOTTOM|BUY NOW|RSI_WEAK|RS_BAD|VOL_OK|ATR_OK|BELOW_MA20,3,0.6,58.14,2026-07-14 09:17:56
WEAK,WEAK|BOTTOM|BUY NOW|RSI_WEAK|RS_OK|VOL_OK|ATR_OK|BELOW_MA20,3,0.6,58.14,2026-07-14 09:17:56
WEAK,WEAK|BOTTOM|SKIP|RSI_HIGH|RS_WEAK|VOL_LOW|ATR_LOW|BELOW_MA20,3,0.6,58.14,2026-07-14 09:17:56
WEAK,WEAK|MOMENTUM_WATCH|SKIP|RSI_HIGH|RS_BAD|VOL_LOW|ATR_LOW|ABOVE_MA20,3,0.6,58.14,2026-07-14 09:17:56
WEAK,WEAK|MOMENTUM_WATCH|SKIP|RSI_HIGH|RS_OK|VOL_LOW|ATR_OK|ABOVE_MA20,3,0.6,58.14,2026-07-14 09:17:56
WEAK,WEAK|MOMENTUM_WATCH|SKIP|RSI_HIGH|RS_STRONG|VOL_LOW|ATR_OK|ABOVE_MA20,3,0.6,58.14,2026-07-14 09:17:56
WEAK,WEAK|MOMENTUM_WATCH|WAIT|RSI_HIGH|RS_STRONG|VOL_LOW|ATR_OK|ABOVE_MA20,3,0.6,58.14,2026-07-14 09:17:56
WEAK,WEAK|MOMENTUM_WATCH|WATCHLIST|RSI_MID_HIGH|RS_BAD|VOL_LOW|ATR_LOW|ABOVE_MA20,3,0.6,58.14,2026-07-14 09:17:56
WEAK,WEAK|MOMENTUM|BUY NOW|RSI_MID_HIGH|RS_OK|VOL_LOW|ATR_LOW|FAR_MA20,3,0.6,58.14,2026-07-14 09:17:56
WEAK,WEAK|MOMENTUM|BUY NOW|RSI_MID|RS_OK|VOL_STRONG|ATR_OK|ABOVE_MA20,3,0.6,58.14,2026-07-14 09:17:56
WEAK,WEAK|MOMENTUM|WAIT|RSI_MID_HIGH|RS_OK|VOL_LOW|ATR_OK|ABOVE_MA20,3,0.6,58.14,2026-07-14 09:17:56
WEAK,WEAK|BOTTOM|SKIP|RSI_WEAK|RS_BAD|VOL_OK|ATR_LOW|BELOW_MA20,122,26.27,58.13,2026-07-14 09:17:56
WEAK,WEAK|BOTTOM_WATCH|WAIT|RSI_HIGH|RS_STRONG|VOL_LOW|ATR_LOW|ABOVE_MA20,16,3.46,58.13,2026-07-14 09:17:56
DOWNTREND,DOWNTREND|BOTTOM|SKIP|RSI_LOW|RS_BAD|VOL_OK|ATR_LOW|BELOW_MA20,27,5.57,58.12,2026-07-14 09:17:55
POSITIVE,POSITIVE|MOMENTUM_WATCH|WATCHLIST|RSI_MID_HIGH|RS_WEAK|VOL_LOW|ATR_LOW|ABOVE_MA20,355,73.41,58.1,2026-07-14 09:17:56
WEAK,WEAK|BOTTOM|BUY NOW|RSI_MID|RS_STRONG|VOL_LOW|ATR_LOW|BELOW_MA20,114,24.1,58.1,2026-07-14 09:17:56
POSITIVE,POSITIVE|MOMENTUM|SKIP|RSI_HIGH|RS_STRONG|VOL_LOW|ATR_LOW|ABOVE_MA20,41,9.28,58.1,2026-07-14 09:17:56
POSITIVE,POSITIVE|MOMENTUM_WATCH|WATCHLIST|RSI_HIGH|RS_STRONG|VOL_OK|ATR_LOW|FAR_MA20,27,5.43,58.07,2026-07-14 09:17:56
SIDEWAY,SIDEWAY|MOMENTUM_WATCH|WATCHLIST|RSI_HIGH|RS_STRONG|VOL_OK|ATR_LOW|FAR_MA20,27,5.43,58.07,2026-07-14 09:17:56
WEAK,WEAK|MOMENTUM_WATCH|WATCHLIST|RSI_HIGH|RS_STRONG|VOL_OK|ATR_LOW|FAR_MA20,27,5.43,58.07,2026-07-14 09:17:56
WEAK,WEAK|BOTTOM|SKIP|RSI_WEAK|RS_STRONG|VOL_LOW|ATR_LOW|BELOW_MA20,22,4.75,58.05,2026-07-14 09:17:56
WEAK,WEAK|MOMENTUM_WATCH|WATCHLIST|RSI_MID|RS_STRONG|VOL_OK|ATR_LOW|ABOVE_MA20,74,15.0,58.04,2026-07-14 09:17:56
POSITIVE,POSITIVE|BOTTOM|WAIT|RSI_MID|RS_BAD|VOL_LOW|ATR_LOW|BELOW_MA20,19,4.06,58.03,2026-07-14 09:17:55
SIDEWAY,SIDEWAY|BOTTOM_WATCH|WATCHLIST|RSI_MID|RS_BAD|VOL_LOW|ATR_LOW|ABOVE_MA20,10,2.01,58.03,2026-07-14 09:17:56
POSITIVE,POSITIVE|BOTTOM_WATCH|SKIP|RSI_MID_HIGH|RS_WEAK|VOL_LOW|ATR_LOW|BELOW_MA20,161,35.6,58.0,2026-07-14 09:17:55
SIDEWAY,SIDEWAY|BOTTOM_WATCH|WATCHLIST|RSI_MID|RS_OK|VOL_STRONG|ATR_LOW|ABOVE_MA20,16,3.43,58.0,2026-07-14 09:17:56
DOWNTREND,DOWNTREND|MOMENTUM|WAIT|RSI_MID|RS_OK|VOL_STRONG|ATR_LOW|ABOVE_MA20,10,2.0,58.0,2026-07-14 09:17:55
POSITIVE,POSITIVE|MOMENTUM|WAIT|RSI_MID_HIGH|RS_STRONG|VOL_LOW|ATR_LOW|FAR_MA20,10,2.0,58.0,2026-07-14 09:17:56
SIDEWAY,SIDEWAY|BOTTOM|SKIP|RSI_MID|RS_STRONG|VOL_LOW|ATR_OK|ABOVE_MA20,10,2.0,58.0,2026-07-14 09:17:56
SIDEWAY,SIDEWAY|BOTTOM|WAIT|RSI_HIGH|RS_WEAK|VOL_LOW|ATR_LOW|ABOVE_MA20,10,2.0,58.0,2026-07-14 09:17:56
SIDEWAY,SIDEWAY|MOMENTUM|WAIT|RSI_MID_HIGH|RS_STRONG|VOL_LOW|ATR_LOW|FAR_MA20,10,2.0,58.0,2026-07-14 09:17:56
WEAK,WEAK|BOTTOM_WATCH|WATCHLIST|RSI_MID|RS_STRONG|VOL_OK|ATR_LOW|BELOW_MA20,10,2.0,58.0,2026-07-14 09:17:56
WEAK,WEAK|MOMENTUM|WAIT|RSI_MID_HIGH|RS_STRONG|VOL_LOW|ATR_LOW|FAR_MA20,10,2.0,58.0,2026-07-14 09:17:56
POSITIVE,POSITIVE|BOTTOM|WAIT|RSI_MID|RS_BAD|VOL_OK|ATR_LOW|BELOW_MA20,6,1.52,58.0,2026-07-14 09:17:55
POSITIVE,POSITIVE|MOMENTUM_WATCH|WATCHLIST|RSI_MID_HIGH|RS_WEAK|VOL_STRONG|ATR_LOW|ABOVE_MA20,213,44.23,57.97,2026-07-14 09:17:56
WEAK,WEAK|MOMENTUM|SKIP|RSI_HIGH|RS_STRONG|VOL_LOW|ATR_LOW|ABOVE_MA20,67,14.24,57.97,2026-07-14 09:17:56
POSITIVE,POSITIVE|MOMENTUM|SKIP|RSI_HIGH|RS_OK|VOL_STRONG|ATR_LOW|ABOVE_MA20,29,5.8,57.97,2026-07-14 09:17:56
POSITIVE,POSITIVE|MOMENTUM_WATCH|WATCHLIST|RSI_MID_HIGH|RS_STRONG|VOL_LOW|ATR_LOW|ABOVE_MA20,222,45.31,57.96,2026-07-14 09:17:56
WEAK,WEAK|BOTTOM|BUY NOW|RSI_MID|RS_OK|VOL_OK|ATR_LOW|ABOVE_MA20,393,83.13,57.95,2026-07-14 09:17:56
POSITIVE,POSITIVE|MOMENTUM_WATCH|WAIT|RSI_HIGH|RS_OK|VOL_LOW|ATR_LOW|ABOVE_MA20,199,40.48,57.95,2026-07-14 09:17:56
POSITIVE,POSITIVE|BOTTOM|BUY NOW|RSI_MID|RS_BAD|VOL_OK|ATR_LOW|BELOW_MA20,82,16.98,57.95,2026-07-14 09:17:55
SIDEWAY,SIDEWAY|BOTTOM|BUY NOW|RSI_MID_HIGH|RS_WEAK|VOL_LOW|ATR_LOW|BELOW_MA20,76,16.62,57.94,2026-07-14 09:17:56
WEAK,WEAK|MOMENTUM_WATCH|SKIP|RSI_MID|RS_WEAK|VOL_LOW|ATR_LOW|ABOVE_MA20,17,3.41,57.94,2026-07-14 09:17:56
POSITIVE,POSITIVE|MOMENTUM_WATCH|SKIP|RSI_MID_HIGH|RS_WEAK|VOL_LOW|ATR_LOW|BELOW_MA20,4,1.04,57.94,2026-07-14 09:17:56
SIDEWAY,SIDEWAY|MOMENTUM|WAIT|RSI_HIGH|RS_OK|VOL_LOW|ATR_LOW|ABOVE_MA20,68,15.1,57.93,2026-07-14 09:17:56
WEAK,WEAK|MOMENTUM|WAIT|RSI_MID|RS_OK|VOL_LOW|ATR_LOW|ABOVE_MA20,72,14.82,57.93,2026-07-14 09:17:56
WEAK,WEAK|MOMENTUM|WAIT|RSI_MID_HIGH|RS_OK|VOL_LOW|ATR_LOW|ABOVE_MA20,437,92.69,57.92,2026-07-14 09:17:56
WEAK,WEAK|MOMENTUM_WATCH|SKIP|RSI_MID|RS_BAD|VOL_LOW|ATR_LOW|ABOVE_MA20,15,3.87,57.92,2026-07-14 09:17:56
SIDEWAY,SIDEWAY|BOTTOM|BUY NOW|RSI_MID_HIGH|RS_BAD|VOL_OK|ATR_LOW|ABOVE_MA20,5,1.03,57.92,2026-07-14 09:17:56
DOWNTREND,DOWNTREND|BOTTOM|WAIT|RSI_MID|RS_STRONG|VOL_LOW|ATR_LOW|ABOVE_MA20,34,6.9,57.91,2026-07-14 09:17:55
POSITIVE,POSITIVE|MOMENTUM_WATCH|WATCHLIST|RSI_HIGH|RS_STRONG|VOL_OK|ATR_LOW|ABOVE_MA20,55,11.0,57.89,2026-07-14 09:17:56
SIDEWAY,SIDEWAY|MOMENTUM|WAIT|RSI_MID|RS_STRONG|VOL_LOW|ATR_LOW|ABOVE_MA20,10,2.45,57.89,2026-07-14 09:17:56
SIDEWAY,SIDEWAY|MOMENTUM|BUY NOW|RSI_MID_HIGH|RS_STRONG|VOL_LOW|ATR_LOW|ABOVE_MA20,626,131.25,57.88,2026-07-14 09:17:56
DOWNTREND,DOWNTREND|MOMENTUM_WATCH|WATCHLIST|RSI_MID_HIGH|RS_OK|VOL_STRONG|ATR_LOW|ABOVE_MA20,9,1.97,57.87,2026-07-14 09:17:55
SIDEWAY,SIDEWAY|BOTTOM|WAIT|RSI_LOW|RS_BAD|VOL_OK|ATR_LOW|BELOW_MA20,78,17.96,57.86,2026-07-14 09:17:56
DOWNTREND,DOWNTREND|BOTTOM|BUY NOW|RSI_LOW|RS_OK|VOL_LOW|ATR_OK|BELOW_MA20,5,1.02,57.86,2026-07-14 09:17:55
SIDEWAY,SIDEWAY|WATCH|SKIP|RSI_MID|RS_OK|VOL_LOW|ATR_LOW|ABOVE_MA20,6,1.53,57.84,2026-07-14 09:17:56
SIDEWAY,SIDEWAY|BOTTOM|BUY NOW|RSI_MID|RS_WEAK|VOL_OK|ATR_LOW|ABOVE_MA20,303,69.31,57.83,2026-07-14 09:17:56
SIDEWAY,SIDEWAY|BOTTOM_WATCH|SKIP|RSI_MID_HIGH|RS_WEAK|VOL_LOW|ATR_LOW|ABOVE_MA20,153,33.28,57.81,2026-07-14 09:17:56
WEAK,WEAK|MOMENTUM|BUY NOW|RSI_MID_HIGH|RS_WEAK|VOL_LOW|ATR_LOW|ABOVE_MA20,57,11.45,57.81,2026-07-14 09:17:56
DOWNTREND,DOWNTREND|BOTTOM|BUY NOW|RSI_LOW|RS_WEAK|VOL_OK|ATR_OK|BELOW_MA20,5,1.01,57.81,2026-07-14 09:17:55
WEAK,WEAK|MOMENTUM|SKIP|RSI_MID_HIGH|RS_BAD|VOL_OK|ATR_LOW|ABOVE_MA20,5,1.0,57.8,2026-07-14 09:17:56
WEAK,WEAK|MOMENTUM|WAIT|RSI_MID|RS_OK|VOL_OK|ATR_LOW|ABOVE_MA20,82,17.49,57.79,2026-07-14 09:17:56
DOWNTREND,DOWNTREND|BOTTOM_WATCH|SKIP|RSI_MID|RS_STRONG|VOL_LOW|ATR_LOW|ABOVE_MA20,59,12.23,57.79,2026-07-14 09:17:55
DOWNTREND,DOWNTREND|BOTTOM|WAIT|RSI_MID_HIGH|RS_OK|VOL_STRONG|ATR_LOW|ABOVE_MA20,12,2.42,57.79,2026-07-14 09:17:55
POSITIVE,POSITIVE|MOMENTUM_WATCH|WATCHLIST|RSI_MID|RS_STRONG|VOL_LOW|ATR_LOW|ABOVE_MA20,36,7.68,57.78,2026-07-14 09:17:56
DOWNTREND,DOWNTREND|BOTTOM|BUY NOW|RSI_MID_HIGH|RS_OK|VOL_STRONG|ATR_LOW|BELOW_MA20,5,1.0,57.78,2026-07-14 09:17:55
DOWNTREND,DOWNTREND|BOTTOM|BUY NOW|RSI_MID_HIGH|RS_WEAK|VOL_STRONG|ATR_LOW|ABOVE_MA20,5,1.0,57.78,2026-07-14 09:17:55
DOWNTREND,DOWNTREND|BOTTOM|BUY NOW|RSI_MID|RS_STRONG|VOL_LOW|ATR_OK|ABOVE_MA20,5,1.0,57.78,2026-07-14 09:17:55
DOWNTREND,DOWNTREND|BOTTOM|BUY NOW|RSI_WEAK|RS_WEAK|VOL_STRONG|ATR_OK|BELOW_MA20,5,1.0,57.78,2026-07-14 09:17:55
DOWNTREND,DOWNTREND|BOTTOM|SKIP|RSI_MID|RS_STRONG|VOL_LOW|ATR_OK|ABOVE_MA20,5,1.0,57.78,2026-07-14 09:17:55
DOWNTREND,DOWNTREND|MOMENTUM_WATCH|WAIT|RSI_HIGH|RS_STRONG|VOL_STRONG|ATR_LOW|FAR_MA20,5,1.0,57.78,2026-07-14 09:17:55
DOWNTREND,DOWNTREND|MOMENTUM|WAIT|RSI_HIGH|RS_OK|VOL_LOW|ATR_LOW|ABOVE_MA20,5,1.0,57.78,2026-07-14 09:17:55
POSITIVE,POSITIVE|BOTTOM_WATCH|SKIP|RSI_HIGH|RS_BAD|VOL_LOW|ATR_LOW|ABOVE_MA20,5,1.0,57.78,2026-07-14 09:17:55
POSITIVE,POSITIVE|BOTTOM_WATCH|SKIP|RSI_WEAK|RS_OK|VOL_LOW|ATR_OK|BELOW_MA20,5,1.0,57.78,2026-07-14 09:17:55
POSITIVE,POSITIVE|BOTTOM_WATCH|SKIP|RSI_WEAK|RS_STRONG|VOL_LOW|ATR_LOW|BELOW_MA20,5,1.0,57.78,2026-07-14 09:17:55
POSITIVE,POSITIVE|BOTTOM|BUY NOW|RSI_MID|RS_OK|VOL_STRONG|ATR_OK|BELOW_MA20,5,1.0,57.78,2026-07-14 09:17:55
POSITIVE,POSITIVE|BOTTOM|SKIP|RSI_MID|RS_OK|VOL_LOW|ATR_OK|ABOVE_MA20,5,1.0,57.78,2026-07-14 09:17:55
POSITIVE,POSITIVE|BOTTOM|SKIP|RSI_MID|RS_WEAK|VOL_LOW|ATR_OK|ABOVE_MA20,5,1.0,57.78,2026-07-14 09:17:55
POSITIVE,POSITIVE|MOMENTUM_WATCH|SKIP|RSI_HIGH|RS_BAD|VOL_LOW|ATR_LOW|ABOVE_MA20,5,1.0,57.78,2026-07-14 09:17:56
POSITIVE,POSITIVE|MOMENTUM_WATCH|WATCHLIST|RSI_MID_HIGH|RS_STRONG|VOL_LOW|ATR_OK|FAR_MA20,5,1.0,57.78,2026-07-14 09:17:56
POSITIVE,POSITIVE|MOMENTUM_WATCH|WATCHLIST|RSI_MID_HIGH|RS_WEAK|VOL_LOW|ATR_OK|ABOVE_MA20,5,1.0,57.78,2026-07-14 09:17:56
SIDEWAY,SIDEWAY|BOTTOM_WATCH|SKIP|RSI_LOW|RS_BAD|VOL_LOW|ATR_OK|BELOW_MA20,5,1.0,57.78,2026-07-14 09:17:56
SIDEWAY,SIDEWAY|BOTTOM_WATCH|WAIT|RSI_HIGH|RS_WEAK|VOL_OK|ATR_LOW|ABOVE_MA20,5,1.0,57.78,2026-07-14 09:17:56
SIDEWAY,SIDEWAY|BOTTOM|BUY NOW|RSI_LOW|RS_BAD|VOL_STRONG|ATR_LOW|ABOVE_MA20,5,1.0,57.78,2026-07-14 09:17:56
SIDEWAY,SIDEWAY|BOTTOM|BUY NOW|RSI_MID|RS_OK|VOL_LOW|ATR_OK|ABOVE_MA20,5,1.0,57.78,2026-07-14 09:17:56
SIDEWAY,SIDEWAY|BOTTOM|SKIP|RSI_MID|RS_OK|VOL_LOW|ATR_OK|ABOVE_MA20,5,1.0,57.78,2026-07-14 09:17:56
SIDEWAY,SIDEWAY|MOMENTUM_WATCH|WATCHLIST|RSI_HIGH|RS_OK|VOL_STRONG|ATR_LOW|ABOVE_MA20,5,1.0,57.78,2026-07-14 09:17:56
SIDEWAY,SIDEWAY|MOMENTUM_WATCH|WATCHLIST|RSI_MID_HIGH|RS_STRONG|VOL_LOW|ATR_OK|FAR_MA20,5,1.0,57.78,2026-07-14 09:17:56
SIDEWAY,SIDEWAY|MOMENTUM|WAIT|RSI_HIGH|RS_OK|VOL_STRONG|ATR_LOW|FAR_MA20,5,1.0,57.78,2026-07-14 09:17:56
WEAK,WEAK|BOTTOM_WATCH|SKIP|RSI_LOW|RS_BAD|VOL_LOW|ATR_OK|BELOW_MA20,5,1.0,57.78,2026-07-14 09:17:56
WEAK,WEAK|BOTTOM_WATCH|SKIP|RSI_WEAK|RS_WEAK|VOL_LOW|ATR_HIGH|BELOW_MA20,5,1.0,57.78,2026-07-14 09:17:56
WEAK,WEAK|BOTTOM_WATCH|WATCHLIST|RSI_MID_HIGH|RS_BAD|VOL_LOW|ATR_LOW|BELOW_MA20,5,1.0,57.78,2026-07-14 09:17:56
WEAK,WEAK|BOTTOM_WATCH|WATCHLIST|RSI_WEAK|RS_BAD|VOL_STRONG|ATR_OK|BELOW_MA20,5,1.0,57.78,2026-07-14 09:17:56
WEAK,WEAK|MOMENTUM_WATCH|WATCHLIST|RSI_MID_HIGH|RS_STRONG|VOL_LOW|ATR_OK|FAR_MA20,5,1.0,57.78,2026-07-14 09:17:56
WEAK,WEAK|BOTTOM|SKIP|RSI_LOW|RS_STRONG|VOL_LOW|ATR_LOW|BELOW_MA20,329,72.52,57.77,2026-07-14 09:17:56
WEAK,WEAK|MOMENTUM|WAIT|RSI_HIGH|RS_STRONG|VOL_LOW|ATR_LOW|ABOVE_MA20,134,27.18,57.77,2026-07-14 09:17:56
WEAK,WEAK|BOTTOM|BUY NOW|RSI_LOW|RS_BAD|VOL_OK|ATR_LOW|BELOW_MA20,205,44.31,57.75,2026-07-14 09:17:56
WEAK,WEAK|MOMENTUM|BUY NOW|RSI_MID_HIGH|RS_WEAK|VOL_STRONG|ATR_LOW|ABOVE_MA20,48,9.67,57.73,2026-07-14 09:17:56
DOWNTREND,DOWNTREND|BOTTOM|WAIT|RSI_MID_HIGH|RS_OK|VOL_LOW|ATR_LOW|ABOVE_MA20,19,3.83,57.73,2026-07-14 09:17:55
SIDEWAY,SIDEWAY|MOMENTUM_WATCH|SKIP|RSI_MID|RS_STRONG|VOL_LOW|ATR_LOW|ABOVE_MA20,73,15.48,57.71,2026-07-14 09:17:56
WEAK,WEAK|BOTTOM_WATCH|WATCHLIST|RSI_MID|RS_STRONG|VOL_STRONG|ATR_LOW|ABOVE_MA20,7,1.46,57.71,2026-07-14 09:17:56
WEAK,WEAK|BOTTOM_WATCH|SKIP|RSI_HIGH|RS_WEAK|VOL_LOW|ATR_LOW|ABOVE_MA20,12,2.4,57.7,2026-07-14 09:17:56
DOWNTREND,DOWNTREND|BOTTOM|BUY NOW|RSI_WEAK|RS_STRONG|VOL_LOW|ATR_LOW|BELOW_MA20,2,0.51,57.7,2026-07-14 09:17:55
DOWNTREND,DOWNTREND|WATCH|SKIP|RSI_MID|RS_STRONG|VOL_LOW|ATR_LOW|ABOVE_MA20,2,0.51,57.7,2026-07-14 09:17:55
SIDEWAY,SIDEWAY|WATCH|SKIP|RSI_MID|RS_STRONG|VOL_LOW|ATR_LOW|ABOVE_MA20,2,0.51,57.7,2026-07-14 09:17:56
POSITIVE,POSITIVE|BOTTOM|SKIP|RSI_MID_HIGH|RS_OK|VOL_LOW|ATR_LOW|ABOVE_MA20,46,10.01,57.69,2026-07-14 09:17:55
WEAK,WEAK|MOMENTUM_WATCH|WATCHLIST|RSI_MID_HIGH|RS_WEAK|VOL_OK|ATR_LOW|ABOVE_MA20,50,10.13,57.68,2026-07-14 09:17:56
POSITIVE,POSITIVE|BOTTOM|WAIT|RSI_HIGH|RS_WEAK|VOL_LOW|ATR_LOW|ABOVE_MA20,12,2.4,57.68,2026-07-14 09:17:55
POSITIVE,POSITIVE|BOTTOM|BUY NOW|RSI_MID|RS_STRONG|VOL_STRONG|ATR_OK|BELOW_MA20,4,0.97,57.65,2026-07-14 09:17:55
SIDEWAY,SIDEWAY|BOTTOM|BUY NOW|RSI_MID|RS_STRONG|VOL_STRONG|ATR_OK|BELOW_MA20,4,0.97,57.65,2026-07-14 09:17:56
SIDEWAY,SIDEWAY|MOMENTUM|WAIT|RSI_HIGH|RS_OK|VOL_STRONG|ATR_LOW|ABOVE_MA20,324,68.19,57.64,2026-07-14 09:17:56
SIDEWAY,SIDEWAY|MOMENTUM|WAIT|RSI_MID_HIGH|RS_OK|VOL_OK|ATR_LOW|ABOVE_MA20,574,122.57,57.63,2026-07-14 09:17:56
POSITIVE,POSITIVE|BOTTOM|SKIP|RSI_MID|RS_BAD|VOL_LOW|ATR_LOW|BELOW_MA20,372,78.14,57.63,2026-07-14 09:17:55
DOWNTREND,DOWNTREND|BOTTOM|WAIT|RSI_MID|RS_OK|VOL_LOW|ATR_LOW|BELOW_MA20,19,3.8,57.63,2026-07-14 09:17:55
SIDEWAY,SIDEWAY|BOTTOM|BUY NOW|RSI_MID_HIGH|RS_OK|VOL_STRONG|ATR_LOW|BELOW_MA20,19,3.8,57.63,2026-07-14 09:17:56
SIDEWAY,SIDEWAY|MOMENTUM|SKIP|RSI_HIGH|RS_OK|VOL_STRONG|ATR_LOW|ABOVE_MA20,19,3.8,57.63,2026-07-14 09:17:56
POSITIVE,POSITIVE|BOTTOM_WATCH|WAIT|RSI_HIGH|RS_OK|VOL_OK|ATR_LOW|ABOVE_MA20,15,3.11,57.63,2026-07-14 09:17:55
WEAK,WEAK|MOMENTUM_WATCH|SKIP|RSI_MID_HIGH|RS_STRONG|VOL_LOW|ATR_LOW|ABOVE_MA20,861,185.27,57.61,2026-07-14 09:17:56
POSITIVE,POSITIVE|MOMENTUM|WAIT|RSI_MID_HIGH|RS_OK|VOL_STRONG|ATR_LOW|ABOVE_MA20,233,49.8,57.61,2026-07-14 09:17:56
POSITIVE,POSITIVE|BOTTOM|BUY NOW|RSI_MID_HIGH|RS_WEAK|VOL_LOW|ATR_LOW|ABOVE_MA20,161,33.6,57.61,2026-07-14 09:17:55
SIDEWAY,SIDEWAY|MOMENTUM_WATCH|WATCHLIST|RSI_HIGH|RS_STRONG|VOL_LOW|ATR_LOW|ABOVE_MA20,76,15.74,57.61,2026-07-14 09:17:56
DOWNTREND,DOWNTREND|BOTTOM|SKIP|RSI_MID_HIGH|RS_OK|VOL_LOW|ATR_LOW|ABOVE_MA20,26,5.2,57.58,2026-07-14 09:17:55
WEAK,WEAK|MOMENTUM|BUY NOW|RSI_MID|RS_OK|VOL_OK|ATR_LOW|ABOVE_MA20,49,9.91,57.57,2026-07-14 09:17:56
POSITIVE,POSITIVE|BOTTOM|SKIP|RSI_MID|RS_BAD|VOL_OK|ATR_LOW|BELOW_MA20,70,14.92,57.56,2026-07-14 09:17:55
WEAK,WEAK|MOMENTUM|BUY NOW|RSI_MID_HIGH|RS_OK|VOL_STRONG|ATR_LOW|ABOVE_MA20,1553,327.94,57.55,2026-07-14 09:17:56
WEAK,WEAK|BOTTOM|BUY NOW|RSI_LOW|RS_WEAK|VOL_STRONG|ATR_LOW|ABOVE_MA20,33,7.48,57.55,2026-07-14 09:17:56
POSITIVE,POSITIVE|BOTTOM|WAIT|RSI_LOW|RS_BAD|VOL_OK|ATR_LOW|BELOW_MA20,114,25.21,57.54,2026-07-14 09:17:55
SIDEWAY,SIDEWAY|BOTTOM|BUY NOW|RSI_MID|RS_OK|VOL_STRONG|ATR_LOW|ABOVE_MA20,139,29.11,57.52,2026-07-14 09:17:56
SIDEWAY,SIDEWAY|BOTTOM|SKIP|RSI_LOW|RS_STRONG|VOL_LOW|ATR_LOW|BELOW_MA20,105,23.9,57.52,2026-07-14 09:17:56
DOWNTREND,DOWNTREND|MOMENTUM|WAIT|RSI_MID_HIGH|RS_STRONG|VOL_LOW|ATR_OK|ABOVE_MA20,10,2.33,57.48,2026-07-14 09:17:55
POSITIVE,POSITIVE|BOTTOM|BUY NOW|RSI_LOW|RS_OK|VOL_STRONG|ATR_LOW|BELOW_MA20,46,9.67,57.47,2026-07-14 09:17:55
WEAK,WEAK|BOTTOM|BUY NOW|RSI_MID|RS_BAD|VOL_STRONG|ATR_LOW|ABOVE_MA20,7,1.4,57.47,2026-07-14 09:17:56
WEAK,WEAK|BOTTOM_WATCH|WATCHLIST|RSI_MID_HIGH|RS_WEAK|VOL_OK|ATR_LOW|ABOVE_MA20,17,3.9,57.46,2026-07-14 09:17:56
POSITIVE,POSITIVE|BOTTOM_WATCH|SKIP|RSI_LOW|RS_BAD|VOL_LOW|ATR_OK|BELOW_MA20,7,1.4,57.45,2026-07-14 09:17:55
POSITIVE,POSITIVE|BOTTOM|BUY NOW|RSI_MID|RS_WEAK|VOL_OK|ATR_OK|ABOVE_MA20,7,1.4,57.45,2026-07-14 09:17:55
POSITIVE,POSITIVE|MOMENTUM|WAIT|RSI_HIGH|RS_OK|VOL_STRONG|ATR_LOW|FAR_MA20,7,1.4,57.45,2026-07-14 09:17:56
SIDEWAY,SIDEWAY|BOTTOM|BUY NOW|RSI_MID|RS_WEAK|VOL_OK|ATR_OK|ABOVE_MA20,7,1.4,57.45,2026-07-14 09:17:56
SIDEWAY,SIDEWAY|MOMENTUM_WATCH|WATCHLIST|RSI_HIGH|RS_STRONG|VOL_STRONG|ATR_LOW|ABOVE_MA20,7,1.4,57.45,2026-07-14 09:17:56
WEAK,WEAK|BOTTOM_WATCH|WATCHLIST|RSI_MID|RS_STRONG|VOL_LOW|ATR_OK|BELOW_MA20,7,1.4,57.45,2026-07-14 09:17:56
WEAK,WEAK|BOTTOM|WAIT|RSI_WEAK|RS_OK|VOL_LOW|ATR_LOW|BELOW_MA20,30,6.7,57.44,2026-07-14 09:17:56
POSITIVE,POSITIVE|MOMENTUM_WATCH|SKIP|RSI_MID|RS_BAD|VOL_OK|ATR_LOW|ABOVE_MA20,7,1.4,57.44,2026-07-14 09:17:56
POSITIVE,POSITIVE|BOTTOM_WATCH|WATCHLIST|RSI_MID|RS_STRONG|VOL_STRONG|ATR_LOW|ABOVE_MA20,2,0.46,57.44,2026-07-14 09:17:55
DOWNTREND,DOWNTREND|MOMENTUM_WATCH|SKIP|RSI_HIGH|RS_STRONG|VOL_LOW|ATR_LOW|ABOVE_MA20,82,16.43,57.43,2026-07-14 09:17:55
WEAK,WEAK|MOMENTUM_WATCH|WAIT|RSI_HIGH|RS_STRONG|VOL_STRONG|ATR_LOW|ABOVE_MA20,70,14.79,57.42,2026-07-14 09:17:56
WEAK,WEAK|BOTTOM|BUY NOW|RSI_MID|RS_OK|VOL_LOW|ATR_OK|BELOW_MA20,14,2.8,57.41,2026-07-14 09:17:56
SIDEWAY,SIDEWAY|MOMENTUM_WATCH|WATCHLIST|RSI_MID|RS_WEAK|VOL_STRONG|ATR_LOW|ABOVE_MA20,20,4.87,57.39,2026-07-14 09:17:56
SIDEWAY,SIDEWAY|BOTTOM_WATCH|WAIT|RSI_HIGH|RS_OK|VOL_OK|ATR_LOW|ABOVE_MA20,17,3.51,57.36,2026-07-14 09:17:56
WEAK,WEAK|MOMENTUM_WATCH|SKIP|RSI_MID_HIGH|RS_OK|VOL_LOW|ATR_LOW|BELOW_MA20,141,32.35,57.32,2026-07-14 09:17:56
POSITIVE,POSITIVE|MOMENTUM_WATCH|WATCHLIST|RSI_HIGH|RS_STRONG|VOL_LOW|ATR_LOW|ABOVE_MA20,66,13.69,57.3,2026-07-14 09:17:56
SIDEWAY,SIDEWAY|WATCH|WAIT|RSI_HIGH|RS_OK|VOL_LOW|ATR_LOW|ABOVE_MA20,2,0.43,57.3,2026-07-14 09:17:56
WEAK,WEAK|BOTTOM|SKIP|RSI_MID_HIGH|RS_BAD|VOL_OK|ATR_LOW|ABOVE_MA20,2,0.43,57.3,2026-07-14 09:17:56
DOWNTREND,DOWNTREND|BOTTOM|WAIT|RSI_MID|RS_OK|VOL_OK|ATR_LOW|ABOVE_MA20,86,17.58,57.27,2026-07-14 09:17:55
DOWNTREND,DOWNTREND|BOTTOM|SKIP|RSI_LOW|RS_OK|VOL_LOW|ATR_OK|BELOW_MA20,7,1.47,57.26,2026-07-14 09:17:55
POSITIVE,POSITIVE|BOTTOM_WATCH|SKIP|RSI_MID_HIGH|RS_WEAK|VOL_LOW|ATR_LOW|ABOVE_MA20,212,45.93,57.25,2026-07-14 09:17:55
WEAK,WEAK|BOTTOM|BUY NOW|RSI_MID|RS_BAD|VOL_OK|ATR_LOW|BELOW_MA20,28,5.79,57.25,2026-07-14 09:17:56
SIDEWAY,SIDEWAY|BOTTOM|BUY NOW|RSI_WEAK|RS_BAD|VOL_LOW|ATR_LOW|BELOW_MA20,80,18.67,57.23,2026-07-14 09:17:56
SIDEWAY,SIDEWAY|MOMENTUM_WATCH|SKIP|RSI_LOW|RS_OK|VOL_LOW|ATR_LOW|ABOVE_MA20,2,0.42,57.23,2026-07-14 09:17:56
SIDEWAY,SIDEWAY|BOTTOM_WATCH|SKIP|RSI_MID|RS_STRONG|VOL_LOW|ATR_OK|BELOW_MA20,13,3.39,57.22,2026-07-14 09:17:56
POSITIVE,POSITIVE|MOMENTUM_WATCH|WATCHLIST|RSI_MID|RS_WEAK|VOL_STRONG|ATR_LOW|ABOVE_MA20,36,8.01,57.21,2026-07-14 09:17:56
SIDEWAY,SIDEWAY|BOTTOM_WATCH|WATCHLIST|RSI_LOW|RS_BAD|VOL_LOW|ATR_LOW|BELOW_MA20,16,3.68,57.21,2026-07-14 09:17:56
WEAK,WEAK|BOTTOM_WATCH|WATCHLIST|RSI_MID_HIGH|RS_STRONG|VOL_OK|ATR_LOW|ABOVE_MA20,11,2.28,57.21,2026-07-14 09:17:56
WEAK,WEAK|BOTTOM|WAIT|RSI_MID_HIGH|RS_OK|VOL_LOW|ATR_LOW|ABOVE_MA20,103,21.51,57.2,2026-07-14 09:17:56
WEAK,WEAK|BOTTOM|WAIT|RSI_MID_HIGH|RS_OK|VOL_OK|ATR_LOW|BELOW_MA20,7,1.44,57.19,2026-07-14 09:17:56
WEAK,WEAK|BOTTOM|WAIT|RSI_MID|RS_BAD|VOL_LOW|ATR_LOW|BELOW_MA20,2,0.41,57.18,2026-07-14 09:17:56
SIDEWAY,SIDEWAY|MOMENTUM|WAIT|RSI_MID_HIGH|RS_OK|VOL_LOW|ATR_LOW|ABOVE_MA20,604,128.38,57.16,2026-07-14 09:17:56
WEAK,WEAK|BOTTOM|BUY NOW|RSI_MID_HIGH|RS_WEAK|VOL_STRONG|ATR_LOW|ABOVE_MA20,27,5.6,57.16,2026-07-14 09:17:56
POSITIVE,POSITIVE|MOMENTUM_WATCH|SKIP|RSI_MID|RS_OK|VOL_LOW|ATR_LOW|ABOVE_MA20,123,26.49,57.15,2026-07-14 09:17:56
DOWNTREND,DOWNTREND|BOTTOM|BUY NOW|RSI_MID|RS_WEAK|VOL_STRONG|ATR_OK|BELOW_MA20,2,0.4,57.15,2026-07-14 09:17:55
DOWNTREND,DOWNTREND|MOMENTUM|WAIT|RSI_MID|RS_OK|VOL_LOW|ATR_LOW|ABOVE_MA20,9,1.8,57.14,2026-07-14 09:17:55
POSITIVE,POSITIVE|BOTTOM|SKIP|RSI_MID|RS_STRONG|VOL_LOW|ATR_OK|ABOVE_MA20,9,1.8,57.14,2026-07-14 09:17:55
SIDEWAY,SIDEWAY|BOTTOM|SKIP|RSI_WEAK|RS_WEAK|VOL_LOW|ATR_OK|BELOW_MA20,9,1.8,57.14,2026-07-14 09:17:56
WEAK,WEAK|BOTTOM_WATCH|WATCHLIST|RSI_LOW|RS_STRONG|VOL_LOW|ATR_LOW|ABOVE_MA20,9,1.8,57.14,2026-07-14 09:17:56
DOWNTREND,DOWNTREND|BOTTOM_WATCH|SKIP|RSI_MID_HIGH|RS_BAD|VOL_LOW|ATR_LOW|ABOVE_MA20,2,0.4,57.14,2026-07-14 09:17:55
DOWNTREND,DOWNTREND|BOTTOM_WATCH|SKIP|RSI_MID|RS_BAD|VOL_LOW|ATR_LOW|ABOVE_MA20,2,0.4,57.14,2026-07-14 09:17:55
DOWNTREND,DOWNTREND|BOTTOM_WATCH|SKIP|RSI_WEAK|RS_BAD|VOL_LOW|ATR_HIGH|BELOW_MA20,2,0.4,57.14,2026-07-14 09:17:55
DOWNTREND,DOWNTREND|BOTTOM_WATCH|WAIT|RSI_HIGH|RS_OK|VOL_OK|ATR_LOW|ABOVE_MA20,2,0.4,57.14,2026-07-14 09:17:55
DOWNTREND,DOWNTREND|BOTTOM_WATCH|WATCHLIST|RSI_LOW|RS_BAD|VOL_LOW|ATR_LOW|BELOW_MA20,2,0.4,57.14,2026-07-14 09:17:55
DOWNTREND,DOWNTREND|BOTTOM_WATCH|WATCHLIST|RSI_LOW|RS_OK|VOL_LOW|ATR_LOW|ABOVE_MA20,2,0.4,57.14,2026-07-14 09:17:55
DOWNTREND,DOWNTREND|BOTTOM_WATCH|WATCHLIST|RSI_MID|RS_BAD|VOL_LOW|ATR_LOW|BELOW_MA20,2,0.4,57.14,2026-07-14 09:17:55
DOWNTREND,DOWNTREND|BOTTOM_WATCH|WATCHLIST|RSI_MID|RS_STRONG|VOL_STRONG|ATR_LOW|ABOVE_MA20,2,0.4,57.14,2026-07-14 09:17:55
DOWNTREND,DOWNTREND|BOTTOM_WATCH|WATCHLIST|RSI_WEAK|RS_OK|VOL_OK|ATR_OK|BELOW_MA20,2,0.4,57.14,2026-07-14 09:17:55
DOWNTREND,DOWNTREND|BOTTOM_WATCH|WATCHLIST|RSI_WEAK|RS_WEAK|VOL_LOW|ATR_OK|BELOW_MA20,2,0.4,57.14,2026-07-14 09:17:55
DOWNTREND,DOWNTREND|BOTTOM_WATCH|WATCHLIST|RSI_WEAK|RS_WEAK|VOL_OK|ATR_OK|BELOW_MA20,2,0.4,57.14,2026-07-14 09:17:55
DOWNTREND,DOWNTREND|BOTTOM|BUY NOW|RSI_LOW|RS_OK|VOL_STRONG|ATR_OK|ABOVE_MA20,2,0.4,57.14,2026-07-14 09:17:55
DOWNTREND,DOWNTREND|BOTTOM|BUY NOW|RSI_LOW|RS_WEAK|VOL_STRONG|ATR_OK|ABOVE_MA20,2,0.4,57.14,2026-07-14 09:17:55
DOWNTREND,DOWNTREND|BOTTOM|BUY NOW|RSI_MID_HIGH|RS_BAD|VOL_LOW|ATR_LOW|BELOW_MA20,2,0.4,57.14,2026-07-14 09:17:55
DOWNTREND,DOWNTREND|BOTTOM|BUY NOW|RSI_MID|RS_OK|VOL_STRONG|ATR_OK|ABOVE_MA20,2,0.4,57.14,2026-07-14 09:17:55
DOWNTREND,DOWNTREND|BOTTOM|BUY NOW|RSI_MID|RS_OK|VOL_STRONG|ATR_OK|BELOW_MA20,2,0.4,57.14,2026-07-14 09:17:55
DOWNTREND,DOWNTREND|BOTTOM|BUY NOW|RSI_MID|RS_WEAK|VOL_LOW|ATR_OK|BELOW_MA20,2,0.4,57.14,2026-07-14 09:17:55
DOWNTREND,DOWNTREND|BOTTOM|BUY NOW|RSI_WEAK|RS_STRONG|VOL_STRONG|ATR_LOW|BELOW_MA20,2,0.4,57.14,2026-07-14 09:17:55
DOWNTREND,DOWNTREND|BOTTOM|BUY NOW|RSI_WEAK|RS_WEAK|VOL_LOW|ATR_OK|BELOW_MA20,2,0.4,57.14,2026-07-14 09:17:55
DOWNTREND,DOWNTREND|BOTTOM|BUY NOW|RSI_WEAK|RS_WEAK|VOL_OK|ATR_OK|BELOW_MA20,2,0.4,57.14,2026-07-14 09:17:55
DOWNTREND,DOWNTREND|BOTTOM|SKIP|RSI_LOW|RS_BAD|VOL_STRONG|ATR_OK|BELOW_MA20,2,0.4,57.14,2026-07-14 09:17:55
DOWNTREND,DOWNTREND|BOTTOM|WAIT|RSI_LOW|RS_BAD|VOL_STRONG|ATR_LOW|BELOW_MA20,2,0.4,57.14,2026-07-14 09:17:55
DOWNTREND,DOWNTREND|MOMENTUM_WATCH|SKIP|RSI_HIGH|RS_STRONG|VOL_STRONG|ATR_LOW|ABOVE_MA20,2,0.4,57.14,2026-07-14 09:17:55
DOWNTREND,DOWNTREND|MOMENTUM_WATCH|SKIP|RSI_MID_HIGH|RS_STRONG|VOL_LOW|ATR_OK|BELOW_MA20,2,0.4,57.14,2026-07-14 09:17:55
DOWNTREND,DOWNTREND|MOMENTUM_WATCH|WAIT|RSI_HIGH|RS_OK|VOL_STRONG|ATR_LOW|ABOVE_MA20,2,0.4,57.14,2026-07-14 09:17:55
DOWNTREND,DOWNTREND|MOMENTUM_WATCH|WAIT|RSI_HIGH|RS_STRONG|VOL_LOW|ATR_OK|ABOVE_MA20,2,0.4,57.14,2026-07-14 09:17:55
DOWNTREND,DOWNTREND|MOMENTUM_WATCH|WATCHLIST|RSI_MID_HIGH|RS_WEAK|VOL_OK|ATR_LOW|ABOVE_MA20,2,0.4,57.14,2026-07-14 09:17:55
DOWNTREND,DOWNTREND|MOMENTUM_WATCH|WATCHLIST|RSI_MID|RS_WEAK|VOL_LOW|ATR_LOW|ABOVE_MA20,2,0.4,57.14,2026-07-14 09:17:55
DOWNTREND,DOWNTREND|MOMENTUM|BUY NOW|RSI_MID|RS_OK|VOL_STRONG|ATR_OK|ABOVE_MA20,2,0.4,57.14,2026-07-14 09:17:55
DOWNTREND,DOWNTREND|MOMENTUM|SKIP|RSI_MID_HIGH|RS_BAD|VOL_LOW|ATR_LOW|ABOVE_MA20,2,0.4,57.14,2026-07-14 09:17:55
DOWNTREND,DOWNTREND|WATCH|SKIP|RSI_MID|RS_OK|VOL_LOW|ATR_LOW|ABOVE_MA20,2,0.4,57.14,2026-07-14 09:17:55
POSITIVE,POSITIVE|BOTTOM_WATCH|SKIP|RSI_HIGH|RS_STRONG|VOL_LOW|ATR_LOW|ABOVE_MA20,2,0.4,57.14,2026-07-14 09:17:55
POSITIVE,POSITIVE|BOTTOM_WATCH|SKIP|RSI_HIGH|RS_STRONG|VOL_LOW|ATR_OK|FAR_MA20,2,0.4,57.14,2026-07-14 09:17:55
POSITIVE,POSITIVE|BOTTOM_WATCH|SKIP|RSI_HIGH|RS_WEAK|VOL_LOW|ATR_OK|ABOVE_MA20,2,0.4,57.14,2026-07-14 09:17:55
POSITIVE,POSITIVE|BOTTOM_WATCH|SKIP|RSI_MID_HIGH|RS_BAD|VOL_OK|ATR_LOW|BELOW_MA20,2,0.4,57.14,2026-07-14 09:17:55
POSITIVE,POSITIVE|BOTTOM_WATCH|SKIP|RSI_MID|RS_BAD|VOL_STRONG|ATR_LOW|BELOW_MA20,2,0.4,57.14,2026-07-14 09:17:55
POSITIVE,POSITIVE|BOTTOM_WATCH|SKIP|RSI_MID|RS_OK|VOL_LOW|ATR_HIGH|ABOVE_MA20,2,0.4,57.14,2026-07-14 09:17:55
POSITIVE,POSITIVE|BOTTOM_WATCH|SKIP|RSI_WEAK|RS_STRONG|VOL_LOW|ATR_OK|BELOW_MA20,2,0.4,57.14,2026-07-14 09:17:55
POSITIVE,POSITIVE|BOTTOM_WATCH|SKIP|RSI_WEAK|RS_WEAK|VOL_LOW|ATR_HIGH|BELOW_MA20,2,0.4,57.14,2026-07-14 09:17:55
POSITIVE,POSITIVE|BOTTOM_WATCH|WATCHLIST|RSI_LOW|RS_BAD|VOL_OK|ATR_LOW|BELOW_MA20,2,0.4,57.14,2026-07-14 09:17:55
POSITIVE,POSITIVE|BOTTOM_WATCH|WATCHLIST|RSI_MID_HIGH|RS_STRONG|VOL_OK|ATR_LOW|ABOVE_MA20,2,0.4,57.14,2026-07-14 09:17:55
POSITIVE,POSITIVE|BOTTOM_WATCH|WATCHLIST|RSI_MID|RS_STRONG|VOL_LOW|ATR_HIGH|BELOW_MA20,2,0.4,57.14,2026-07-14 09:17:55
POSITIVE,POSITIVE|BOTTOM_WATCH|WATCHLIST|RSI_MID|RS_WEAK|VOL_LOW|ATR_OK|ABOVE_MA20,2,0.4,57.14,2026-07-14 09:17:55
POSITIVE,POSITIVE|BOTTOM_WATCH|WATCHLIST|RSI_MID|RS_WEAK|VOL_LOW|ATR_OK|BELOW_MA20,2,0.4,57.14,2026-07-14 09:17:55
POSITIVE,POSITIVE|BOTTOM_WATCH|WATCHLIST|RSI_WEAK|RS_WEAK|VOL_OK|ATR_OK|BELOW_MA20,2,0.4,57.14,2026-07-14 09:17:55
POSITIVE,POSITIVE|BOTTOM|BUY NOW|RSI_MID_HIGH|RS_OK|VOL_LOW|ATR_OK|ABOVE_MA20,2,0.4,57.14,2026-07-14 09:17:55
POSITIVE,POSITIVE|BOTTOM|BUY NOW|RSI_MID_HIGH|RS_STRONG|VOL_LOW|ATR_LOW|BELOW_MA20,2,0.4,57.14,2026-07-14 09:17:55
POSITIVE,POSITIVE|BOTTOM|BUY NOW|RSI_MID_HIGH|RS_STRONG|VOL_STRONG|ATR_LOW|ABOVE_MA20,2,0.4,57.14,2026-07-14 09:17:55
POSITIVE,POSITIVE|BOTTOM|SKIP|RSI_HIGH|RS_WEAK|VOL_LOW|ATR_LOW|ABOVE_MA20,2,0.4,57.14,2026-07-14 09:17:55
POSITIVE,POSITIVE|BOTTOM|SKIP|RSI_MID_HIGH|RS_STRONG|VOL_LOW|ATR_OK|ABOVE_MA20,2,0.4,57.14,2026-07-14 09:17:55
POSITIVE,POSITIVE|BOTTOM|WAIT|RSI_HIGH|RS_STRONG|VOL_OK|ATR_LOW|FAR_MA20,2,0.4,57.14,2026-07-14 09:17:55
POSITIVE,POSITIVE|MOMENTUM_WATCH|SKIP|RSI_MID|RS_WEAK|VOL_LOW|ATR_OK|ABOVE_MA20,2,0.4,57.14,2026-07-14 09:17:56
POSITIVE,POSITIVE|MOMENTUM_WATCH|WAIT|RSI_HIGH|RS_STRONG|VOL_STRONG|ATR_OK|ABOVE_MA20,2,0.4,57.14,2026-07-14 09:17:56
POSITIVE,POSITIVE|MOMENTUM_WATCH|WATCHLIST|RSI_MID_HIGH|RS_STRONG|VOL_LOW|ATR_LOW|BELOW_MA20,2,0.4,57.14,2026-07-14 09:17:56
POSITIVE,POSITIVE|MOMENTUM_WATCH|WATCHLIST|RSI_MID_HIGH|RS_STRONG|VOL_LOW|ATR_LOW|FAR_MA20,2,0.4,57.14,2026-07-14 09:17:56
POSITIVE,POSITIVE|MOMENTUM_WATCH|WATCHLIST|RSI_MID_HIGH|RS_STRONG|VOL_OK|ATR_LOW|FAR_MA20,2,0.4,57.14,2026-07-14 09:17:56
POSITIVE,POSITIVE|MOMENTUM_WATCH|WATCHLIST|RSI_MID_HIGH|RS_STRONG|VOL_STRONG|ATR_OK|FAR_MA20,2,0.4,57.14,2026-07-14 09:17:56
POSITIVE,POSITIVE|MOMENTUM_WATCH|WATCHLIST|RSI_MID|RS_BAD|VOL_STRONG|ATR_LOW|ABOVE_MA20,2,0.4,57.14,2026-07-14 09:17:56
POSITIVE,POSITIVE|MOMENTUM_WATCH|WATCHLIST|RSI_MID|RS_STRONG|VOL_LOW|ATR_OK|ABOVE_MA20,2,0.4,57.14,2026-07-14 09:17:56
POSITIVE,POSITIVE|MOMENTUM_WATCH|WATCHLIST|RSI_MID|RS_STRONG|VOL_OK|ATR_OK|ABOVE_MA20,2,0.4,57.14,2026-07-14 09:17:56
POSITIVE,POSITIVE|MOMENTUM|BUY NOW|RSI_MID_HIGH|RS_OK|VOL_LOW|ATR_LOW|FAR_MA20,2,0.4,57.14,2026-07-14 09:17:56
POSITIVE,POSITIVE|MOMENTUM|WAIT|RSI_MID|RS_WEAK|VOL_STRONG|ATR_OK|ABOVE_MA20,2,0.4,57.14,2026-07-14 09:17:56
POSITIVE,POSITIVE|MOMENTUM|WATCHLIST|RSI_HIGH|RS_OK|VOL_STRONG|ATR_LOW|FAR_MA20,2,0.4,57.14,2026-07-14 09:17:56
POSITIVE,POSITIVE|WATCH|SKIP|RSI_MID_HIGH|RS_BAD|VOL_LOW|ATR_LOW|ABOVE_MA20,2,0.4,57.14,2026-07-14 09:17:56
POSITIVE,POSITIVE|WATCH|WATCHLIST|RSI_HIGH|RS_STRONG|VOL_OK|ATR_LOW|FAR_MA20,2,0.4,57.14,2026-07-14 09:17:56
SIDEWAY,SIDEWAY|BOTTOM_WATCH|SKIP|RSI_HIGH|RS_STRONG|VOL_LOW|ATR_LOW|ABOVE_MA20,2,0.4,57.14,2026-07-14 09:17:56
SIDEWAY,SIDEWAY|BOTTOM_WATCH|SKIP|RSI_HIGH|RS_STRONG|VOL_LOW|ATR_OK|FAR_MA20,2,0.4,57.14,2026-07-14 09:17:56
SIDEWAY,SIDEWAY|BOTTOM_WATCH|SKIP|RSI_HIGH|RS_WEAK|VOL_LOW|ATR_OK|ABOVE_MA20,2,0.4,57.14,2026-07-14 09:17:56
SIDEWAY,SIDEWAY|BOTTOM_WATCH|SKIP|RSI_LOW|RS_WEAK|VOL_LOW|ATR_HIGH|BELOW_MA20,2,0.4,57.14,2026-07-14 09:17:56
SIDEWAY,SIDEWAY|BOTTOM_WATCH|SKIP|RSI_MID|RS_OK|VOL_LOW|ATR_HIGH|ABOVE_MA20,2,0.4,57.14,2026-07-14 09:17:56
SIDEWAY,SIDEWAY|BOTTOM_WATCH|SKIP|RSI_WEAK|RS_OK|VOL_LOW|ATR_LOW|ABOVE_MA20,2,0.4,57.14,2026-07-14 09:17:56
SIDEWAY,SIDEWAY|BOTTOM_WATCH|SKIP|RSI_WEAK|RS_WEAK|VOL_LOW|ATR_HIGH|BELOW_MA20,2,0.4,57.14,2026-07-14 09:17:56
SIDEWAY,SIDEWAY|BOTTOM_WATCH|WAIT|RSI_HIGH|RS_STRONG|VOL_LOW|ATR_LOW|ABOVE_MA20,2,0.4,57.14,2026-07-14 09:17:56
SIDEWAY,SIDEWAY|BOTTOM_WATCH|WATCHLIST|RSI_MID_HIGH|RS_STRONG|VOL_OK|ATR_LOW|ABOVE_MA20,2,0.4,57.14,2026-07-14 09:17:56
SIDEWAY,SIDEWAY|BOTTOM_WATCH|WATCHLIST|RSI_MID|RS_STRONG|VOL_LOW|ATR_HIGH|BELOW_MA20,2,0.4,57.14,2026-07-14 09:17:56
SIDEWAY,SIDEWAY|BOTTOM_WATCH|WATCHLIST|RSI_MID|RS_WEAK|VOL_LOW|ATR_OK|ABOVE_MA20,2,0.4,57.14,2026-07-14 09:17:56
SIDEWAY,SIDEWAY|BOTTOM_WATCH|WATCHLIST|RSI_MID|RS_WEAK|VOL_LOW|ATR_OK|BELOW_MA20,2,0.4,57.14,2026-07-14 09:17:56
SIDEWAY,SIDEWAY|BOTTOM_WATCH|WATCHLIST|RSI_WEAK|RS_BAD|VOL_LOW|ATR_OK|BELOW_MA20,2,0.4,57.14,2026-07-14 09:17:56
SIDEWAY,SIDEWAY|BOTTOM_WATCH|WATCHLIST|RSI_WEAK|RS_WEAK|VOL_OK|ATR_OK|BELOW_MA20,2,0.4,57.14,2026-07-14 09:17:56
SIDEWAY,SIDEWAY|BOTTOM|BUY NOW|RSI_LOW|RS_STRONG|VOL_STRONG|ATR_OK|BELOW_MA20,2,0.4,57.14,2026-07-14 09:17:56
SIDEWAY,SIDEWAY|BOTTOM|BUY NOW|RSI_LOW|RS_WEAK|VOL_STRONG|ATR_OK|ABOVE_MA20,2,0.4,57.14,2026-07-14 09:17:56
SIDEWAY,SIDEWAY|BOTTOM|BUY NOW|RSI_MID_HIGH|RS_STRONG|VOL_STRONG|ATR_LOW|BELOW_MA20,2,0.4,57.14,2026-07-14 09:17:56
SIDEWAY,SIDEWAY|BOTTOM|BUY NOW|RSI_MID_HIGH|RS_WEAK|VOL_STRONG|ATR_OK|BELOW_MA20,2,0.4,57.14,2026-07-14 09:17:56
SIDEWAY,SIDEWAY|BOTTOM|BUY NOW|RSI_MID|RS_BAD|VOL_OK|ATR_OK|BELOW_MA20,2,0.4,57.14,2026-07-14 09:17:56
SIDEWAY,SIDEWAY|BOTTOM|BUY NOW|RSI_MID|RS_WEAK|VOL_STRONG|ATR_OK|BELOW_MA20,2,0.4,57.14,2026-07-14 09:17:56
SIDEWAY,SIDEWAY|BOTTOM|BUY NOW|RSI_WEAK|RS_BAD|VOL_STRONG|ATR_OK|BELOW_MA20,2,0.4,57.14,2026-07-14 09:17:56
SIDEWAY,SIDEWAY|BOTTOM|BUY NOW|RSI_WEAK|RS_STRONG|VOL_STRONG|ATR_LOW|BELOW_MA20,2,0.4,57.14,2026-07-14 09:17:56
SIDEWAY,SIDEWAY|BOTTOM|SKIP|RSI_HIGH|RS_WEAK|VOL_LOW|ATR_LOW|ABOVE_MA20,2,0.4,57.14,2026-07-14 09:17:56
SIDEWAY,SIDEWAY|BOTTOM|SKIP|RSI_LOW|RS_STRONG|VOL_LOW|ATR_HIGH|BELOW_MA20,2,0.4,57.14,2026-07-14 09:17:56
SIDEWAY,SIDEWAY|BOTTOM|SKIP|RSI_LOW|RS_STRONG|VOL_OK|ATR_HIGH|BELOW_MA20,2,0.4,57.14,2026-07-14 09:17:56
SIDEWAY,SIDEWAY|BOTTOM|SKIP|RSI_MID_HIGH|RS_STRONG|VOL_LOW|ATR_OK|ABOVE_MA20,2,0.4,57.14,2026-07-14 09:17:56
SIDEWAY,SIDEWAY|BOTTOM|WAIT|RSI_HIGH|RS_STRONG|VOL_OK|ATR_LOW|FAR_MA20,2,0.4,57.14,2026-07-14 09:17:56
SIDEWAY,SIDEWAY|BOTTOM|WAIT|RSI_LOW|RS_OK|VOL_LOW|ATR_HIGH|BELOW_MA20,2,0.4,57.14,2026-07-14 09:17:56
SIDEWAY,SIDEWAY|MOMENTUM_WATCH|SKIP|RSI_HIGH|RS_OK|VOL_STRONG|ATR_LOW|ABOVE_MA20,2,0.4,57.14,2026-07-14 09:17:56
SIDEWAY,SIDEWAY|MOMENTUM_WATCH|SKIP|RSI_MID|RS_WEAK|VOL_LOW|ATR_OK|ABOVE_MA20,2,0.4,57.14,2026-07-14 09:17:56
SIDEWAY,SIDEWAY|MOMENTUM_WATCH|WAIT|RSI_HIGH|RS_STRONG|VOL_STRONG|ATR_OK|ABOVE_MA20,2,0.4,57.14,2026-07-14 09:17:56
SIDEWAY,SIDEWAY|MOMENTUM_WATCH|WATCHLIST|RSI_MID_HIGH|RS_OK|VOL_LOW|ATR_OK|ABOVE_MA20,2,0.4,57.14,2026-07-14 09:17:56
SIDEWAY,SIDEWAY|MOMENTUM_WATCH|WATCHLIST|RSI_MID_HIGH|RS_STRONG|VOL_LOW|ATR_LOW|FAR_MA20,2,0.4,57.14,2026-07-14 09:17:56
SIDEWAY,SIDEWAY|MOMENTUM_WATCH|WATCHLIST|RSI_MID_HIGH|RS_STRONG|VOL_STRONG|ATR_OK|FAR_MA20,2,0.4,57.14,2026-07-14 09:17:56
SIDEWAY,SIDEWAY|MOMENTUM_WATCH|WATCHLIST|RSI_MID|RS_STRONG|VOL_LOW|ATR_OK|ABOVE_MA20,2,0.4,57.14,2026-07-14 09:17:56
SIDEWAY,SIDEWAY|MOMENTUM_WATCH|WATCHLIST|RSI_MID|RS_STRONG|VOL_OK|ATR_OK|ABOVE_MA20,2,0.4,57.14,2026-07-14 09:17:56
SIDEWAY,SIDEWAY|MOMENTUM|BUY NOW|RSI_MID_HIGH|RS_OK|VOL_LOW|ATR_LOW|FAR_MA20,2,0.4,57.14,2026-07-14 09:17:56
SIDEWAY,SIDEWAY|MOMENTUM|BUY NOW|RSI_MID_HIGH|RS_WEAK|VOL_OK|ATR_OK|ABOVE_MA20,2,0.4,57.14,2026-07-14 09:17:56
SIDEWAY,SIDEWAY|MOMENTUM|WAIT|RSI_MID|RS_WEAK|VOL_STRONG|ATR_OK|ABOVE_MA20,2,0.4,57.14,2026-07-14 09:17:56
SIDEWAY,SIDEWAY|WATCH|WATCHLIST|RSI_HIGH|RS_STRONG|VOL_OK|ATR_LOW|FAR_MA20,2,0.4,57.14,2026-07-14 09:17:56
WEAK,WEAK|BOTTOM_WATCH|SKIP|RSI_HIGH|RS_BAD|VOL_LOW|ATR_LOW|BELOW_MA20,2,0.4,57.14,2026-07-14 09:17:56
WEAK,WEAK|BOTTOM_WATCH|SKIP|RSI_HIGH|RS_STRONG|VOL_LOW|ATR_OK|FAR_MA20,2,0.4,57.14,2026-07-14 09:17:56
WEAK,WEAK|BOTTOM_WATCH|SKIP|RSI_LOW|RS_WEAK|VOL_LOW|ATR_HIGH|BELOW_MA20,2,0.4,57.14,2026-07-14 09:17:56
WEAK,WEAK|BOTTOM_WATCH|SKIP|RSI_MID_HIGH|RS_STRONG|VOL_LOW|ATR_OK|BELOW_MA20,2,0.4,57.14,2026-07-14 09:17:56
WEAK,WEAK|BOTTOM_WATCH|SKIP|RSI_MID|RS_STRONG|VOL_LOW|ATR_HIGH|ABOVE_MA20,2,0.4,57.14,2026-07-14 09:17:56
WEAK,WEAK|BOTTOM_WATCH|SKIP|RSI_WEAK|RS_OK|VOL_LOW|ATR_LOW|ABOVE_MA20,2,0.4,57.14,2026-07-14 09:17:56
WEAK,WEAK|BOTTOM_WATCH|WATCHLIST|RSI_HIGH|RS_STRONG|VOL_LOW|ATR_LOW|ABOVE_MA20,2,0.4,57.14,2026-07-14 09:17:56
WEAK,WEAK|BOTTOM_WATCH|WATCHLIST|RSI_MID_HIGH|RS_WEAK|VOL_STRONG|ATR_LOW|BELOW_MA20,2,0.4,57.14,2026-07-14 09:17:56
WEAK,WEAK|BOTTOM_WATCH|WATCHLIST|RSI_MID|RS_BAD|VOL_LOW|ATR_OK|ABOVE_MA20,2,0.4,57.14,2026-07-14 09:17:56
WEAK,WEAK|BOTTOM_WATCH|WATCHLIST|RSI_MID|RS_STRONG|VOL_LOW|ATR_HIGH|BELOW_MA20,2,0.4,57.14,2026-07-14 09:17:56
WEAK,WEAK|BOTTOM_WATCH|WATCHLIST|RSI_MID|RS_WEAK|VOL_LOW|ATR_OK|ABOVE_MA20,2,0.4,57.14,2026-07-14 09:17:56
WEAK,WEAK|BOTTOM_WATCH|WATCHLIST|RSI_MID|RS_WEAK|VOL_LOW|ATR_OK|BELOW_MA20,2,0.4,57.14,2026-07-14 09:17:56
WEAK,WEAK|BOTTOM_WATCH|WATCHLIST|RSI_WEAK|RS_OK|VOL_OK|ATR_OK|BELOW_MA20,2,0.4,57.14,2026-07-14 09:17:56
WEAK,WEAK|BOTTOM|BUY NOW|RSI_LOW|RS_STRONG|VOL_STRONG|ATR_OK|BELOW_MA20,2,0.4,57.14,2026-07-14 09:17:56
WEAK,WEAK|BOTTOM|BUY NOW|RSI_LOW|RS_WEAK|VOL_STRONG|ATR_OK|ABOVE_MA20,2,0.4,57.14,2026-07-14 09:17:56
WEAK,WEAK|BOTTOM|BUY NOW|RSI_MID_HIGH|RS_OK|VOL_OK|ATR_OK|BELOW_MA20,2,0.4,57.14,2026-07-14 09:17:56
WEAK,WEAK|BOTTOM|BUY NOW|RSI_MID_HIGH|RS_OK|VOL_STRONG|ATR_OK|BELOW_MA20,2,0.4,57.14,2026-07-14 09:17:56
WEAK,WEAK|BOTTOM|BUY NOW|RSI_MID_HIGH|RS_WEAK|VOL_STRONG|ATR_OK|BELOW_MA20,2,0.4,57.14,2026-07-14 09:17:56
WEAK,WEAK|BOTTOM|BUY NOW|RSI_WEAK|RS_STRONG|VOL_STRONG|ATR_LOW|BELOW_MA20,2,0.4,57.14,2026-07-14 09:17:56
WEAK,WEAK|BOTTOM|SKIP|RSI_LOW|RS_STRONG|VOL_LOW|ATR_HIGH|BELOW_MA20,2,0.4,57.14,2026-07-14 09:17:56
WEAK,WEAK|BOTTOM|SKIP|RSI_LOW|RS_STRONG|VOL_OK|ATR_HIGH|BELOW_MA20,2,0.4,57.14,2026-07-14 09:17:56
WEAK,WEAK|BOTTOM|SKIP|RSI_MID|RS_STRONG|VOL_LOW|ATR_HIGH|BELOW_MA20,2,0.4,57.14,2026-07-14 09:17:56
WEAK,WEAK|BOTTOM|WAIT|RSI_HIGH|RS_STRONG|VOL_OK|ATR_LOW|FAR_MA20,2,0.4,57.14,2026-07-14 09:17:56
WEAK,WEAK|BOTTOM|WAIT|RSI_LOW|RS_BAD|VOL_OK|ATR_OK|BELOW_MA20,2,0.4,57.14,2026-07-14 09:17:56
WEAK,WEAK|MOMENTUM_WATCH|SKIP|RSI_MID_HIGH|RS_BAD|VOL_LOW|ATR_LOW|BELOW_MA20,2,0.4,57.14,2026-07-14 09:17:56
WEAK,WEAK|MOMENTUM_WATCH|SKIP|RSI_MID|RS_WEAK|VOL_LOW|ATR_OK|ABOVE_MA20,2,0.4,57.14,2026-07-14 09:17:56
WEAK,WEAK|MOMENTUM_WATCH|WAIT|RSI_HIGH|RS_OK|VOL_LOW|ATR_LOW|FAR_MA20,2,0.4,57.14,2026-07-14 09:17:56
WEAK,WEAK|MOMENTUM_WATCH|WAIT|RSI_HIGH|RS_STRONG|VOL_STRONG|ATR_OK|ABOVE_MA20,2,0.4,57.14,2026-07-14 09:17:56
WEAK,WEAK|MOMENTUM_WATCH|WATCHLIST|RSI_MID_HIGH|RS_OK|VOL_LOW|ATR_OK|ABOVE_MA20,2,0.4,57.14,2026-07-14 09:17:56
WEAK,WEAK|MOMENTUM_WATCH|WATCHLIST|RSI_MID_HIGH|RS_OK|VOL_STRONG|ATR_HIGH|BELOW_MA20,2,0.4,57.14,2026-07-14 09:17:56
WEAK,WEAK|MOMENTUM_WATCH|WATCHLIST|RSI_MID_HIGH|RS_STRONG|VOL_LOW|ATR_LOW|FAR_MA20,2,0.4,57.14,2026-07-14 09:17:56
WEAK,WEAK|MOMENTUM_WATCH|WATCHLIST|RSI_MID_HIGH|RS_STRONG|VOL_STRONG|ATR_OK|FAR_MA20,2,0.4,57.14,2026-07-14 09:17:56
WEAK,WEAK|MOMENTUM_WATCH|WATCHLIST|RSI_MID|RS_STRONG|VOL_LOW|ATR_OK|ABOVE_MA20,2,0.4,57.14,2026-07-14 09:17:56
WEAK,WEAK|MOMENTUM_WATCH|WATCHLIST|RSI_MID|RS_STRONG|VOL_OK|ATR_OK|ABOVE_MA20,2,0.4,57.14,2026-07-14 09:17:56
WEAK,WEAK|MOMENTUM|BUY NOW|RSI_MID_HIGH|RS_BAD|VOL_STRONG|ATR_LOW|ABOVE_MA20,2,0.4,57.14,2026-07-14 09:17:56
WEAK,WEAK|WATCH|WATCHLIST|RSI_HIGH|RS_STRONG|VOL_OK|ATR_LOW|FAR_MA20,2,0.4,57.14,2026-07-14 09:17:56
DOWNTREND,DOWNTREND|BOTTOM|SKIP|RSI_LOW|RS_WEAK|VOL_LOW|ATR_LOW|BELOW_MA20,540,112.31,57.13,2026-07-14 09:17:55
POSITIVE,POSITIVE|BOTTOM_WATCH|WATCHLIST|RSI_MID_HIGH|RS_WEAK|VOL_OK|ATR_LOW|ABOVE_MA20,158,33.39,57.13,2026-07-14 09:17:55
SIDEWAY,SIDEWAY|MOMENTUM|WAIT|RSI_HIGH|RS_STRONG|VOL_LOW|ATR_LOW|ABOVE_MA20,101,20.58,57.11,2026-07-14 09:17:56
POSITIVE,POSITIVE|MOMENTUM_WATCH|WATCHLIST|RSI_MID|RS_OK|VOL_STRONG|ATR_LOW|ABOVE_MA20,84,17.12,57.1,2026-07-14 09:17:56
POSITIVE,POSITIVE|BOTTOM|BUY NOW|RSI_MID_HIGH|RS_WEAK|VOL_LOW|ATR_LOW|BELOW_MA20,82,17.26,57.09,2026-07-14 09:17:55
SIDEWAY,SIDEWAY|BOTTOM|SKIP|RSI_LOW|RS_WEAK|VOL_LOW|ATR_OK|BELOW_MA20,52,10.82,57.09,2026-07-14 09:17:56
DOWNTREND,DOWNTREND|MOMENTUM|BUY NOW|RSI_MID_HIGH|RS_STRONG|VOL_STRONG|ATR_OK|ABOVE_MA20,1,0.38,57.07,2026-07-14 09:17:55
SIDEWAY,SIDEWAY|MOMENTUM_WATCH|SKIP|RSI_HIGH|RS_OK|VOL_LOW|ATR_LOW|ABOVE_MA20,106,23.44,57.06,2026-07-14 09:17:56
POSITIVE,POSITIVE|BOTTOM|SKIP|RSI_MID|RS_BAD|VOL_STRONG|ATR_LOW|ABOVE_MA20,10,2.24,57.03,2026-07-14 09:17:55
WEAK,WEAK|MOMENTUM_WATCH|SKIP|RSI_MID|RS_STRONG|VOL_LOW|ATR_OK|ABOVE_MA20,6,1.47,57.02,2026-07-14 09:17:56
SIDEWAY,SIDEWAY|MOMENTUM_WATCH|SKIP|RSI_MID_HIGH|RS_OK|VOL_LOW|ATR_LOW|BELOW_MA20,129,28.56,57.01,2026-07-14 09:17:56
DOWNTREND,DOWNTREND|MOMENTUM|SKIP|RSI_HIGH|RS_STRONG|VOL_LOW|ATR_LOW|ABOVE_MA20,18,3.63,57.01,2026-07-14 09:17:55
DOWNTREND,DOWNTREND|BOTTOM|WAIT|RSI_MID_HIGH|RS_STRONG|VOL_LOW|ATR_LOW|ABOVE_MA20,16,3.23,57.01,2026-07-14 09:17:55
WEAK,WEAK|MOMENTUM_WATCH|SKIP|RSI_LOW|RS_OK|VOL_LOW|ATR_LOW|ABOVE_MA20,4,0.84,57.01,2026-07-14 09:17:56
DOWNTREND,DOWNTREND|BOTTOM|SKIP|RSI_LOW|RS_WEAK|VOL_LOW|ATR_OK|BELOW_MA20,7,1.47,57.0,2026-07-14 09:17:55
WEAK,WEAK|MOMENTUM|SKIP|RSI_MID_HIGH|RS_STRONG|VOL_LOW|ATR_LOW|ABOVE_MA20,1062,230.45,56.99,2026-07-14 09:17:56
WEAK,WEAK|BOTTOM|BUY NOW|RSI_LOW|RS_WEAK|VOL_STRONG|ATR_LOW|BELOW_MA20,780,170.83,56.99,2026-07-14 09:17:56
WEAK,WEAK|MOMENTUM_WATCH|WAIT|RSI_HIGH|RS_OK|VOL_STRONG|ATR_LOW|ABOVE_MA20,21,4.28,56.99,2026-07-14 09:17:56
POSITIVE,POSITIVE|MOMENTUM|BUY NOW|RSI_MID_HIGH|RS_WEAK|VOL_STRONG|ATR_LOW|ABOVE_MA20,369,76.52,56.98,2026-07-14 09:17:56
WEAK,WEAK|BOTTOM|WAIT|RSI_MID|RS_STRONG|VOL_OK|ATR_LOW|ABOVE_MA20,98,20.27,56.98,2026-07-14 09:17:56
SIDEWAY,SIDEWAY|MOMENTUM_WATCH|SKIP|RSI_HIGH|RS_WEAK|VOL_LOW|ATR_LOW|ABOVE_MA20,16,3.23,56.98,2026-07-14 09:17:56
DOWNTREND,DOWNTREND|MOMENTUM|SKIP|RSI_MID|RS_OK|VOL_LOW|ATR_LOW|ABOVE_MA20,9,1.83,56.98,2026-07-14 09:17:55
POSITIVE,POSITIVE|BOTTOM|SKIP|RSI_MID_HIGH|RS_OK|VOL_LOW|ATR_LOW|BELOW_MA20,4,0.83,56.97,2026-07-14 09:17:55
SIDEWAY,SIDEWAY|BOTTOM|SKIP|RSI_MID_HIGH|RS_BAD|VOL_OK|ATR_LOW|ABOVE_MA20,4,0.83,56.97,2026-07-14 09:17:56
SIDEWAY,SIDEWAY|MOMENTUM_WATCH|WATCHLIST|RSI_HIGH|RS_OK|VOL_LOW|ATR_LOW|ABOVE_MA20,34,7.33,56.94,2026-07-14 09:17:56
WEAK,WEAK|BOTTOM_WATCH|WATCHLIST|RSI_LOW|RS_BAD|VOL_LOW|ATR_LOW|BELOW_MA20,12,2.89,56.94,2026-07-14 09:17:56
POSITIVE,POSITIVE|WATCH|SKIP|RSI_MID|RS_OK|VOL_LOW|ATR_LOW|ABOVE_MA20,5,1.33,56.94,2026-07-14 09:17:56
POSITIVE,POSITIVE|BOTTOM|BUY NOW|RSI_LOW|RS_OK|VOL_LOW|ATR_OK|BELOW_MA20,11,2.54,56.93,2026-07-14 09:17:55
POSITIVE,POSITIVE|BOTTOM_WATCH|WATCHLIST|RSI_MID|RS_BAD|VOL_STRONG|ATR_LOW|BELOW_MA20,11,2.34,56.91,2026-07-14 09:17:55
POSITIVE,POSITIVE|MOMENTUM|WAIT|RSI_MID|RS_WEAK|VOL_STRONG|ATR_LOW|ABOVE_MA20,18,3.93,56.9,2026-07-14 09:17:56
SIDEWAY,SIDEWAY|BOTTOM_WATCH|SKIP|RSI_HIGH|RS_WEAK|VOL_LOW|ATR_LOW|ABOVE_MA20,18,3.6,56.9,2026-07-14 09:17:56
SIDEWAY,SIDEWAY|MOMENTUM|WAIT|RSI_MID|RS_WEAK|VOL_OK|ATR_LOW|ABOVE_MA20,18,3.6,56.9,2026-07-14 09:17:56
POSITIVE,POSITIVE|MOMENTUM|WAIT|RSI_MID|RS_STRONG|VOL_STRONG|ATR_LOW|ABOVE_MA20,13,2.67,56.89,2026-07-14 09:17:56
WEAK,WEAK|BOTTOM_WATCH|WATCHLIST|RSI_MID|RS_STRONG|VOL_LOW|ATR_LOW|ABOVE_MA20,144,30.84,56.86,2026-07-14 09:17:56
WEAK,WEAK|MOMENTUM_WATCH|WATCHLIST|RSI_HIGH|RS_OK|VOL_OK|ATR_LOW|ABOVE_MA20,11,2.2,56.86,2026-07-14 09:17:56
POSITIVE,POSITIVE|BOTTOM_WATCH|SKIP|RSI_MID|RS_STRONG|VOL_LOW|ATR_LOW|ABOVE_MA20,58,12.59,56.83,2026-07-14 09:17:55
DOWNTREND,DOWNTREND|BOTTOM_WATCH|WATCHLIST|RSI_WEAK|RS_BAD|VOL_LOW|ATR_LOW|BELOW_MA20,30,6.43,56.82,2026-07-14 09:17:55
DOWNTREND,DOWNTREND|BOTTOM_WATCH|SKIP|RSI_MID|RS_OK|VOL_LOW|ATR_OK|BELOW_MA20,4,0.8,56.82,2026-07-14 09:17:55
DOWNTREND,DOWNTREND|BOTTOM|BUY NOW|RSI_MID|RS_WEAK|VOL_STRONG|ATR_LOW|ABOVE_MA20,4,0.8,56.82,2026-07-14 09:17:55
DOWNTREND,DOWNTREND|MOMENTUM|BUY NOW|RSI_MID_HIGH|RS_WEAK|VOL_STRONG|ATR_LOW|ABOVE_MA20,4,0.8,56.82,2026-07-14 09:17:55
DOWNTREND,DOWNTREND|MOMENTUM|SKIP|RSI_MID_HIGH|RS_STRONG|VOL_LOW|ATR_OK|FAR_MA20,4,0.8,56.82,2026-07-14 09:17:55
DOWNTREND,DOWNTREND|MOMENTUM|WAIT|RSI_MID_HIGH|RS_STRONG|VOL_LOW|ATR_LOW|FAR_MA20,4,0.8,56.82,2026-07-14 09:17:55
POSITIVE,POSITIVE|BOTTOM_WATCH|WATCHLIST|RSI_MID|RS_OK|VOL_LOW|ATR_OK|BELOW_MA20,4,0.8,56.82,2026-07-14 09:17:55
POSITIVE,POSITIVE|BOTTOM|BUY NOW|RSI_LOW|RS_OK|VOL_STRONG|ATR_OK|BELOW_MA20,4,0.8,56.82,2026-07-14 09:17:55
POSITIVE,POSITIVE|BOTTOM|BUY NOW|RSI_MID|RS_STRONG|VOL_STRONG|ATR_LOW|BELOW_MA20,4,0.8,56.82,2026-07-14 09:17:55
POSITIVE,POSITIVE|BOTTOM|SKIP|RSI_LOW|RS_BAD|VOL_STRONG|ATR_LOW|ABOVE_MA20,4,0.8,56.82,2026-07-14 09:17:55
POSITIVE,POSITIVE|MOMENTUM_WATCH|SKIP|RSI_HIGH|RS_OK|VOL_LOW|ATR_LOW|FAR_MA20,4,0.8,56.82,2026-07-14 09:17:56
POSITIVE,POSITIVE|MOMENTUM_WATCH|SKIP|RSI_MID_HIGH|RS_BAD|VOL_LOW|ATR_LOW|BELOW_MA20,4,0.8,56.82,2026-07-14 09:17:56
POSITIVE,POSITIVE|MOMENTUM_WATCH|SKIP|RSI_MID_HIGH|RS_STRONG|VOL_LOW|ATR_LOW|BELOW_MA20,4,0.8,56.82,2026-07-14 09:17:56
POSITIVE,POSITIVE|MOMENTUM_WATCH|WAIT|RSI_HIGH|RS_OK|VOL_LOW|ATR_LOW|FAR_MA20,4,0.8,56.82,2026-07-14 09:17:56
POSITIVE,POSITIVE|MOMENTUM_WATCH|WATCHLIST|RSI_MID_HIGH|RS_OK|VOL_STRONG|ATR_LOW|BELOW_MA20,4,0.8,56.82,2026-07-14 09:17:56
POSITIVE,POSITIVE|MOMENTUM_WATCH|WATCHLIST|RSI_MID_HIGH|RS_STRONG|VOL_OK|ATR_OK|FAR_MA20,4,0.8,56.82,2026-07-14 09:17:56
POSITIVE,POSITIVE|MOMENTUM|BUY NOW|RSI_MID_HIGH|RS_BAD|VOL_STRONG|ATR_LOW|ABOVE_MA20,4,0.8,56.82,2026-07-14 09:17:56
POSITIVE,POSITIVE|MOMENTUM|WAIT|RSI_MID_HIGH|RS_BAD|VOL_OK|ATR_LOW|ABOVE_MA20,4,0.8,56.82,2026-07-14 09:17:56
SIDEWAY,SIDEWAY|BOTTOM_WATCH|SKIP|RSI_WEAK|RS_OK|VOL_LOW|ATR_OK|BELOW_MA20,4,0.8,56.82,2026-07-14 09:17:56
SIDEWAY,SIDEWAY|BOTTOM|BUY NOW|RSI_LOW|RS_BAD|VOL_OK|ATR_LOW|ABOVE_MA20,4,0.8,56.82,2026-07-14 09:17:56
SIDEWAY,SIDEWAY|BOTTOM|BUY NOW|RSI_LOW|RS_OK|VOL_STRONG|ATR_OK|BELOW_MA20,4,0.8,56.82,2026-07-14 09:17:56
SIDEWAY,SIDEWAY|BOTTOM|SKIP|RSI_MID|RS_BAD|VOL_OK|ATR_OK|BELOW_MA20,4,0.8,56.82,2026-07-14 09:17:56
SIDEWAY,SIDEWAY|MOMENTUM_WATCH|WATCHLIST|RSI_MID_HIGH|RS_STRONG|VOL_OK|ATR_OK|FAR_MA20,4,0.8,56.82,2026-07-14 09:17:56
SIDEWAY,SIDEWAY|MOMENTUM|BUY NOW|RSI_MID_HIGH|RS_BAD|VOL_LOW|ATR_LOW|ABOVE_MA20,4,0.8,56.82,2026-07-14 09:17:56
SIDEWAY,SIDEWAY|MOMENTUM|BUY NOW|RSI_MID_HIGH|RS_OK|VOL_OK|ATR_LOW|FAR_MA20,4,0.8,56.82,2026-07-14 09:17:56
WEAK,WEAK|BOTTOM|BUY NOW|RSI_LOW|RS_BAD|VOL_STRONG|ATR_OK|BELOW_MA20,4,0.8,56.82,2026-07-14 09:17:56
WEAK,WEAK|BOTTOM|BUY NOW|RSI_WEAK|RS_WEAK|VOL_STRONG|ATR_OK|BELOW_MA20,4,0.8,56.82,2026-07-14 09:17:56
WEAK,WEAK|BOTTOM|SKIP|RSI_MID|RS_BAD|VOL_OK|ATR_OK|BELOW_MA20,4,0.8,56.82,2026-07-14 09:17:56
WEAK,WEAK|MOMENTUM_WATCH|WATCHLIST|RSI_MID_HIGH|RS_STRONG|VOL_OK|ATR_OK|FAR_MA20,4,0.8,56.82,2026-07-14 09:17:56
SIDEWAY,SIDEWAY|BOTTOM|BUY NOW|RSI_LOW|RS_OK|VOL_LOW|ATR_LOW|ABOVE_MA20,181,38.51,56.81,2026-07-14 09:17:56
SIDEWAY,SIDEWAY|MOMENTUM_WATCH|WATCHLIST|RSI_MID_HIGH|RS_WEAK|VOL_STRONG|ATR_LOW|ABOVE_MA20,107,21.92,56.81,2026-07-14 09:17:56
WEAK,WEAK|BOTTOM|BUY NOW|RSI_MID|RS_BAD|VOL_OK|ATR_LOW|ABOVE_MA20,4,0.8,56.79,2026-07-14 09:17:56
SIDEWAY,SIDEWAY|BOTTOM_WATCH|WATCHLIST|RSI_MID_HIGH|RS_WEAK|VOL_LOW|ATR_LOW|BELOW_MA20,60,13.75,56.78,2026-07-14 09:17:56
WEAK,WEAK|BOTTOM|BUY NOW|RSI_LOW|RS_WEAK|VOL_LOW|ATR_LOW|ABOVE_MA20,64,13.37,56.78,2026-07-14 09:17:56
WEAK,WEAK|BOTTOM_WATCH|WATCHLIST|RSI_MID|RS_WEAK|VOL_STRONG|ATR_LOW|ABOVE_MA20,3,0.78,56.74,2026-07-14 09:17:56
POSITIVE,POSITIVE|BOTTOM|BUY NOW|RSI_LOW|RS_BAD|VOL_STRONG|ATR_LOW|BELOW_MA20,162,36.2,56.71,2026-07-14 09:17:55
SIDEWAY,SIDEWAY|MOMENTUM_WATCH|WAIT|RSI_HIGH|RS_OK|VOL_LOW|ATR_LOW|ABOVE_MA20,162,33.4,56.7,2026-07-14 09:17:56
WEAK,WEAK|BOTTOM|BUY NOW|RSI_LOW|RS_BAD|VOL_STRONG|ATR_LOW|BELOW_MA20,98,20.56,56.67,2026-07-14 09:17:56
POSITIVE,POSITIVE|MOMENTUM_WATCH|WATCHLIST|RSI_MID|RS_WEAK|VOL_OK|ATR_LOW|ABOVE_MA20,31,6.96,56.67,2026-07-14 09:17:56
SIDEWAY,SIDEWAY|MOMENTUM|WATCHLIST|RSI_HIGH|RS_OK|VOL_STRONG|ATR_LOW|ABOVE_MA20,55,11.06,56.66,2026-07-14 09:17:56
WEAK,WEAK|MOMENTUM_WATCH|SKIP|RSI_MID_HIGH|RS_STRONG|VOL_LOW|ATR_LOW|BELOW_MA20,57,11.95,56.65,2026-07-14 09:17:56
SIDEWAY,SIDEWAY|BOTTOM|BUY NOW|RSI_MID_HIGH|RS_BAD|VOL_LOW|ATR_LOW|BELOW_MA20,4,0.83,56.62,2026-07-14 09:17:56
WEAK,WEAK|MOMENTUM_WATCH|WATCHLIST|RSI_HIGH|RS_STRONG|VOL_LOW|ATR_LOW|ABOVE_MA20,94,19.34,56.61,2026-07-14 09:17:56
POSITIVE,POSITIVE|BOTTOM_WATCH|WAIT|RSI_HIGH|RS_WEAK|VOL_OK|ATR_LOW|ABOVE_MA20,13,2.6,56.6,2026-07-14 09:17:55
POSITIVE,POSITIVE|MOMENTUM_WATCH|WATCHLIST|RSI_MID_HIGH|RS_WEAK|VOL_STRONG|ATR_LOW|BELOW_MA20,13,2.6,56.6,2026-07-14 09:17:56
WEAK,WEAK|BOTTOM|BUY NOW|RSI_MID|RS_OK|VOL_LOW|ATR_LOW|ABOVE_MA20,431,90.86,56.57,2026-07-14 09:17:56
POSITIVE,POSITIVE|BOTTOM_WATCH|WATCHLIST|RSI_LOW|RS_BAD|VOL_LOW|ATR_LOW|BELOW_MA20,35,9.05,56.57,2026-07-14 09:17:55
WEAK,WEAK|MOMENTUM|WATCHLIST|RSI_HIGH|RS_OK|VOL_STRONG|ATR_LOW|ABOVE_MA20,20,4.03,56.54,2026-07-14 09:17:56
POSITIVE,POSITIVE|MOMENTUM|BUY NOW|RSI_MID_HIGH|RS_OK|VOL_STRONG|ATR_LOW|ABOVE_MA20,1933,411.21,56.52,2026-07-14 09:17:56
POSITIVE,POSITIVE|MOMENTUM|WAIT|RSI_MID_HIGH|RS_OK|VOL_LOW|ATR_LOW|ABOVE_MA20,645,135.65,56.52,2026-07-14 09:17:56
DOWNTREND,DOWNTREND|BOTTOM|BUY NOW|RSI_MID_HIGH|RS_STRONG|VOL_STRONG|ATR_LOW|BELOW_MA20,6,1.2,56.52,2026-07-14 09:17:55
DOWNTREND,DOWNTREND|BOTTOM|BUY NOW|RSI_MID|RS_STRONG|VOL_STRONG|ATR_OK|BELOW_MA20,6,1.2,56.52,2026-07-14 09:17:55
DOWNTREND,DOWNTREND|BOTTOM|SKIP|RSI_WEAK|RS_BAD|VOL_LOW|ATR_LOW|BELOW_MA20,6,1.2,56.52,2026-07-14 09:17:55
DOWNTREND,DOWNTREND|MOMENTUM|WAIT|RSI_MID|RS_STRONG|VOL_LOW|ATR_LOW|ABOVE_MA20,6,1.2,56.52,2026-07-14 09:17:55
POSITIVE,POSITIVE|BOTTOM|WAIT|RSI_HIGH|RS_OK|VOL_STRONG|ATR_LOW|ABOVE_MA20,6,1.2,56.52,2026-07-14 09:17:55
SIDEWAY,SIDEWAY|BOTTOM|WAIT|RSI_HIGH|RS_WEAK|VOL_OK|ATR_LOW|ABOVE_MA20,6,1.2,56.52,2026-07-14 09:17:56
SIDEWAY,SIDEWAY|MOMENTUM_WATCH|WATCHLIST|RSI_MID_HIGH|RS_BAD|VOL_LOW|ATR_LOW|ABOVE_MA20,6,1.2,56.52,2026-07-14 09:17:56
SIDEWAY,SIDEWAY|MOMENTUM|WAIT|RSI_HIGH|RS_WEAK|VOL_STRONG|ATR_LOW|ABOVE_MA20,6,1.2,56.52,2026-07-14 09:17:56
WEAK,WEAK|BOTTOM|SKIP|RSI_MID|RS_OK|VOL_LOW|ATR_OK|ABOVE_MA20,6,1.2,56.52,2026-07-14 09:17:56
DOWNTREND,DOWNTREND|BOTTOM|SKIP|RSI_MID|RS_WEAK|VOL_LOW|ATR_LOW|ABOVE_MA20,18,3.72,56.51,2026-07-14 09:17:55
SIDEWAY,SIDEWAY|BOTTOM_WATCH|WATCHLIST|RSI_MID|RS_BAD|VOL_STRONG|ATR_LOW|BELOW_MA20,4,0.85,56.47,2026-07-14 09:17:56
WEAK,WEAK|MOMENTUM|WAIT|RSI_MID_HIGH|RS_WEAK|VOL_LOW|ATR_LOW|ABOVE_MA20,8,1.65,56.46,2026-07-14 09:17:56
WEAK,WEAK|MOMENTUM_WATCH|WATCHLIST|RSI_MID_HIGH|RS_WEAK|VOL_STRONG|ATR_LOW|ABOVE_MA20,22,4.4,56.45,2026-07-14 09:17:56
POSITIVE,POSITIVE|BOTTOM|WAIT|RSI_MID|RS_STRONG|VOL_STRONG|ATR_LOW|ABOVE_MA20,4,0.86,56.45,2026-07-14 09:17:56
DOWNTREND,DOWNTREND|BOTTOM_WATCH|WATCHLIST|RSI_WEAK|RS_OK|VOL_OK|ATR_LOW|BELOW_MA20,50,11.05,56.44,2026-07-14 09:17:55
POSITIVE,POSITIVE|BOTTOM|BUY NOW|RSI_LOW|RS_OK|VOL_LOW|ATR_LOW|ABOVE_MA20,116,24.45,56.42,2026-07-14 09:17:55
WEAK,WEAK|BOTTOM_WATCH|SKIP|RSI_WEAK|RS_STRONG|VOL_LOW|ATR_LOW|BELOW_MA20,28,6.01,56.42,2026-07-14 09:17:56
WEAK,WEAK|MOMENTUM|BUY NOW|RSI_MID_HIGH|RS_STRONG|VOL_LOW|ATR_LOW|ABOVE_MA20,972,203.15,56.41,2026-07-14 09:17:56
WEAK,WEAK|BOTTOM_WATCH|WATCHLIST|RSI_MID_HIGH|RS_WEAK|VOL_OK|ATR_LOW|BELOW_MA20,8,1.63,56.39,2026-07-14 09:17:56
WEAK,WEAK|BOTTOM_WATCH|WATCHLIST|RSI_MID_HIGH|RS_OK|VOL_LOW|ATR_LOW|ABOVE_MA20,79,16.68,56.37,2026-07-14 09:17:56
POSITIVE,POSITIVE|MOMENTUM_WATCH|WATCHLIST|RSI_MID_HIGH|RS_OK|VOL_OK|ATR_LOW|BELOW_MA20,15,3.0,56.36,2026-07-14 09:17:56
SIDEWAY,SIDEWAY|BOTTOM|SKIP|RSI_MID|RS_WEAK|VOL_LOW|ATR_OK|BELOW_MA20,23,5.0,56.35,2026-07-14 09:17:56
DOWNTREND,DOWNTREND|BOTTOM|WAIT|RSI_MID_HIGH|RS_STRONG|VOL_STRONG|ATR_LOW|ABOVE_MA20,10,2.08,56.35,2026-07-14 09:17:55
SIDEWAY,SIDEWAY|BOTTOM|WAIT|RSI_MID_HIGH|RS_OK|VOL_OK|ATR_LOW|ABOVE_MA20,91,18.7,56.32,2026-07-14 09:17:56
SIDEWAY,SIDEWAY|MOMENTUM|SKIP|RSI_HIGH|RS_OK|VOL_LOW|ATR_LOW|ABOVE_MA20,35,7.79,56.32,2026-07-14 09:17:56
WEAK,WEAK|BOTTOM_WATCH|WATCHLIST|RSI_MID_HIGH|RS_OK|VOL_OK|ATR_LOW|BELOW_MA20,12,2.53,56.32,2026-07-14 09:17:56
WEAK,WEAK|BOTTOM|BUY NOW|RSI_LOW|RS_STRONG|VOL_OK|ATR_LOW|BELOW_MA20,82,17.81,56.3,2026-07-14 09:17:56
WEAK,WEAK|BOTTOM_WATCH|WAIT|RSI_HIGH|RS_STRONG|VOL_OK|ATR_LOW|ABOVE_MA20,11,2.31,56.28,2026-07-14 09:17:56
POSITIVE,POSITIVE|BOTTOM|BUY NOW|RSI_LOW|RS_BAD|VOL_OK|ATR_LOW|ABOVE_MA20,8,1.61,56.28,2026-07-14 09:17:55
POSITIVE,POSITIVE|BOTTOM|WAIT|RSI_HIGH|RS_WEAK|VOL_OK|ATR_LOW|ABOVE_MA20,19,4.51,56.25,2026-07-14 09:17:55
WEAK,WEAK|BOTTOM|WAIT|RSI_WEAK|RS_WEAK|VOL_LOW|ATR_LOW|BELOW_MA20,19,4.31,56.25,2026-07-14 09:17:56
DOWNTREND,DOWNTREND|BOTTOM_WATCH|WAIT|RSI_HIGH|RS_STRONG|VOL_LOW|ATR_LOW|ABOVE_MA20,8,1.6,56.25,2026-07-14 09:17:55
DOWNTREND,DOWNTREND|BOTTOM|SKIP|RSI_WEAK|RS_BAD|VOL_LOW|ATR_OK|BELOW_MA20,8,1.6,56.25,2026-07-14 09:17:55
POSITIVE,POSITIVE|BOTTOM_WATCH|WATCHLIST|RSI_MID|RS_OK|VOL_STRONG|ATR_LOW|ABOVE_MA20,8,1.6,56.25,2026-07-14 09:17:55
POSITIVE,POSITIVE|MOMENTUM|BUY NOW|RSI_MID|RS_STRONG|VOL_STRONG|ATR_LOW|ABOVE_MA20,8,1.6,56.25,2026-07-14 09:17:56
DOWNTREND,DOWNTREND|BOTTOM|SKIP|RSI_LOW|RS_STRONG|VOL_LOW|ATR_LOW|ABOVE_MA20,36,7.31,56.22,2026-07-14 09:17:55
POSITIVE,POSITIVE|MOMENTUM_WATCH|SKIP|RSI_HIGH|RS_OK|VOL_LOW|ATR_LOW|ABOVE_MA20,129,27.05,56.21,2026-07-14 09:17:56
DOWNTREND,DOWNTREND|BOTTOM|BUY NOW|RSI_MID_HIGH|RS_OK|VOL_LOW|ATR_LOW|ABOVE_MA20,31,6.33,56.2,2026-07-14 09:17:55
SIDEWAY,SIDEWAY|BOTTOM_WATCH|SKIP|RSI_WEAK|RS_BAD|VOL_LOW|ATR_LOW|BELOW_MA20,1493,362.61,56.19,2026-07-14 09:17:56
DOWNTREND,DOWNTREND|BOTTOM_WATCH|WATCHLIST|RSI_MID_HIGH|RS_STRONG|VOL_OK|ATR_LOW|BELOW_MA20,1,0.22,56.19,2026-07-14 09:17:55
DOWNTREND,DOWNTREND|MOMENTUM_WATCH|SKIP|RSI_MID|RS_OK|VOL_LOW|ATR_OK|ABOVE_MA20,1,0.22,56.19,2026-07-14 09:17:55
POSITIVE,POSITIVE|WATCH|SKIP|RSI_MID|RS_OK|VOL_LOW|ATR_LOW|BELOW_MA20,1,0.22,56.19,2026-07-14 09:17:56
WEAK,WEAK|MOMENTUM_WATCH|SKIP|RSI_MID|RS_OK|VOL_LOW|ATR_OK|ABOVE_MA20,5,1.29,56.18,2026-07-14 09:17:56
POSITIVE,POSITIVE|BOTTOM|WAIT|RSI_MID_HIGH|RS_WEAK|VOL_LOW|ATR_LOW|ABOVE_MA20,180,36.71,56.17,2026-07-14 09:17:55
DOWNTREND,DOWNTREND|BOTTOM_WATCH|SKIP|RSI_MID|RS_WEAK|VOL_LOW|ATR_OK|ABOVE_MA20,1,0.21,56.14,2026-07-14 09:17:55
DOWNTREND,DOWNTREND|BOTTOM|WAIT|RSI_MID|RS_BAD|VOL_LOW|ATR_LOW|BELOW_MA20,1,0.21,56.14,2026-07-14 09:17:55
POSITIVE,POSITIVE|MOMENTUM_WATCH|SKIP|RSI_LOW|RS_BAD|VOL_LOW|ATR_LOW|ABOVE_MA20,1,0.21,56.14,2026-07-14 09:17:56
WEAK,WEAK|BOTTOM|BUY NOW|RSI_MID_HIGH|RS_STRONG|VOL_LOW|ATR_LOW|BELOW_MA20,25,5.52,56.13,2026-07-14 09:17:56
SIDEWAY,SIDEWAY|BOTTOM|BUY NOW|RSI_MID_HIGH|RS_WEAK|VOL_OK|ATR_LOW|BELOW_MA20,51,12.11,56.12,2026-07-14 09:17:56
POSITIVE,POSITIVE|BOTTOM|SKIP|RSI_MID|RS_STRONG|VOL_LOW|ATR_OK|BELOW_MA20,9,1.98,56.12,2026-07-14 09:17:55
SIDEWAY,SIDEWAY|BOTTOM|SKIP|RSI_MID|RS_STRONG|VOL_LOW|ATR_OK|BELOW_MA20,9,1.98,56.12,2026-07-14 09:17:56
DOWNTREND,DOWNTREND|BOTTOM|BUY NOW|RSI_MID|RS_BAD|VOL_OK|ATR_LOW|ABOVE_MA20,1,0.2,56.12,2026-07-14 09:17:55
DOWNTREND,DOWNTREND|MOMENTUM|BUY NOW|RSI_MID_HIGH|RS_WEAK|VOL_LOW|ATR_OK|ABOVE_MA20,1,0.2,56.12,2026-07-14 09:17:55
POSITIVE,POSITIVE|MOMENTUM_WATCH|SKIP|RSI_HIGH|RS_WEAK|VOL_STRONG|ATR_LOW|ABOVE_MA20,1,0.2,56.12,2026-07-14 09:17:56
POSITIVE,POSITIVE|MOMENTUM|SKIP|RSI_MID_HIGH|RS_BAD|VOL_LOW|ATR_OK|ABOVE_MA20,1,0.2,56.12,2026-07-14 09:17:56
SIDEWAY,SIDEWAY|MOMENTUM_WATCH|SKIP|RSI_HIGH|RS_WEAK|VOL_STRONG|ATR_LOW|ABOVE_MA20,1,0.2,56.12,2026-07-14 09:17:56
SIDEWAY,SIDEWAY|MOMENTUM|SKIP|RSI_MID_HIGH|RS_BAD|VOL_LOW|ATR_OK|ABOVE_MA20,1,0.2,56.12,2026-07-14 09:17:56
WEAK,WEAK|MOMENTUM_WATCH|SKIP|RSI_HIGH|RS_WEAK|VOL_STRONG|ATR_LOW|ABOVE_MA20,1,0.2,56.12,2026-07-14 09:17:56
WEAK,WEAK|MOMENTUM_WATCH|SKIP|RSI_MID|RS_BAD|VOL_STRONG|ATR_LOW|ABOVE_MA20,1,0.2,56.12,2026-07-14 09:17:56
WEAK,WEAK|MOMENTUM|BUY NOW|RSI_MID_HIGH|RS_BAD|VOL_LOW|ATR_OK|ABOVE_MA20,1,0.2,56.12,2026-07-14 09:17:56
WEAK,WEAK|MOMENTUM|SKIP|RSI_MID_HIGH|RS_BAD|VOL_LOW|ATR_OK|ABOVE_MA20,1,0.2,56.12,2026-07-14 09:17:56
DOWNTREND,DOWNTREND|BOTTOM|BUY NOW|RSI_MID|RS_BAD|VOL_LOW|ATR_LOW|ABOVE_MA20,1,0.2,56.11,2026-07-14 09:17:55
SIDEWAY,SIDEWAY|BOTTOM|WAIT|RSI_MID_HIGH|RS_OK|VOL_STRONG|ATR_LOW|ABOVE_MA20,57,12.83,56.1,2026-07-14 09:17:56
DOWNTREND,DOWNTREND|MOMENTUM_WATCH|WATCHLIST|RSI_MID|RS_STRONG|VOL_STRONG|ATR_LOW|ABOVE_MA20,23,4.76,56.1,2026-07-14 09:17:55
DOWNTREND,DOWNTREND|BOTTOM_WATCH|SKIP|RSI_HIGH|RS_STRONG|VOL_LOW|ATR_LOW|ABOVE_MA20,1,0.2,56.1,2026-07-14 09:17:55
DOWNTREND,DOWNTREND|BOTTOM_WATCH|SKIP|RSI_MID|RS_BAD|VOL_LOW|ATR_OK|BELOW_MA20,1,0.2,56.1,2026-07-14 09:17:55
DOWNTREND,DOWNTREND|BOTTOM_WATCH|SKIP|RSI_MID|RS_WEAK|VOL_LOW|ATR_OK|BELOW_MA20,1,0.2,56.1,2026-07-14 09:17:55
DOWNTREND,DOWNTREND|BOTTOM_WATCH|SKIP|RSI_WEAK|RS_BAD|VOL_STRONG|ATR_HIGH|BELOW_MA20,1,0.2,56.1,2026-07-14 09:17:55
DOWNTREND,DOWNTREND|BOTTOM_WATCH|WAIT|RSI_HIGH|RS_STRONG|VOL_LOW|ATR_OK|FAR_MA20,1,0.2,56.1,2026-07-14 09:17:55
DOWNTREND,DOWNTREND|BOTTOM_WATCH|WATCHLIST|RSI_MID_HIGH|RS_BAD|VOL_LOW|ATR_LOW|BELOW_MA20,1,0.2,56.1,2026-07-14 09:17:55
DOWNTREND,DOWNTREND|BOTTOM_WATCH|WATCHLIST|RSI_MID_HIGH|RS_STRONG|VOL_STRONG|ATR_LOW|ABOVE_MA20,1,0.2,56.1,2026-07-14 09:17:55
DOWNTREND,DOWNTREND|BOTTOM_WATCH|WATCHLIST|RSI_MID_HIGH|RS_WEAK|VOL_LOW|ATR_LOW|ABOVE_MA20,1,0.2,56.1,2026-07-14 09:17:55
DOWNTREND,DOWNTREND|BOTTOM_WATCH|WATCHLIST|RSI_MID_HIGH|RS_WEAK|VOL_LOW|ATR_LOW|BELOW_MA20,1,0.2,56.1,2026-07-14 09:17:55
DOWNTREND,DOWNTREND|BOTTOM_WATCH|WATCHLIST|RSI_MID|RS_BAD|VOL_STRONG|ATR_OK|BELOW_MA20,1,0.2,56.1,2026-07-14 09:17:55
DOWNTREND,DOWNTREND|BOTTOM_WATCH|WATCHLIST|RSI_MID|RS_WEAK|VOL_LOW|ATR_LOW|ABOVE_MA20,1,0.2,56.1,2026-07-14 09:17:55
DOWNTREND,DOWNTREND|BOTTOM_WATCH|WATCHLIST|RSI_WEAK|RS_OK|VOL_LOW|ATR_OK|BELOW_MA20,1,0.2,56.1,2026-07-14 09:17:55
DOWNTREND,DOWNTREND|BOTTOM_WATCH|WATCHLIST|RSI_WEAK|RS_STRONG|VOL_LOW|ATR_LOW|BELOW_MA20,1,0.2,56.1,2026-07-14 09:17:55
DOWNTREND,DOWNTREND|BOTTOM_WATCH|WATCHLIST|RSI_WEAK|RS_WEAK|VOL_STRONG|ATR_OK|BELOW_MA20,1,0.2,56.1,2026-07-14 09:17:55
DOWNTREND,DOWNTREND|BOTTOM|BUY NOW|RSI_LOW|RS_BAD|VOL_LOW|ATR_OK|BELOW_MA20,1,0.2,56.1,2026-07-14 09:17:55
DOWNTREND,DOWNTREND|BOTTOM|BUY NOW|RSI_LOW|RS_OK|VOL_OK|ATR_OK|ABOVE_MA20,1,0.2,56.1,2026-07-14 09:17:55
DOWNTREND,DOWNTREND|BOTTOM|BUY NOW|RSI_LOW|RS_STRONG|VOL_STRONG|ATR_OK|BELOW_MA20,1,0.2,56.1,2026-07-14 09:17:55
DOWNTREND,DOWNTREND|BOTTOM|BUY NOW|RSI_LOW|RS_WEAK|VOL_STRONG|ATR_LOW|ABOVE_MA20,1,0.2,56.1,2026-07-14 09:17:55
DOWNTREND,DOWNTREND|BOTTOM|BUY NOW|RSI_MID_HIGH|RS_BAD|VOL_LOW|ATR_LOW|ABOVE_MA20,1,0.2,56.1,2026-07-14 09:17:55
DOWNTREND,DOWNTREND|BOTTOM|BUY NOW|RSI_MID_HIGH|RS_BAD|VOL_OK|ATR_LOW|ABOVE_MA20,1,0.2,56.1,2026-07-14 09:17:55
DOWNTREND,DOWNTREND|BOTTOM|BUY NOW|RSI_MID_HIGH|RS_OK|VOL_LOW|ATR_OK|ABOVE_MA20,1,0.2,56.1,2026-07-14 09:17:55
DOWNTREND,DOWNTREND|BOTTOM|BUY NOW|RSI_MID_HIGH|RS_WEAK|VOL_LOW|ATR_OK|ABOVE_MA20,1,0.2,56.1,2026-07-14 09:17:55
DOWNTREND,DOWNTREND|BOTTOM|BUY NOW|RSI_MID|RS_BAD|VOL_LOW|ATR_OK|BELOW_MA20,1,0.2,56.1,2026-07-14 09:17:55
DOWNTREND,DOWNTREND|BOTTOM|BUY NOW|RSI_MID|RS_BAD|VOL_STRONG|ATR_LOW|ABOVE_MA20,1,0.2,56.1,2026-07-14 09:17:55
DOWNTREND,DOWNTREND|BOTTOM|BUY NOW|RSI_MID|RS_OK|VOL_LOW|ATR_OK|ABOVE_MA20,1,0.2,56.1,2026-07-14 09:17:55
DOWNTREND,DOWNTREND|BOTTOM|BUY NOW|RSI_MID|RS_STRONG|VOL_STRONG|ATR_OK|ABOVE_MA20,1,0.2,56.1,2026-07-14 09:17:55
DOWNTREND,DOWNTREND|BOTTOM|BUY NOW|RSI_MID|RS_WEAK|VOL_OK|ATR_OK|ABOVE_MA20,1,0.2,56.1,2026-07-14 09:17:55
DOWNTREND,DOWNTREND|BOTTOM|BUY NOW|RSI_MID|RS_WEAK|VOL_STRONG|ATR_OK|ABOVE_MA20,1,0.2,56.1,2026-07-14 09:17:55
DOWNTREND,DOWNTREND|BOTTOM|BUY NOW|RSI_WEAK|RS_BAD|VOL_LOW|ATR_OK|BELOW_MA20,1,0.2,56.1,2026-07-14 09:17:55
DOWNTREND,DOWNTREND|BOTTOM|BUY NOW|RSI_WEAK|RS_OK|VOL_OK|ATR_OK|BELOW_MA20,1,0.2,56.1,2026-07-14 09:17:55
DOWNTREND,DOWNTREND|BOTTOM|SKIP|RSI_LOW|RS_BAD|VOL_OK|ATR_HIGH|BELOW_MA20,1,0.2,56.1,2026-07-14 09:17:55
DOWNTREND,DOWNTREND|BOTTOM|SKIP|RSI_MID_HIGH|RS_STRONG|VOL_LOW|ATR_LOW|BELOW_MA20,1,0.2,56.1,2026-07-14 09:17:55
DOWNTREND,DOWNTREND|BOTTOM|SKIP|RSI_MID|RS_BAD|VOL_OK|ATR_OK|BELOW_MA20,1,0.2,56.1,2026-07-14 09:17:55
DOWNTREND,DOWNTREND|BOTTOM|SKIP|RSI_MID|RS_OK|VOL_LOW|ATR_OK|ABOVE_MA20,1,0.2,56.1,2026-07-14 09:17:55
DOWNTREND,DOWNTREND|BOTTOM|WAIT|RSI_LOW|RS_WEAK|VOL_LOW|ATR_OK|BELOW_MA20,1,0.2,56.1,2026-07-14 09:17:55
DOWNTREND,DOWNTREND|BOTTOM|WAIT|RSI_MID_HIGH|RS_OK|VOL_STRONG|ATR_LOW|BELOW_MA20,1,0.2,56.1,2026-07-14 09:17:55
DOWNTREND,DOWNTREND|BOTTOM|WAIT|RSI_MID_HIGH|RS_STRONG|VOL_LOW|ATR_LOW|BELOW_MA20,1,0.2,56.1,2026-07-14 09:17:55
DOWNTREND,DOWNTREND|BOTTOM|WAIT|RSI_MID|RS_OK|VOL_OK|ATR_OK|ABOVE_MA20,1,0.2,56.1,2026-07-14 09:17:55
DOWNTREND,DOWNTREND|BOTTOM|WAIT|RSI_MID|RS_WEAK|VOL_LOW|ATR_LOW|BELOW_MA20,1,0.2,56.1,2026-07-14 09:17:55
DOWNTREND,DOWNTREND|BOTTOM|WAIT|RSI_MID|RS_WEAK|VOL_OK|ATR_LOW|ABOVE_MA20,1,0.2,56.1,2026-07-14 09:17:55
DOWNTREND,DOWNTREND|MOMENTUM_WATCH|SKIP|RSI_HIGH|RS_STRONG|VOL_LOW|ATR_OK|ABOVE_MA20,1,0.2,56.1,2026-07-14 09:17:55
DOWNTREND,DOWNTREND|MOMENTUM_WATCH|SKIP|RSI_HIGH|RS_WEAK|VOL_LOW|ATR_LOW|ABOVE_MA20,1,0.2,56.1,2026-07-14 09:17:55
DOWNTREND,DOWNTREND|MOMENTUM_WATCH|SKIP|RSI_LOW|RS_OK|VOL_LOW|ATR_LOW|ABOVE_MA20,1,0.2,56.1,2026-07-14 09:17:55
DOWNTREND,DOWNTREND|MOMENTUM_WATCH|SKIP|RSI_MID_HIGH|RS_BAD|VOL_LOW|ATR_OK|ABOVE_MA20,1,0.2,56.1,2026-07-14 09:17:55
DOWNTREND,DOWNTREND|MOMENTUM_WATCH|SKIP|RSI_MID_HIGH|RS_BAD|VOL_LOW|ATR_OK|BELOW_MA20,1,0.2,56.1,2026-07-14 09:17:55
DOWNTREND,DOWNTREND|MOMENTUM_WATCH|SKIP|RSI_MID|RS_BAD|VOL_OK|ATR_LOW|ABOVE_MA20,1,0.2,56.1,2026-07-14 09:17:55
DOWNTREND,DOWNTREND|MOMENTUM_WATCH|SKIP|RSI_MID|RS_WEAK|VOL_LOW|ATR_LOW|ABOVE_MA20,1,0.2,56.1,2026-07-14 09:17:55
DOWNTREND,DOWNTREND|MOMENTUM_WATCH|WAIT|RSI_HIGH|RS_STRONG|VOL_STRONG|ATR_OK|ABOVE_MA20,1,0.2,56.1,2026-07-14 09:17:55
DOWNTREND,DOWNTREND|MOMENTUM_WATCH|WATCHLIST|RSI_HIGH|RS_STRONG|VOL_STRONG|ATR_LOW|FAR_MA20,1,0.2,56.1,2026-07-14 09:17:55
DOWNTREND,DOWNTREND|MOMENTUM_WATCH|WATCHLIST|RSI_MID_HIGH|RS_OK|VOL_STRONG|ATR_LOW|BELOW_MA20,1,0.2,56.1,2026-07-14 09:17:55
DOWNTREND,DOWNTREND|MOMENTUM_WATCH|WATCHLIST|RSI_MID_HIGH|RS_STRONG|VOL_LOW|ATR_LOW|FAR_MA20,1,0.2,56.1,2026-07-14 09:17:55
DOWNTREND,DOWNTREND|MOMENTUM_WATCH|WATCHLIST|RSI_MID_HIGH|RS_STRONG|VOL_LOW|ATR_OK|FAR_MA20,1,0.2,56.1,2026-07-14 09:17:55
DOWNTREND,DOWNTREND|MOMENTUM_WATCH|WATCHLIST|RSI_MID_HIGH|RS_STRONG|VOL_OK|ATR_OK|ABOVE_MA20,1,0.2,56.1,2026-07-14 09:17:55
DOWNTREND,DOWNTREND|MOMENTUM_WATCH|WATCHLIST|RSI_MID|RS_OK|VOL_LOW|ATR_OK|ABOVE_MA20,1,0.2,56.1,2026-07-14 09:17:55
DOWNTREND,DOWNTREND|MOMENTUM_WATCH|WATCHLIST|RSI_MID|RS_STRONG|VOL_LOW|ATR_OK|ABOVE_MA20,1,0.2,56.1,2026-07-14 09:17:55
DOWNTREND,DOWNTREND|MOMENTUM|BUY NOW|RSI_MID_HIGH|RS_OK|VOL_OK|ATR_OK|ABOVE_MA20,1,0.2,56.1,2026-07-14 09:17:55
DOWNTREND,DOWNTREND|MOMENTUM|BUY NOW|RSI_MID_HIGH|RS_OK|VOL_STRONG|ATR_OK|ABOVE_MA20,1,0.2,56.1,2026-07-14 09:17:55
DOWNTREND,DOWNTREND|MOMENTUM|BUY NOW|RSI_MID|RS_STRONG|VOL_STRONG|ATR_OK|ABOVE_MA20,1,0.2,56.1,2026-07-14 09:17:55
DOWNTREND,DOWNTREND|MOMENTUM|SKIP|RSI_HIGH|RS_STRONG|VOL_LOW|ATR_LOW|FAR_MA20,1,0.2,56.1,2026-07-14 09:17:55
DOWNTREND,DOWNTREND|MOMENTUM|SKIP|RSI_LOW|RS_STRONG|VOL_LOW|ATR_LOW|ABOVE_MA20,1,0.2,56.1,2026-07-14 09:17:55
DOWNTREND,DOWNTREND|MOMENTUM|SKIP|RSI_MID_HIGH|RS_OK|VOL_LOW|ATR_OK|ABOVE_MA20,1,0.2,56.1,2026-07-14 09:17:55
DOWNTREND,DOWNTREND|MOMENTUM|SKIP|RSI_MID_HIGH|RS_OK|VOL_STRONG|ATR_LOW|BELOW_MA20,1,0.2,56.1,2026-07-14 09:17:55
DOWNTREND,DOWNTREND|MOMENTUM|WAIT|RSI_HIGH|RS_STRONG|VOL_STRONG|ATR_OK|ABOVE_MA20,1,0.2,56.1,2026-07-14 09:17:55
DOWNTREND,DOWNTREND|MOMENTUM|WAIT|RSI_HIGH|RS_WEAK|VOL_STRONG|ATR_LOW|ABOVE_MA20,1,0.2,56.1,2026-07-14 09:17:55
DOWNTREND,DOWNTREND|MOMENTUM|WAIT|RSI_MID_HIGH|RS_OK|VOL_LOW|ATR_OK|ABOVE_MA20,1,0.2,56.1,2026-07-14 09:17:55
DOWNTREND,DOWNTREND|MOMENTUM|WAIT|RSI_MID|RS_OK|VOL_OK|ATR_OK|ABOVE_MA20,1,0.2,56.1,2026-07-14 09:17:55
DOWNTREND,DOWNTREND|WATCH|WATCHLIST|RSI_HIGH|RS_STRONG|VOL_OK|ATR_LOW|FAR_MA20,1,0.2,56.1,2026-07-14 09:17:55
POSITIVE,POSITIVE|BOTTOM_WATCH|SKIP|RSI_HIGH|RS_OK|VOL_STRONG|ATR_LOW|ABOVE_MA20,1,0.2,56.1,2026-07-14 09:17:55
POSITIVE,POSITIVE|BOTTOM_WATCH|SKIP|RSI_HIGH|RS_WEAK|VOL_STRONG|ATR_LOW|ABOVE_MA20,1,0.2,56.1,2026-07-14 09:17:55
POSITIVE,POSITIVE|BOTTOM_WATCH|SKIP|RSI_LOW|RS_BAD|VOL_LOW|ATR_LOW|ABOVE_MA20,1,0.2,56.1,2026-07-14 09:17:55
POSITIVE,POSITIVE|BOTTOM_WATCH|SKIP|RSI_LOW|RS_WEAK|VOL_LOW|ATR_HIGH|BELOW_MA20,1,0.2,56.1,2026-07-14 09:17:55
POSITIVE,POSITIVE|BOTTOM_WATCH|SKIP|RSI_MID_HIGH|RS_BAD|VOL_OK|ATR_HIGH|BELOW_MA20,1,0.2,56.1,2026-07-14 09:17:55
POSITIVE,POSITIVE|BOTTOM_WATCH|SKIP|RSI_MID_HIGH|RS_OK|VOL_LOW|ATR_OK|BELOW_MA20,1,0.2,56.1,2026-07-14 09:17:55
POSITIVE,POSITIVE|BOTTOM_WATCH|SKIP|RSI_MID_HIGH|RS_STRONG|VOL_LOW|ATR_HIGH|ABOVE_MA20,1,0.2,56.1,2026-07-14 09:17:55
POSITIVE,POSITIVE|BOTTOM_WATCH|SKIP|RSI_MID_HIGH|RS_STRONG|VOL_LOW|ATR_HIGH|BELOW_MA20,1,0.2,56.1,2026-07-14 09:17:55
POSITIVE,POSITIVE|BOTTOM_WATCH|SKIP|RSI_MID_HIGH|RS_STRONG|VOL_LOW|ATR_OK|BELOW_MA20,1,0.2,56.1,2026-07-14 09:17:55
POSITIVE,POSITIVE|BOTTOM_WATCH|SKIP|RSI_MID_HIGH|RS_WEAK|VOL_LOW|ATR_OK|BELOW_MA20,1,0.2,56.1,2026-07-14 09:17:55
POSITIVE,POSITIVE|BOTTOM_WATCH|SKIP|RSI_MID|RS_BAD|VOL_STRONG|ATR_HIGH|BELOW_MA20,1,0.2,56.1,2026-07-14 09:17:55
POSITIVE,POSITIVE|BOTTOM_WATCH|SKIP|RSI_MID|RS_BAD|VOL_STRONG|ATR_OK|BELOW_MA20,1,0.2,56.1,2026-07-14 09:17:55
POSITIVE,POSITIVE|BOTTOM_WATCH|SKIP|RSI_MID|RS_OK|VOL_OK|ATR_HIGH|BELOW_MA20,1,0.2,56.1,2026-07-14 09:17:55
POSITIVE,POSITIVE|BOTTOM_WATCH|SKIP|RSI_WEAK|RS_OK|VOL_LOW|ATR_LOW|ABOVE_MA20,1,0.2,56.1,2026-07-14 09:17:55
POSITIVE,POSITIVE|BOTTOM_WATCH|SKIP|RSI_WEAK|RS_WEAK|VOL_LOW|ATR_LOW|ABOVE_MA20,1,0.2,56.1,2026-07-14 09:17:55
POSITIVE,POSITIVE|BOTTOM_WATCH|WAIT|RSI_HIGH|RS_STRONG|VOL_OK|ATR_LOW|ABOVE_MA20,1,0.2,56.1,2026-07-14 09:17:55
POSITIVE,POSITIVE|BOTTOM_WATCH|WAIT|RSI_HIGH|RS_STRONG|VOL_OK|ATR_LOW|FAR_MA20,1,0.2,56.1,2026-07-14 09:17:55
POSITIVE,POSITIVE|BOTTOM_WATCH|WATCHLIST|RSI_HIGH|RS_OK|VOL_LOW|ATR_LOW|ABOVE_MA20,1,0.2,56.1,2026-07-14 09:17:55
POSITIVE,POSITIVE|BOTTOM_WATCH|WATCHLIST|RSI_HIGH|RS_OK|VOL_OK|ATR_LOW|ABOVE_MA20,1,0.2,56.1,2026-07-14 09:17:55
POSITIVE,POSITIVE|BOTTOM_WATCH|WATCHLIST|RSI_HIGH|RS_STRONG|VOL_LOW|ATR_LOW|ABOVE_MA20,1,0.2,56.1,2026-07-14 09:17:55
POSITIVE,POSITIVE|BOTTOM_WATCH|WATCHLIST|RSI_HIGH|RS_WEAK|VOL_LOW|ATR_LOW|ABOVE_MA20,1,0.2,56.1,2026-07-14 09:17:55
POSITIVE,POSITIVE|BOTTOM_WATCH|WATCHLIST|RSI_LOW|RS_BAD|VOL_LOW|ATR_OK|BELOW_MA20,1,0.2,56.1,2026-07-14 09:17:55
POSITIVE,POSITIVE|BOTTOM_WATCH|WATCHLIST|RSI_MID_HIGH|RS_BAD|VOL_OK|ATR_LOW|ABOVE_MA20,1,0.2,56.1,2026-07-14 09:17:55
POSITIVE,POSITIVE|BOTTOM_WATCH|WATCHLIST|RSI_MID_HIGH|RS_OK|VOL_LOW|ATR_OK|ABOVE_MA20,1,0.2,56.1,2026-07-14 09:17:55
POSITIVE,POSITIVE|BOTTOM_WATCH|WATCHLIST|RSI_MID_HIGH|RS_STRONG|VOL_LOW|ATR_HIGH|ABOVE_MA20,1,0.2,56.1,2026-07-14 09:17:55
POSITIVE,POSITIVE|BOTTOM_WATCH|WATCHLIST|RSI_MID_HIGH|RS_STRONG|VOL_OK|ATR_OK|ABOVE_MA20,1,0.2,56.1,2026-07-14 09:17:55
POSITIVE,POSITIVE|BOTTOM_WATCH|WATCHLIST|RSI_MID_HIGH|RS_WEAK|VOL_STRONG|ATR_HIGH|BELOW_MA20,1,0.2,56.1,2026-07-14 09:17:55
POSITIVE,POSITIVE|BOTTOM_WATCH|WATCHLIST|RSI_MID|RS_BAD|VOL_OK|ATR_LOW|ABOVE_MA20,1,0.2,56.1,2026-07-14 09:17:55
POSITIVE,POSITIVE|BOTTOM_WATCH|WATCHLIST|RSI_MID|RS_BAD|VOL_STRONG|ATR_OK|ABOVE_MA20,1,0.2,56.1,2026-07-14 09:17:55
POSITIVE,POSITIVE|BOTTOM_WATCH|WATCHLIST|RSI_MID|RS_STRONG|VOL_STRONG|ATR_HIGH|BELOW_MA20,1,0.2,56.1,2026-07-14 09:17:55
POSITIVE,POSITIVE|BOTTOM_WATCH|WATCHLIST|RSI_WEAK|RS_BAD|VOL_OK|ATR_OK|BELOW_MA20,1,0.2,56.1,2026-07-14 09:17:55
POSITIVE,POSITIVE|BOTTOM_WATCH|WATCHLIST|RSI_WEAK|RS_OK|VOL_LOW|ATR_OK|BELOW_MA20,1,0.2,56.1,2026-07-14 09:17:55
POSITIVE,POSITIVE|BOTTOM_WATCH|WATCHLIST|RSI_WEAK|RS_STRONG|VOL_LOW|ATR_OK|BELOW_MA20,1,0.2,56.1,2026-07-14 09:17:55
POSITIVE,POSITIVE|BOTTOM_WATCH|WATCHLIST|RSI_WEAK|RS_WEAK|VOL_LOW|ATR_OK|BELOW_MA20,1,0.2,56.1,2026-07-14 09:17:55
POSITIVE,POSITIVE|BOTTOM|BUY NOW|RSI_LOW|RS_BAD|VOL_STRONG|ATR_OK|ABOVE_MA20,1,0.2,56.1,2026-07-14 09:17:55
POSITIVE,POSITIVE|BOTTOM|BUY NOW|RSI_LOW|RS_OK|VOL_LOW|ATR_HIGH|BELOW_MA20,1,0.2,56.1,2026-07-14 09:17:55
POSITIVE,POSITIVE|BOTTOM|BUY NOW|RSI_LOW|RS_OK|VOL_STRONG|ATR_HIGH|BELOW_MA20,1,0.2,56.1,2026-07-14 09:17:55
POSITIVE,POSITIVE|BOTTOM|BUY NOW|RSI_LOW|RS_STRONG|VOL_LOW|ATR_HIGH|BELOW_MA20,1,0.2,56.1,2026-07-14 09:17:55
POSITIVE,POSITIVE|BOTTOM|BUY NOW|RSI_LOW|RS_STRONG|VOL_LOW|ATR_OK|ABOVE_MA20,1,0.2,56.1,2026-07-14 09:17:55
POSITIVE,POSITIVE|BOTTOM|BUY NOW|RSI_LOW|RS_STRONG|VOL_OK|ATR_OK|ABOVE_MA20,1,0.2,56.1,2026-07-14 09:17:55
POSITIVE,POSITIVE|BOTTOM|BUY NOW|RSI_LOW|RS_WEAK|VOL_OK|ATR_OK|ABOVE_MA20,1,0.2,56.1,2026-07-14 09:17:55
POSITIVE,POSITIVE|BOTTOM|BUY NOW|RSI_LOW|RS_WEAK|VOL_STRONG|ATR_OK|ABOVE_MA20,1,0.2,56.1,2026-07-14 09:17:55
POSITIVE,POSITIVE|BOTTOM|BUY NOW|RSI_MID_HIGH|RS_BAD|VOL_LOW|ATR_OK|ABOVE_MA20,1,0.2,56.1,2026-07-14 09:17:55
POSITIVE,POSITIVE|BOTTOM|BUY NOW|RSI_MID_HIGH|RS_STRONG|VOL_STRONG|ATR_LOW|BELOW_MA20,1,0.2,56.1,2026-07-14 09:17:55
POSITIVE,POSITIVE|BOTTOM|BUY NOW|RSI_MID_HIGH|RS_STRONG|VOL_STRONG|ATR_OK|ABOVE_MA20,1,0.2,56.1,2026-07-14 09:17:55
POSITIVE,POSITIVE|BOTTOM|BUY NOW|RSI_MID|RS_BAD|VOL_LOW|ATR_OK|BELOW_MA20,1,0.2,56.1,2026-07-14 09:17:55
POSITIVE,POSITIVE|BOTTOM|BUY NOW|RSI_MID|RS_BAD|VOL_OK|ATR_OK|BELOW_MA20,1,0.2,56.1,2026-07-14 09:17:55
POSITIVE,POSITIVE|BOTTOM|BUY NOW|RSI_MID|RS_OK|VOL_STRONG|ATR_OK|ABOVE_MA20,1,0.2,56.1,2026-07-14 09:17:55
POSITIVE,POSITIVE|BOTTOM|BUY NOW|RSI_MID|RS_WEAK|VOL_STRONG|ATR_OK|BELOW_MA20,1,0.2,56.1,2026-07-14 09:17:55
POSITIVE,POSITIVE|BOTTOM|BUY NOW|RSI_WEAK|RS_BAD|VOL_LOW|ATR_OK|BELOW_MA20,1,0.2,56.1,2026-07-14 09:17:55
POSITIVE,POSITIVE|BOTTOM|BUY NOW|RSI_WEAK|RS_BAD|VOL_STRONG|ATR_OK|BELOW_MA20,1,0.2,56.1,2026-07-14 09:17:55
POSITIVE,POSITIVE|BOTTOM|BUY NOW|RSI_WEAK|RS_OK|VOL_OK|ATR_OK|BELOW_MA20,1,0.2,56.1,2026-07-14 09:17:55
POSITIVE,POSITIVE|BOTTOM|BUY NOW|RSI_WEAK|RS_STRONG|VOL_LOW|ATR_LOW|BELOW_MA20,1,0.2,56.1,2026-07-14 09:17:55
POSITIVE,POSITIVE|BOTTOM|BUY NOW|RSI_WEAK|RS_STRONG|VOL_STRONG|ATR_LOW|BELOW_MA20,1,0.2,56.1,2026-07-14 09:17:55
POSITIVE,POSITIVE|BOTTOM|SKIP|RSI_HIGH|RS_BAD|VOL_OK|ATR_OK|ABOVE_MA20,1,0.2,56.1,2026-07-14 09:17:55
POSITIVE,POSITIVE|BOTTOM|SKIP|RSI_LOW|RS_BAD|VOL_STRONG|ATR_OK|ABOVE_MA20,1,0.2,56.1,2026-07-14 09:17:55
POSITIVE,POSITIVE|BOTTOM|SKIP|RSI_LOW|RS_OK|VOL_OK|ATR_HIGH|BELOW_MA20,1,0.2,56.1,2026-07-14 09:17:55
POSITIVE,POSITIVE|BOTTOM|SKIP|RSI_LOW|RS_STRONG|VOL_LOW|ATR_HIGH|BELOW_MA20,1,0.2,56.1,2026-07-14 09:17:55
POSITIVE,POSITIVE|BOTTOM|SKIP|RSI_LOW|RS_STRONG|VOL_OK|ATR_HIGH|BELOW_MA20,1,0.2,56.1,2026-07-14 09:17:55
POSITIVE,POSITIVE|BOTTOM|SKIP|RSI_MID_HIGH|RS_BAD|VOL_LOW|ATR_OK|BELOW_MA20,1,0.2,56.1,2026-07-14 09:17:55
POSITIVE,POSITIVE|BOTTOM|SKIP|RSI_MID|RS_BAD|VOL_LOW|ATR_HIGH|BELOW_MA20,1,0.2,56.1,2026-07-14 09:17:55
POSITIVE,POSITIVE|BOTTOM|SKIP|RSI_MID|RS_BAD|VOL_OK|ATR_OK|ABOVE_MA20,1,0.2,56.1,2026-07-14 09:17:55
POSITIVE,POSITIVE|BOTTOM|SKIP|RSI_MID|RS_OK|VOL_LOW|ATR_HIGH|BELOW_MA20,1,0.2,56.1,2026-07-14 09:17:55
POSITIVE,POSITIVE|BOTTOM|SKIP|RSI_MID|RS_STRONG|VOL_LOW|ATR_HIGH|BELOW_MA20,1,0.2,56.1,2026-07-14 09:17:55
POSITIVE,POSITIVE|BOTTOM|SKIP|RSI_WEAK|RS_OK|VOL_LOW|ATR_OK|BELOW_MA20,1,0.2,56.1,2026-07-14 09:17:55
POSITIVE,POSITIVE|BOTTOM|WAIT|RSI_HIGH|RS_STRONG|VOL_STRONG|ATR_LOW|ABOVE_MA20,1,0.2,56.1,2026-07-14 09:17:55
POSITIVE,POSITIVE|BOTTOM|WAIT|RSI_HIGH|RS_STRONG|VOL_STRONG|ATR_LOW|FAR_MA20,1,0.2,56.1,2026-07-14 09:17:55
POSITIVE,POSITIVE|BOTTOM|WAIT|RSI_HIGH|RS_STRONG|VOL_STRONG|ATR_OK|FAR_MA20,1,0.2,56.1,2026-07-14 09:17:55
POSITIVE,POSITIVE|BOTTOM|WAIT|RSI_LOW|RS_BAD|VOL_STRONG|ATR_OK|BELOW_MA20,1,0.2,56.1,2026-07-14 09:17:55
POSITIVE,POSITIVE|BOTTOM|WAIT|RSI_LOW|RS_OK|VOL_LOW|ATR_HIGH|BELOW_MA20,1,0.2,56.1,2026-07-14 09:17:55
POSITIVE,POSITIVE|BOTTOM|WAIT|RSI_LOW|RS_WEAK|VOL_LOW|ATR_HIGH|BELOW_MA20,1,0.2,56.1,2026-07-14 09:17:55
POSITIVE,POSITIVE|BOTTOM|WAIT|RSI_LOW|RS_WEAK|VOL_STRONG|ATR_LOW|BELOW_MA20,1,0.2,56.1,2026-07-14 09:17:55
POSITIVE,POSITIVE|BOTTOM|WAIT|RSI_MID_HIGH|RS_OK|VOL_LOW|ATR_LOW|BELOW_MA20,1,0.2,56.1,2026-07-14 09:17:55
POSITIVE,POSITIVE|BOTTOM|WAIT|RSI_MID_HIGH|RS_STRONG|VOL_OK|ATR_LOW|ABOVE_MA20,1,0.2,56.1,2026-07-14 09:17:55
POSITIVE,POSITIVE|BOTTOM|WAIT|RSI_MID_HIGH|RS_WEAK|VOL_STRONG|ATR_LOW|BELOW_MA20,1,0.2,56.1,2026-07-14 09:17:55
POSITIVE,POSITIVE|BOTTOM|WAIT|RSI_MID|RS_WEAK|VOL_OK|ATR_OK|ABOVE_MA20,1,0.2,56.1,2026-07-14 09:17:56
POSITIVE,POSITIVE|BOTTOM|WATCHLIST|RSI_HIGH|RS_STRONG|VOL_LOW|ATR_LOW|FAR_MA20,1,0.2,56.1,2026-07-14 09:17:56
POSITIVE,POSITIVE|BOTTOM|WATCHLIST|RSI_HIGH|RS_STRONG|VOL_OK|ATR_LOW|FAR_MA20,1,0.2,56.1,2026-07-14 09:17:56
POSITIVE,POSITIVE|MOMENTUM_WATCH|SKIP|RSI_HIGH|RS_WEAK|VOL_LOW|ATR_OK|ABOVE_MA20,1,0.2,56.1,2026-07-14 09:17:56
POSITIVE,POSITIVE|MOMENTUM_WATCH|SKIP|RSI_MID_HIGH|RS_BAD|VOL_LOW|ATR_OK|ABOVE_MA20,1,0.2,56.1,2026-07-14 09:17:56
POSITIVE,POSITIVE|MOMENTUM_WATCH|SKIP|RSI_MID_HIGH|RS_BAD|VOL_LOW|ATR_OK|BELOW_MA20,1,0.2,56.1,2026-07-14 09:17:56
POSITIVE,POSITIVE|MOMENTUM_WATCH|SKIP|RSI_MID_HIGH|RS_BAD|VOL_OK|ATR_LOW|BELOW_MA20,1,0.2,56.1,2026-07-14 09:17:56
POSITIVE,POSITIVE|MOMENTUM_WATCH|SKIP|RSI_MID_HIGH|RS_BAD|VOL_STRONG|ATR_LOW|ABOVE_MA20,1,0.2,56.1,2026-07-14 09:17:56
POSITIVE,POSITIVE|MOMENTUM_WATCH|SKIP|RSI_MID_HIGH|RS_OK|VOL_LOW|ATR_HIGH|ABOVE_MA20,1,0.2,56.1,2026-07-14 09:17:56
POSITIVE,POSITIVE|MOMENTUM_WATCH|SKIP|RSI_MID_HIGH|RS_STRONG|VOL_LOW|ATR_HIGH|FAR_MA20,1,0.2,56.1,2026-07-14 09:17:56
POSITIVE,POSITIVE|MOMENTUM_WATCH|SKIP|RSI_MID_HIGH|RS_STRONG|VOL_STRONG|ATR_HIGH|FAR_MA20,1,0.2,56.1,2026-07-14 09:17:56
POSITIVE,POSITIVE|MOMENTUM_WATCH|SKIP|RSI_MID|RS_BAD|VOL_STRONG|ATR_OK|ABOVE_MA20,1,0.2,56.1,2026-07-14 09:17:56
POSITIVE,POSITIVE|MOMENTUM_WATCH|WAIT|RSI_HIGH|RS_BAD|VOL_LOW|ATR_LOW|ABOVE_MA20,1,0.2,56.1,2026-07-14 09:17:56
POSITIVE,POSITIVE|MOMENTUM_WATCH|WAIT|RSI_HIGH|RS_STRONG|VOL_OK|ATR_OK|ABOVE_MA20,1,0.2,56.1,2026-07-14 09:17:56
POSITIVE,POSITIVE|MOMENTUM_WATCH|WATCHLIST|RSI_HIGH|RS_STRONG|VOL_LOW|ATR_OK|FAR_MA20,1,0.2,56.1,2026-07-14 09:17:56
POSITIVE,POSITIVE|MOMENTUM_WATCH|WATCHLIST|RSI_HIGH|RS_STRONG|VOL_OK|ATR_OK|FAR_MA20,1,0.2,56.1,2026-07-14 09:17:56
POSITIVE,POSITIVE|MOMENTUM_WATCH|WATCHLIST|RSI_HIGH|RS_STRONG|VOL_STRONG|ATR_LOW|FAR_MA20,1,0.2,56.1,2026-07-14 09:17:56
POSITIVE,POSITIVE|MOMENTUM_WATCH|WATCHLIST|RSI_LOW|RS_OK|VOL_LOW|ATR_LOW|ABOVE_MA20,1,0.2,56.1,2026-07-14 09:17:56
POSITIVE,POSITIVE|MOMENTUM_WATCH|WATCHLIST|RSI_LOW|RS_WEAK|VOL_LOW|ATR_LOW|ABOVE_MA20,1,0.2,56.1,2026-07-14 09:17:56
POSITIVE,POSITIVE|MOMENTUM_WATCH|WATCHLIST|RSI_MID_HIGH|RS_BAD|VOL_LOW|ATR_LOW|BELOW_MA20,1,0.2,56.1,2026-07-14 09:17:56
POSITIVE,POSITIVE|MOMENTUM_WATCH|WATCHLIST|RSI_MID_HIGH|RS_BAD|VOL_LOW|ATR_OK|ABOVE_MA20,1,0.2,56.1,2026-07-14 09:17:56
POSITIVE,POSITIVE|MOMENTUM_WATCH|WATCHLIST|RSI_MID_HIGH|RS_BAD|VOL_STRONG|ATR_LOW|BELOW_MA20,1,0.2,56.1,2026-07-14 09:17:56
POSITIVE,POSITIVE|MOMENTUM_WATCH|WATCHLIST|RSI_MID_HIGH|RS_OK|VOL_STRONG|ATR_HIGH|BELOW_MA20,1,0.2,56.1,2026-07-14 09:17:56
POSITIVE,POSITIVE|MOMENTUM_WATCH|WATCHLIST|RSI_MID_HIGH|RS_WEAK|VOL_LOW|ATR_LOW|BELOW_MA20,1,0.2,56.1,2026-07-14 09:17:56
POSITIVE,POSITIVE|MOMENTUM_WATCH|WATCHLIST|RSI_MID|RS_OK|VOL_OK|ATR_OK|ABOVE_MA20,1,0.2,56.1,2026-07-14 09:17:56
POSITIVE,POSITIVE|MOMENTUM|BUY NOW|RSI_LOW|RS_OK|VOL_STRONG|ATR_LOW|ABOVE_MA20,1,0.2,56.1,2026-07-14 09:17:56
POSITIVE,POSITIVE|MOMENTUM|BUY NOW|RSI_MID_HIGH|RS_BAD|VOL_STRONG|ATR_OK|ABOVE_MA20,1,0.2,56.1,2026-07-14 09:17:56
POSITIVE,POSITIVE|MOMENTUM|BUY NOW|RSI_MID|RS_OK|VOL_STRONG|ATR_OK|ABOVE_MA20,1,0.2,56.1,2026-07-14 09:17:56
POSITIVE,POSITIVE|MOMENTUM|BUY NOW|RSI_MID|RS_STRONG|VOL_OK|ATR_OK|ABOVE_MA20,1,0.2,56.1,2026-07-14 09:17:56
POSITIVE,POSITIVE|MOMENTUM|SKIP|RSI_HIGH|RS_BAD|VOL_OK|ATR_LOW|ABOVE_MA20,1,0.2,56.1,2026-07-14 09:17:56
POSITIVE,POSITIVE|MOMENTUM|SKIP|RSI_HIGH|RS_BAD|VOL_STRONG|ATR_LOW|ABOVE_MA20,1,0.2,56.1,2026-07-14 09:17:56
POSITIVE,POSITIVE|MOMENTUM|SKIP|RSI_HIGH|RS_OK|VOL_OK|ATR_LOW|FAR_MA20,1,0.2,56.1,2026-07-14 09:17:56
POSITIVE,POSITIVE|MOMENTUM|SKIP|RSI_HIGH|RS_STRONG|VOL_LOW|ATR_LOW|FAR_MA20,1,0.2,56.1,2026-07-14 09:17:56
POSITIVE,POSITIVE|MOMENTUM|SKIP|RSI_HIGH|RS_WEAK|VOL_STRONG|ATR_LOW|ABOVE_MA20,1,0.2,56.1,2026-07-14 09:17:56
POSITIVE,POSITIVE|MOMENTUM|SKIP|RSI_LOW|RS_OK|VOL_LOW|ATR_LOW|ABOVE_MA20,1,0.2,56.1,2026-07-14 09:17:56
POSITIVE,POSITIVE|MOMENTUM|SKIP|RSI_MID_HIGH|RS_OK|VOL_LOW|ATR_HIGH|ABOVE_MA20,1,0.2,56.1,2026-07-14 09:17:56
POSITIVE,POSITIVE|MOMENTUM|SKIP|RSI_MID|RS_BAD|VOL_OK|ATR_LOW|ABOVE_MA20,1,0.2,56.1,2026-07-14 09:17:56
POSITIVE,POSITIVE|MOMENTUM|SKIP|RSI_MID|RS_BAD|VOL_STRONG|ATR_LOW|ABOVE_MA20,1,0.2,56.1,2026-07-14 09:17:56
POSITIVE,POSITIVE|MOMENTUM|WAIT|RSI_HIGH|RS_BAD|VOL_OK|ATR_LOW|ABOVE_MA20,1,0.2,56.1,2026-07-14 09:17:56
POSITIVE,POSITIVE|MOMENTUM|WAIT|RSI_HIGH|RS_OK|VOL_LOW|ATR_OK|ABOVE_MA20,1,0.2,56.1,2026-07-14 09:17:56
POSITIVE,POSITIVE|MOMENTUM|WAIT|RSI_HIGH|RS_STRONG|VOL_STRONG|ATR_OK|ABOVE_MA20,1,0.2,56.1,2026-07-14 09:17:56
POSITIVE,POSITIVE|MOMENTUM|WAIT|RSI_MID_HIGH|RS_BAD|VOL_LOW|ATR_LOW|ABOVE_MA20,1,0.2,56.1,2026-07-14 09:17:56
POSITIVE,POSITIVE|MOMENTUM|WAIT|RSI_MID_HIGH|RS_BAD|VOL_STRONG|ATR_LOW|ABOVE_MA20,1,0.2,56.1,2026-07-14 09:17:56
POSITIVE,POSITIVE|MOMENTUM|WAIT|RSI_MID_HIGH|RS_STRONG|VOL_LOW|ATR_OK|FAR_MA20,1,0.2,56.1,2026-07-14 09:17:56
POSITIVE,POSITIVE|MOMENTUM|WAIT|RSI_MID_HIGH|RS_WEAK|VOL_LOW|ATR_LOW|FAR_MA20,1,0.2,56.1,2026-07-14 09:17:56
POSITIVE,POSITIVE|MOMENTUM|WAIT|RSI_MID_HIGH|RS_WEAK|VOL_OK|ATR_LOW|FAR_MA20,1,0.2,56.1,2026-07-14 09:17:56
POSITIVE,POSITIVE|MOMENTUM|WAIT|RSI_MID_HIGH|RS_WEAK|VOL_STRONG|ATR_OK|ABOVE_MA20,1,0.2,56.1,2026-07-14 09:17:56
POSITIVE,POSITIVE|MOMENTUM|WAIT|RSI_MID|RS_STRONG|VOL_LOW|ATR_OK|ABOVE_MA20,1,0.2,56.1,2026-07-14 09:17:56
POSITIVE,POSITIVE|MOMENTUM|WAIT|RSI_MID|RS_WEAK|VOL_OK|ATR_OK|ABOVE_MA20,1,0.2,56.1,2026-07-14 09:17:56
POSITIVE,POSITIVE|WATCH|SKIP|RSI_HIGH|RS_BAD|VOL_LOW|ATR_LOW|ABOVE_MA20,1,0.2,56.1,2026-07-14 09:17:56
POSITIVE,POSITIVE|WATCH|SKIP|RSI_HIGH|RS_STRONG|VOL_LOW|ATR_LOW|ABOVE_MA20,1,0.2,56.1,2026-07-14 09:17:56
POSITIVE,POSITIVE|WATCH|SKIP|RSI_HIGH|RS_STRONG|VOL_LOW|ATR_OK|FAR_MA20,1,0.2,56.1,2026-07-14 09:17:56
POSITIVE,POSITIVE|WATCH|SKIP|RSI_MID_HIGH|RS_OK|VOL_OK|ATR_LOW|ABOVE_MA20,1,0.2,56.1,2026-07-14 09:17:56
POSITIVE,POSITIVE|WATCH|SKIP|RSI_MID_HIGH|RS_OK|VOL_OK|ATR_OK|ABOVE_MA20,1,0.2,56.1,2026-07-14 09:17:56
POSITIVE,POSITIVE|WATCH|SKIP|RSI_MID_HIGH|RS_STRONG|VOL_OK|ATR_OK|ABOVE_MA20,1,0.2,56.1,2026-07-14 09:17:56
POSITIVE,POSITIVE|WATCH|WAIT|RSI_HIGH|RS_WEAK|VOL_LOW|ATR_LOW|FAR_MA20,1,0.2,56.1,2026-07-14 09:17:56
POSITIVE,POSITIVE|WATCH|WATCHLIST|RSI_HIGH|RS_STRONG|VOL_LOW|ATR_LOW|FAR_MA20,1,0.2,56.1,2026-07-14 09:17:56
SIDEWAY,SIDEWAY|BOTTOM_WATCH|SKIP|RSI_HIGH|RS_OK|VOL_STRONG|ATR_LOW|ABOVE_MA20,1,0.2,56.1,2026-07-14 09:17:56
SIDEWAY,SIDEWAY|BOTTOM_WATCH|SKIP|RSI_LOW|RS_BAD|VOL_LOW|ATR_LOW|ABOVE_MA20,1,0.2,56.1,2026-07-14 09:17:56
SIDEWAY,SIDEWAY|BOTTOM_WATCH|SKIP|RSI_MID_HIGH|RS_BAD|VOL_OK|ATR_HIGH|BELOW_MA20,1,0.2,56.1,2026-07-14 09:17:56
SIDEWAY,SIDEWAY|BOTTOM_WATCH|SKIP|RSI_MID_HIGH|RS_BAD|VOL_OK|ATR_LOW|BELOW_MA20,1,0.2,56.1,2026-07-14 09:17:56
SIDEWAY,SIDEWAY|BOTTOM_WATCH|SKIP|RSI_MID_HIGH|RS_OK|VOL_LOW|ATR_OK|BELOW_MA20,1,0.2,56.1,2026-07-14 09:17:56
SIDEWAY,SIDEWAY|BOTTOM_WATCH|SKIP|RSI_MID_HIGH|RS_STRONG|VOL_LOW|ATR_HIGH|ABOVE_MA20,1,0.2,56.1,2026-07-14 09:17:56
SIDEWAY,SIDEWAY|BOTTOM_WATCH|SKIP|RSI_MID_HIGH|RS_STRONG|VOL_LOW|ATR_HIGH|BELOW_MA20,1,0.2,56.1,2026-07-14 09:17:56
SIDEWAY,SIDEWAY|BOTTOM_WATCH|SKIP|RSI_MID_HIGH|RS_STRONG|VOL_LOW|ATR_OK|BELOW_MA20,1,0.2,56.1,2026-07-14 09:17:56
SIDEWAY,SIDEWAY|BOTTOM_WATCH|SKIP|RSI_MID_HIGH|RS_WEAK|VOL_LOW|ATR_OK|BELOW_MA20,1,0.2,56.1,2026-07-14 09:17:56
SIDEWAY,SIDEWAY|BOTTOM_WATCH|SKIP|RSI_MID|RS_BAD|VOL_STRONG|ATR_HIGH|BELOW_MA20,1,0.2,56.1,2026-07-14 09:17:56
SIDEWAY,SIDEWAY|BOTTOM_WATCH|SKIP|RSI_MID|RS_BAD|VOL_STRONG|ATR_OK|BELOW_MA20,1,0.2,56.1,2026-07-14 09:17:56
SIDEWAY,SIDEWAY|BOTTOM_WATCH|SKIP|RSI_MID|RS_OK|VOL_LOW|ATR_OK|ABOVE_MA20,1,0.2,56.1,2026-07-14 09:17:56
SIDEWAY,SIDEWAY|BOTTOM_WATCH|SKIP|RSI_MID|RS_OK|VOL_OK|ATR_HIGH|BELOW_MA20,1,0.2,56.1,2026-07-14 09:17:56
SIDEWAY,SIDEWAY|BOTTOM_WATCH|SKIP|RSI_MID|RS_STRONG|VOL_LOW|ATR_HIGH|ABOVE_MA20,1,0.2,56.1,2026-07-14 09:17:56
SIDEWAY,SIDEWAY|BOTTOM_WATCH|SKIP|RSI_WEAK|RS_WEAK|VOL_LOW|ATR_LOW|ABOVE_MA20,1,0.2,56.1,2026-07-14 09:17:56
SIDEWAY,SIDEWAY|BOTTOM_WATCH|WAIT|RSI_HIGH|RS_STRONG|VOL_OK|ATR_LOW|FAR_MA20,1,0.2,56.1,2026-07-14 09:17:56
SIDEWAY,SIDEWAY|BOTTOM_WATCH|WATCHLIST|RSI_HIGH|RS_OK|VOL_LOW|ATR_LOW|ABOVE_MA20,1,0.2,56.1,2026-07-14 09:17:56
SIDEWAY,SIDEWAY|BOTTOM_WATCH|WATCHLIST|RSI_HIGH|RS_OK|VOL_OK|ATR_LOW|ABOVE_MA20,1,0.2,56.1,2026-07-14 09:17:56
SIDEWAY,SIDEWAY|BOTTOM_WATCH|WATCHLIST|RSI_HIGH|RS_STRONG|VOL_LOW|ATR_LOW|ABOVE_MA20,1,0.2,56.1,2026-07-14 09:17:56
SIDEWAY,SIDEWAY|BOTTOM_WATCH|WATCHLIST|RSI_LOW|RS_BAD|VOL_LOW|ATR_OK|BELOW_MA20,1,0.2,56.1,2026-07-14 09:17:56
SIDEWAY,SIDEWAY|BOTTOM_WATCH|WATCHLIST|RSI_LOW|RS_WEAK|VOL_LOW|ATR_LOW|ABOVE_MA20,1,0.2,56.1,2026-07-14 09:17:56
SIDEWAY,SIDEWAY|BOTTOM_WATCH|WATCHLIST|RSI_MID_HIGH|RS_BAD|VOL_OK|ATR_LOW|BELOW_MA20,1,0.2,56.1,2026-07-14 09:17:56
SIDEWAY,SIDEWAY|BOTTOM_WATCH|WATCHLIST|RSI_MID_HIGH|RS_OK|VOL_LOW|ATR_OK|ABOVE_MA20,1,0.2,56.1,2026-07-14 09:17:56
SIDEWAY,SIDEWAY|BOTTOM_WATCH|WATCHLIST|RSI_MID_HIGH|RS_STRONG|VOL_LOW|ATR_HIGH|ABOVE_MA20,1,0.2,56.1,2026-07-14 09:17:56
SIDEWAY,SIDEWAY|BOTTOM_WATCH|WATCHLIST|RSI_MID_HIGH|RS_STRONG|VOL_OK|ATR_OK|ABOVE_MA20,1,0.2,56.1,2026-07-14 09:17:56
SIDEWAY,SIDEWAY|BOTTOM_WATCH|WATCHLIST|RSI_MID_HIGH|RS_WEAK|VOL_STRONG|ATR_HIGH|BELOW_MA20,1,0.2,56.1,2026-07-14 09:17:56
SIDEWAY,SIDEWAY|BOTTOM_WATCH|WATCHLIST|RSI_MID|RS_BAD|VOL_LOW|ATR_OK|ABOVE_MA20,1,0.2,56.1,2026-07-14 09:17:56
SIDEWAY,SIDEWAY|BOTTOM_WATCH|WATCHLIST|RSI_MID|RS_BAD|VOL_STRONG|ATR_OK|ABOVE_MA20,1,0.2,56.1,2026-07-14 09:17:56
SIDEWAY,SIDEWAY|BOTTOM_WATCH|WATCHLIST|RSI_MID|RS_STRONG|VOL_OK|ATR_LOW|BELOW_MA20,1,0.2,56.1,2026-07-14 09:17:56
SIDEWAY,SIDEWAY|BOTTOM_WATCH|WATCHLIST|RSI_MID|RS_STRONG|VOL_STRONG|ATR_HIGH|BELOW_MA20,1,0.2,56.1,2026-07-14 09:17:56
SIDEWAY,SIDEWAY|BOTTOM_WATCH|WATCHLIST|RSI_WEAK|RS_BAD|VOL_OK|ATR_OK|BELOW_MA20,1,0.2,56.1,2026-07-14 09:17:56
SIDEWAY,SIDEWAY|BOTTOM_WATCH|WATCHLIST|RSI_WEAK|RS_OK|VOL_LOW|ATR_OK|BELOW_MA20,1,0.2,56.1,2026-07-14 09:17:56
SIDEWAY,SIDEWAY|BOTTOM_WATCH|WATCHLIST|RSI_WEAK|RS_OK|VOL_OK|ATR_OK|BELOW_MA20,1,0.2,56.1,2026-07-14 09:17:56
SIDEWAY,SIDEWAY|BOTTOM_WATCH|WATCHLIST|RSI_WEAK|RS_STRONG|VOL_LOW|ATR_OK|BELOW_MA20,1,0.2,56.1,2026-07-14 09:17:56
SIDEWAY,SIDEWAY|BOTTOM_WATCH|WATCHLIST|RSI_WEAK|RS_WEAK|VOL_LOW|ATR_OK|BELOW_MA20,1,0.2,56.1,2026-07-14 09:17:56
SIDEWAY,SIDEWAY|BOTTOM|BUY NOW|RSI_LOW|RS_OK|VOL_STRONG|ATR_HIGH|BELOW_MA20,1,0.2,56.1,2026-07-14 09:17:56
SIDEWAY,SIDEWAY|BOTTOM|BUY NOW|RSI_LOW|RS_STRONG|VOL_LOW|ATR_HIGH|BELOW_MA20,1,0.2,56.1,2026-07-14 09:17:56
SIDEWAY,SIDEWAY|BOTTOM|BUY NOW|RSI_LOW|RS_STRONG|VOL_LOW|ATR_OK|ABOVE_MA20,1,0.2,56.1,2026-07-14 09:17:56
SIDEWAY,SIDEWAY|BOTTOM|BUY NOW|RSI_LOW|RS_STRONG|VOL_OK|ATR_OK|ABOVE_MA20,1,0.2,56.1,2026-07-14 09:17:56
SIDEWAY,SIDEWAY|BOTTOM|BUY NOW|RSI_LOW|RS_WEAK|VOL_OK|ATR_OK|ABOVE_MA20,1,0.2,56.1,2026-07-14 09:17:56
SIDEWAY,SIDEWAY|BOTTOM|BUY NOW|RSI_MID_HIGH|RS_BAD|VOL_LOW|ATR_OK|ABOVE_MA20,1,0.2,56.1,2026-07-14 09:17:56
SIDEWAY,SIDEWAY|BOTTOM|BUY NOW|RSI_MID_HIGH|RS_BAD|VOL_OK|ATR_LOW|BELOW_MA20,1,0.2,56.1,2026-07-14 09:17:56
SIDEWAY,SIDEWAY|BOTTOM|BUY NOW|RSI_MID_HIGH|RS_OK|VOL_LOW|ATR_OK|ABOVE_MA20,1,0.2,56.1,2026-07-14 09:17:56
SIDEWAY,SIDEWAY|BOTTOM|BUY NOW|RSI_MID_HIGH|RS_OK|VOL_STRONG|ATR_OK|BELOW_MA20,1,0.2,56.1,2026-07-14 09:17:56
SIDEWAY,SIDEWAY|BOTTOM|BUY NOW|RSI_MID_HIGH|RS_STRONG|VOL_STRONG|ATR_OK|ABOVE_MA20,1,0.2,56.1,2026-07-14 09:17:56
SIDEWAY,SIDEWAY|BOTTOM|BUY NOW|RSI_MID|RS_BAD|VOL_OK|ATR_OK|ABOVE_MA20,1,0.2,56.1,2026-07-14 09:17:56
SIDEWAY,SIDEWAY|BOTTOM|BUY NOW|RSI_MID|RS_OK|VOL_OK|ATR_OK|ABOVE_MA20,1,0.2,56.1,2026-07-14 09:17:56
SIDEWAY,SIDEWAY|BOTTOM|BUY NOW|RSI_WEAK|RS_BAD|VOL_OK|ATR_OK|BELOW_MA20,1,0.2,56.1,2026-07-14 09:17:56
SIDEWAY,SIDEWAY|BOTTOM|BUY NOW|RSI_WEAK|RS_OK|VOL_OK|ATR_OK|BELOW_MA20,1,0.2,56.1,2026-07-14 09:17:56
SIDEWAY,SIDEWAY|BOTTOM|BUY NOW|RSI_WEAK|RS_WEAK|VOL_STRONG|ATR_OK|BELOW_MA20,1,0.2,56.1,2026-07-14 09:17:56
SIDEWAY,SIDEWAY|BOTTOM|SKIP|RSI_HIGH|RS_BAD|VOL_OK|ATR_OK|ABOVE_MA20,1,0.2,56.1,2026-07-14 09:17:56
SIDEWAY,SIDEWAY|BOTTOM|SKIP|RSI_HIGH|RS_WEAK|VOL_LOW|ATR_LOW|BELOW_MA20,1,0.2,56.1,2026-07-14 09:17:56
SIDEWAY,SIDEWAY|BOTTOM|SKIP|RSI_LOW|RS_BAD|VOL_STRONG|ATR_LOW|ABOVE_MA20,1,0.2,56.1,2026-07-14 09:17:56
SIDEWAY,SIDEWAY|BOTTOM|SKIP|RSI_LOW|RS_BAD|VOL_STRONG|ATR_OK|ABOVE_MA20,1,0.2,56.1,2026-07-14 09:17:56
SIDEWAY,SIDEWAY|BOTTOM|SKIP|RSI_LOW|RS_OK|VOL_OK|ATR_HIGH|BELOW_MA20,1,0.2,56.1,2026-07-14 09:17:56
SIDEWAY,SIDEWAY|BOTTOM|SKIP|RSI_MID_HIGH|RS_BAD|VOL_LOW|ATR_OK|BELOW_MA20,1,0.2,56.1,2026-07-14 09:17:56
SIDEWAY,SIDEWAY|BOTTOM|SKIP|RSI_MID_HIGH|RS_BAD|VOL_STRONG|ATR_LOW|ABOVE_MA20,1,0.2,56.1,2026-07-14 09:17:56
SIDEWAY,SIDEWAY|BOTTOM|SKIP|RSI_MID|RS_BAD|VOL_LOW|ATR_HIGH|BELOW_MA20,1,0.2,56.1,2026-07-14 09:17:56
SIDEWAY,SIDEWAY|BOTTOM|SKIP|RSI_MID|RS_BAD|VOL_OK|ATR_OK|ABOVE_MA20,1,0.2,56.1,2026-07-14 09:17:56
SIDEWAY,SIDEWAY|BOTTOM|SKIP|RSI_MID|RS_STRONG|VOL_LOW|ATR_HIGH|BELOW_MA20,1,0.2,56.1,2026-07-14 09:17:56
SIDEWAY,SIDEWAY|BOTTOM|SKIP|RSI_WEAK|RS_OK|VOL_LOW|ATR_OK|BELOW_MA20,1,0.2,56.1,2026-07-14 09:17:56
SIDEWAY,SIDEWAY|BOTTOM|WAIT|RSI_HIGH|RS_STRONG|VOL_STRONG|ATR_LOW|ABOVE_MA20,1,0.2,56.1,2026-07-14 09:17:56
SIDEWAY,SIDEWAY|BOTTOM|WAIT|RSI_HIGH|RS_STRONG|VOL_STRONG|ATR_LOW|FAR_MA20,1,0.2,56.1,2026-07-14 09:17:56
SIDEWAY,SIDEWAY|BOTTOM|WAIT|RSI_HIGH|RS_STRONG|VOL_STRONG|ATR_OK|FAR_MA20,1,0.2,56.1,2026-07-14 09:17:56
SIDEWAY,SIDEWAY|BOTTOM|WAIT|RSI_LOW|RS_BAD|VOL_OK|ATR_OK|BELOW_MA20,1,0.2,56.1,2026-07-14 09:17:56
SIDEWAY,SIDEWAY|BOTTOM|WAIT|RSI_LOW|RS_STRONG|VOL_LOW|ATR_HIGH|BELOW_MA20,1,0.2,56.1,2026-07-14 09:17:56
SIDEWAY,SIDEWAY|BOTTOM|WAIT|RSI_LOW|RS_WEAK|VOL_LOW|ATR_HIGH|BELOW_MA20,1,0.2,56.1,2026-07-14 09:17:56
SIDEWAY,SIDEWAY|BOTTOM|WAIT|RSI_LOW|RS_WEAK|VOL_LOW|ATR_OK|BELOW_MA20,1,0.2,56.1,2026-07-14 09:17:56
SIDEWAY,SIDEWAY|BOTTOM|WAIT|RSI_MID_HIGH|RS_STRONG|VOL_OK|ATR_LOW|ABOVE_MA20,1,0.2,56.1,2026-07-14 09:17:56
SIDEWAY,SIDEWAY|BOTTOM|WAIT|RSI_MID_HIGH|RS_WEAK|VOL_STRONG|ATR_LOW|BELOW_MA20,1,0.2,56.1,2026-07-14 09:17:56
SIDEWAY,SIDEWAY|BOTTOM|WAIT|RSI_MID|RS_WEAK|VOL_OK|ATR_OK|ABOVE_MA20,1,0.2,56.1,2026-07-14 09:17:56
SIDEWAY,SIDEWAY|BOTTOM|WATCHLIST|RSI_HIGH|RS_STRONG|VOL_LOW|ATR_LOW|FAR_MA20,1,0.2,56.1,2026-07-14 09:17:56
SIDEWAY,SIDEWAY|BOTTOM|WATCHLIST|RSI_HIGH|RS_STRONG|VOL_OK|ATR_LOW|FAR_MA20,1,0.2,56.1,2026-07-14 09:17:56
SIDEWAY,SIDEWAY|MOMENTUM_WATCH|SKIP|RSI_HIGH|RS_OK|VOL_LOW|ATR_OK|ABOVE_MA20,1,0.2,56.1,2026-07-14 09:17:56
SIDEWAY,SIDEWAY|MOMENTUM_WATCH|SKIP|RSI_MID_HIGH|RS_BAD|VOL_LOW|ATR_OK|ABOVE_MA20,1,0.2,56.1,2026-07-14 09:17:56
SIDEWAY,SIDEWAY|MOMENTUM_WATCH|SKIP|RSI_MID_HIGH|RS_BAD|VOL_LOW|ATR_OK|BELOW_MA20,1,0.2,56.1,2026-07-14 09:17:56
SIDEWAY,SIDEWAY|MOMENTUM_WATCH|SKIP|RSI_MID_HIGH|RS_BAD|VOL_OK|ATR_LOW|BELOW_MA20,1,0.2,56.1,2026-07-14 09:17:56
SIDEWAY,SIDEWAY|MOMENTUM_WATCH|SKIP|RSI_MID_HIGH|RS_OK|VOL_LOW|ATR_HIGH|ABOVE_MA20,1,0.2,56.1,2026-07-14 09:17:56
SIDEWAY,SIDEWAY|MOMENTUM_WATCH|SKIP|RSI_MID_HIGH|RS_STRONG|VOL_LOW|ATR_HIGH|FAR_MA20,1,0.2,56.1,2026-07-14 09:17:56
SIDEWAY,SIDEWAY|MOMENTUM_WATCH|SKIP|RSI_MID_HIGH|RS_STRONG|VOL_STRONG|ATR_HIGH|FAR_MA20,1,0.2,56.1,2026-07-14 09:17:56
SIDEWAY,SIDEWAY|MOMENTUM_WATCH|SKIP|RSI_MID|RS_BAD|VOL_STRONG|ATR_OK|ABOVE_MA20,1,0.2,56.1,2026-07-14 09:17:56
SIDEWAY,SIDEWAY|MOMENTUM_WATCH|WAIT|RSI_HIGH|RS_STRONG|VOL_OK|ATR_OK|ABOVE_MA20,1,0.2,56.1,2026-07-14 09:17:56
SIDEWAY,SIDEWAY|MOMENTUM_WATCH|WATCHLIST|RSI_HIGH|RS_STRONG|VOL_LOW|ATR_OK|FAR_MA20,1,0.2,56.1,2026-07-14 09:17:56
SIDEWAY,SIDEWAY|MOMENTUM_WATCH|WATCHLIST|RSI_HIGH|RS_STRONG|VOL_OK|ATR_OK|FAR_MA20,1,0.2,56.1,2026-07-14 09:17:56
SIDEWAY,SIDEWAY|MOMENTUM_WATCH|WATCHLIST|RSI_HIGH|RS_STRONG|VOL_STRONG|ATR_LOW|FAR_MA20,1,0.2,56.1,2026-07-14 09:17:56
SIDEWAY,SIDEWAY|MOMENTUM_WATCH|WATCHLIST|RSI_LOW|RS_OK|VOL_LOW|ATR_LOW|ABOVE_MA20,1,0.2,56.1,2026-07-14 09:17:56
SIDEWAY,SIDEWAY|MOMENTUM_WATCH|WATCHLIST|RSI_MID_HIGH|RS_BAD|VOL_STRONG|ATR_LOW|ABOVE_MA20,1,0.2,56.1,2026-07-14 09:17:56
SIDEWAY,SIDEWAY|MOMENTUM_WATCH|WATCHLIST|RSI_MID_HIGH|RS_BAD|VOL_STRONG|ATR_LOW|BELOW_MA20,1,0.2,56.1,2026-07-14 09:17:56
SIDEWAY,SIDEWAY|MOMENTUM_WATCH|WATCHLIST|RSI_MID_HIGH|RS_OK|VOL_STRONG|ATR_HIGH|BELOW_MA20,1,0.2,56.1,2026-07-14 09:17:56
SIDEWAY,SIDEWAY|MOMENTUM_WATCH|WATCHLIST|RSI_MID|RS_OK|VOL_OK|ATR_OK|ABOVE_MA20,1,0.2,56.1,2026-07-14 09:17:56
SIDEWAY,SIDEWAY|MOMENTUM|BUY NOW|RSI_LOW|RS_OK|VOL_STRONG|ATR_LOW|ABOVE_MA20,1,0.2,56.1,2026-07-14 09:17:56
SIDEWAY,SIDEWAY|MOMENTUM|BUY NOW|RSI_MID|RS_OK|VOL_OK|ATR_OK|ABOVE_MA20,1,0.2,56.1,2026-07-14 09:17:56
SIDEWAY,SIDEWAY|MOMENTUM|BUY NOW|RSI_MID|RS_OK|VOL_STRONG|ATR_OK|ABOVE_MA20,1,0.2,56.1,2026-07-14 09:17:56
SIDEWAY,SIDEWAY|MOMENTUM|BUY NOW|RSI_MID|RS_STRONG|VOL_OK|ATR_OK|ABOVE_MA20,1,0.2,56.1,2026-07-14 09:17:56
SIDEWAY,SIDEWAY|MOMENTUM|SKIP|RSI_HIGH|RS_BAD|VOL_STRONG|ATR_LOW|ABOVE_MA20,1,0.2,56.1,2026-07-14 09:17:56
SIDEWAY,SIDEWAY|MOMENTUM|SKIP|RSI_HIGH|RS_OK|VOL_OK|ATR_LOW|FAR_MA20,1,0.2,56.1,2026-07-14 09:17:56
SIDEWAY,SIDEWAY|MOMENTUM|SKIP|RSI_HIGH|RS_STRONG|VOL_LOW|ATR_LOW|FAR_MA20,1,0.2,56.1,2026-07-14 09:17:56
SIDEWAY,SIDEWAY|MOMENTUM|SKIP|RSI_HIGH|RS_WEAK|VOL_STRONG|ATR_LOW|ABOVE_MA20,1,0.2,56.1,2026-07-14 09:17:56
SIDEWAY,SIDEWAY|MOMENTUM|SKIP|RSI_LOW|RS_OK|VOL_LOW|ATR_LOW|ABOVE_MA20,1,0.2,56.1,2026-07-14 09:17:56
SIDEWAY,SIDEWAY|MOMENTUM|SKIP|RSI_MID_HIGH|RS_OK|VOL_LOW|ATR_HIGH|ABOVE_MA20,1,0.2,56.1,2026-07-14 09:17:56
SIDEWAY,SIDEWAY|MOMENTUM|SKIP|RSI_MID_HIGH|RS_STRONG|VOL_LOW|ATR_HIGH|ABOVE_MA20,1,0.2,56.1,2026-07-14 09:17:56
SIDEWAY,SIDEWAY|MOMENTUM|SKIP|RSI_MID|RS_BAD|VOL_STRONG|ATR_LOW|ABOVE_MA20,1,0.2,56.1,2026-07-14 09:17:56
SIDEWAY,SIDEWAY|MOMENTUM|WAIT|RSI_HIGH|RS_BAD|VOL_OK|ATR_LOW|ABOVE_MA20,1,0.2,56.1,2026-07-14 09:17:56
SIDEWAY,SIDEWAY|MOMENTUM|WAIT|RSI_HIGH|RS_BAD|VOL_STRONG|ATR_LOW|ABOVE_MA20,1,0.2,56.1,2026-07-14 09:17:56
SIDEWAY,SIDEWAY|MOMENTUM|WAIT|RSI_HIGH|RS_OK|VOL_LOW|ATR_OK|ABOVE_MA20,1,0.2,56.1,2026-07-14 09:17:56
SIDEWAY,SIDEWAY|MOMENTUM|WAIT|RSI_HIGH|RS_OK|VOL_OK|ATR_OK|ABOVE_MA20,1,0.2,56.1,2026-07-14 09:17:56
SIDEWAY,SIDEWAY|MOMENTUM|WAIT|RSI_HIGH|RS_STRONG|VOL_STRONG|ATR_OK|ABOVE_MA20,1,0.2,56.1,2026-07-14 09:17:56
SIDEWAY,SIDEWAY|MOMENTUM|WAIT|RSI_MID_HIGH|RS_BAD|VOL_STRONG|ATR_LOW|ABOVE_MA20,1,0.2,56.1,2026-07-14 09:17:56
SIDEWAY,SIDEWAY|MOMENTUM|WAIT|RSI_MID_HIGH|RS_STRONG|VOL_LOW|ATR_OK|FAR_MA20,1,0.2,56.1,2026-07-14 09:17:56
SIDEWAY,SIDEWAY|MOMENTUM|WAIT|RSI_MID_HIGH|RS_WEAK|VOL_LOW|ATR_LOW|FAR_MA20,1,0.2,56.1,2026-07-14 09:17:56
SIDEWAY,SIDEWAY|MOMENTUM|WAIT|RSI_MID_HIGH|RS_WEAK|VOL_OK|ATR_LOW|FAR_MA20,1,0.2,56.1,2026-07-14 09:17:56
SIDEWAY,SIDEWAY|MOMENTUM|WAIT|RSI_MID|RS_BAD|VOL_OK|ATR_LOW|ABOVE_MA20,1,0.2,56.1,2026-07-14 09:17:56
SIDEWAY,SIDEWAY|MOMENTUM|WAIT|RSI_MID|RS_STRONG|VOL_LOW|ATR_OK|ABOVE_MA20,1,0.2,56.1,2026-07-14 09:17:56
SIDEWAY,SIDEWAY|WATCH|SKIP|RSI_HIGH|RS_STRONG|VOL_LOW|ATR_LOW|ABOVE_MA20,1,0.2,56.1,2026-07-14 09:17:56
SIDEWAY,SIDEWAY|WATCH|SKIP|RSI_HIGH|RS_STRONG|VOL_LOW|ATR_OK|FAR_MA20,1,0.2,56.1,2026-07-14 09:17:56
SIDEWAY,SIDEWAY|WATCH|SKIP|RSI_MID_HIGH|RS_OK|VOL_OK|ATR_LOW|ABOVE_MA20,1,0.2,56.1,2026-07-14 09:17:56
SIDEWAY,SIDEWAY|WATCH|SKIP|RSI_MID_HIGH|RS_STRONG|VOL_OK|ATR_OK|ABOVE_MA20,1,0.2,56.1,2026-07-14 09:17:56
SIDEWAY,SIDEWAY|WATCH|SKIP|RSI_MID|RS_BAD|VOL_LOW|ATR_LOW|ABOVE_MA20,1,0.2,56.1,2026-07-14 09:17:56
SIDEWAY,SIDEWAY|WATCH|WAIT|RSI_HIGH|RS_STRONG|VOL_LOW|ATR_LOW|ABOVE_MA20,1,0.2,56.1,2026-07-14 09:17:56
SIDEWAY,SIDEWAY|WATCH|WATCHLIST|RSI_HIGH|RS_STRONG|VOL_LOW|ATR_LOW|FAR_MA20,1,0.2,56.1,2026-07-14 09:17:56
WEAK,WEAK|BOTTOM_WATCH|SKIP|RSI_HIGH|RS_BAD|VOL_LOW|ATR_LOW|ABOVE_MA20,1,0.2,56.1,2026-07-14 09:17:56
WEAK,WEAK|BOTTOM_WATCH|SKIP|RSI_HIGH|RS_OK|VOL_STRONG|ATR_LOW|ABOVE_MA20,1,0.2,56.1,2026-07-14 09:17:56
WEAK,WEAK|BOTTOM_WATCH|SKIP|RSI_HIGH|RS_STRONG|VOL_LOW|ATR_LOW|ABOVE_MA20,1,0.2,56.1,2026-07-14 09:17:56
WEAK,WEAK|BOTTOM_WATCH|SKIP|RSI_LOW|RS_OK|VOL_LOW|ATR_HIGH|BELOW_MA20,1,0.2,56.1,2026-07-14 09:17:56
WEAK,WEAK|BOTTOM_WATCH|SKIP|RSI_MID_HIGH|RS_BAD|VOL_OK|ATR_HIGH|BELOW_MA20,1,0.2,56.1,2026-07-14 09:17:56
WEAK,WEAK|BOTTOM_WATCH|SKIP|RSI_MID_HIGH|RS_OK|VOL_LOW|ATR_OK|BELOW_MA20,1,0.2,56.1,2026-07-14 09:17:56
WEAK,WEAK|BOTTOM_WATCH|SKIP|RSI_MID_HIGH|RS_STRONG|VOL_LOW|ATR_HIGH|ABOVE_MA20,1,0.2,56.1,2026-07-14 09:17:56
WEAK,WEAK|BOTTOM_WATCH|SKIP|RSI_MID_HIGH|RS_STRONG|VOL_LOW|ATR_HIGH|BELOW_MA20,1,0.2,56.1,2026-07-14 09:17:56
WEAK,WEAK|BOTTOM_WATCH|SKIP|RSI_MID_HIGH|RS_WEAK|VOL_LOW|ATR_OK|BELOW_MA20,1,0.2,56.1,2026-07-14 09:17:56
WEAK,WEAK|BOTTOM_WATCH|SKIP|RSI_MID|RS_BAD|VOL_LOW|ATR_OK|ABOVE_MA20,1,0.2,56.1,2026-07-14 09:17:56
WEAK,WEAK|BOTTOM_WATCH|SKIP|RSI_MID|RS_BAD|VOL_OK|ATR_LOW|BELOW_MA20,1,0.2,56.1,2026-07-14 09:17:56
WEAK,WEAK|BOTTOM_WATCH|SKIP|RSI_MID|RS_BAD|VOL_STRONG|ATR_HIGH|BELOW_MA20,1,0.2,56.1,2026-07-14 09:17:56
WEAK,WEAK|BOTTOM_WATCH|SKIP|RSI_MID|RS_BAD|VOL_STRONG|ATR_OK|BELOW_MA20,1,0.2,56.1,2026-07-14 09:17:56
WEAK,WEAK|BOTTOM_WATCH|SKIP|RSI_MID|RS_OK|VOL_LOW|ATR_HIGH|ABOVE_MA20,1,0.2,56.1,2026-07-14 09:17:56
WEAK,WEAK|BOTTOM_WATCH|SKIP|RSI_MID|RS_OK|VOL_OK|ATR_HIGH|BELOW_MA20,1,0.2,56.1,2026-07-14 09:17:56
WEAK,WEAK|BOTTOM_WATCH|SKIP|RSI_MID|RS_STRONG|VOL_OK|ATR_HIGH|BELOW_MA20,1,0.2,56.1,2026-07-14 09:17:56
WEAK,WEAK|BOTTOM_WATCH|SKIP|RSI_MID|RS_WEAK|VOL_STRONG|ATR_HIGH|BELOW_MA20,1,0.2,56.1,2026-07-14 09:17:56
WEAK,WEAK|BOTTOM_WATCH|SKIP|RSI_WEAK|RS_OK|VOL_LOW|ATR_HIGH|BELOW_MA20,1,0.2,56.1,2026-07-14 09:17:56
WEAK,WEAK|BOTTOM_WATCH|SKIP|RSI_WEAK|RS_STRONG|VOL_LOW|ATR_LOW|ABOVE_MA20,1,0.2,56.1,2026-07-14 09:17:56
WEAK,WEAK|BOTTOM_WATCH|SKIP|RSI_WEAK|RS_WEAK|VOL_OK|ATR_HIGH|BELOW_MA20,1,0.2,56.1,2026-07-14 09:17:56
WEAK,WEAK|BOTTOM_WATCH|WAIT|RSI_HIGH|RS_STRONG|VOL_OK|ATR_LOW|FAR_MA20,1,0.2,56.1,2026-07-14 09:17:56
WEAK,WEAK|BOTTOM_WATCH|WATCHLIST|RSI_HIGH|RS_OK|VOL_LOW|ATR_LOW|ABOVE_MA20,1,0.2,56.1,2026-07-14 09:17:56
WEAK,WEAK|BOTTOM_WATCH|WATCHLIST|RSI_HIGH|RS_OK|VOL_OK|ATR_LOW|ABOVE_MA20,1,0.2,56.1,2026-07-14 09:17:56
WEAK,WEAK|BOTTOM_WATCH|WATCHLIST|RSI_HIGH|RS_STRONG|VOL_OK|ATR_LOW|ABOVE_MA20,1,0.2,56.1,2026-07-14 09:17:56
WEAK,WEAK|BOTTOM_WATCH|WATCHLIST|RSI_MID_HIGH|RS_BAD|VOL_OK|ATR_LOW|BELOW_MA20,1,0.2,56.1,2026-07-14 09:17:56
WEAK,WEAK|BOTTOM_WATCH|WATCHLIST|RSI_MID_HIGH|RS_OK|VOL_LOW|ATR_OK|ABOVE_MA20,1,0.2,56.1,2026-07-14 09:17:56
WEAK,WEAK|BOTTOM_WATCH|WATCHLIST|RSI_MID_HIGH|RS_OK|VOL_STRONG|ATR_LOW|BELOW_MA20,1,0.2,56.1,2026-07-14 09:17:56
WEAK,WEAK|BOTTOM_WATCH|WATCHLIST|RSI_MID_HIGH|RS_STRONG|VOL_LOW|ATR_HIGH|ABOVE_MA20,1,0.2,56.1,2026-07-14 09:17:56
WEAK,WEAK|BOTTOM_WATCH|WATCHLIST|RSI_MID_HIGH|RS_STRONG|VOL_OK|ATR_OK|ABOVE_MA20,1,0.2,56.1,2026-07-14 09:17:56
WEAK,WEAK|BOTTOM_WATCH|WATCHLIST|RSI_MID_HIGH|RS_WEAK|VOL_STRONG|ATR_HIGH|BELOW_MA20,1,0.2,56.1,2026-07-14 09:17:56
WEAK,WEAK|BOTTOM_WATCH|WATCHLIST|RSI_MID|RS_OK|VOL_LOW|ATR_OK|ABOVE_MA20,1,0.2,56.1,2026-07-14 09:17:56
WEAK,WEAK|BOTTOM_WATCH|WATCHLIST|RSI_MID|RS_STRONG|VOL_STRONG|ATR_HIGH|BELOW_MA20,1,0.2,56.1,2026-07-14 09:17:56
WEAK,WEAK|BOTTOM_WATCH|WATCHLIST|RSI_WEAK|RS_BAD|VOL_LOW|ATR_HIGH|BELOW_MA20,1,0.2,56.1,2026-07-14 09:17:56
WEAK,WEAK|BOTTOM_WATCH|WATCHLIST|RSI_WEAK|RS_OK|VOL_LOW|ATR_OK|BELOW_MA20,1,0.2,56.1,2026-07-14 09:17:56
WEAK,WEAK|BOTTOM_WATCH|WATCHLIST|RSI_WEAK|RS_STRONG|VOL_LOW|ATR_OK|BELOW_MA20,1,0.2,56.1,2026-07-14 09:17:56
WEAK,WEAK|BOTTOM_WATCH|WATCHLIST|RSI_WEAK|RS_WEAK|VOL_LOW|ATR_HIGH|BELOW_MA20,1,0.2,56.1,2026-07-14 09:17:56
WEAK,WEAK|BOTTOM_WATCH|WATCHLIST|RSI_WEAK|RS_WEAK|VOL_LOW|ATR_OK|BELOW_MA20,1,0.2,56.1,2026-07-14 09:17:56
WEAK,WEAK|BOTTOM_WATCH|WATCHLIST|RSI_WEAK|RS_WEAK|VOL_OK|ATR_OK|BELOW_MA20,1,0.2,56.1,2026-07-14 09:17:56
WEAK,WEAK|BOTTOM|BUY NOW|RSI_LOW|RS_BAD|VOL_STRONG|ATR_LOW|ABOVE_MA20,1,0.2,56.1,2026-07-14 09:17:56
WEAK,WEAK|BOTTOM|BUY NOW|RSI_LOW|RS_BAD|VOL_STRONG|ATR_OK|ABOVE_MA20,1,0.2,56.1,2026-07-14 09:17:56
WEAK,WEAK|BOTTOM|BUY NOW|RSI_LOW|RS_OK|VOL_OK|ATR_OK|ABOVE_MA20,1,0.2,56.1,2026-07-14 09:17:56
WEAK,WEAK|BOTTOM|BUY NOW|RSI_LOW|RS_OK|VOL_STRONG|ATR_HIGH|BELOW_MA20,1,0.2,56.1,2026-07-14 09:17:56
WEAK,WEAK|BOTTOM|BUY NOW|RSI_LOW|RS_STRONG|VOL_LOW|ATR_HIGH|BELOW_MA20,1,0.2,56.1,2026-07-14 09:17:56
WEAK,WEAK|BOTTOM|BUY NOW|RSI_LOW|RS_STRONG|VOL_LOW|ATR_OK|ABOVE_MA20,1,0.2,56.1,2026-07-14 09:17:56
WEAK,WEAK|BOTTOM|BUY NOW|RSI_LOW|RS_STRONG|VOL_OK|ATR_OK|ABOVE_MA20,1,0.2,56.1,2026-07-14 09:17:56
WEAK,WEAK|BOTTOM|BUY NOW|RSI_LOW|RS_STRONG|VOL_STRONG|ATR_HIGH|BELOW_MA20,1,0.2,56.1,2026-07-14 09:17:56
WEAK,WEAK|BOTTOM|BUY NOW|RSI_LOW|RS_WEAK|VOL_OK|ATR_HIGH|BELOW_MA20,1,0.2,56.1,2026-07-14 09:17:56
WEAK,WEAK|BOTTOM|BUY NOW|RSI_LOW|RS_WEAK|VOL_OK|ATR_OK|ABOVE_MA20,1,0.2,56.1,2026-07-14 09:17:56
WEAK,WEAK|BOTTOM|BUY NOW|RSI_MID_HIGH|RS_BAD|VOL_STRONG|ATR_LOW|ABOVE_MA20,1,0.2,56.1,2026-07-14 09:17:56
WEAK,WEAK|BOTTOM|BUY NOW|RSI_MID_HIGH|RS_OK|VOL_LOW|ATR_OK|ABOVE_MA20,1,0.2,56.1,2026-07-14 09:17:56
WEAK,WEAK|BOTTOM|BUY NOW|RSI_MID_HIGH|RS_STRONG|VOL_STRONG|ATR_OK|ABOVE_MA20,1,0.2,56.1,2026-07-14 09:17:56
WEAK,WEAK|BOTTOM|BUY NOW|RSI_WEAK|RS_BAD|VOL_LOW|ATR_OK|BELOW_MA20,1,0.2,56.1,2026-07-14 09:17:56
WEAK,WEAK|BOTTOM|SKIP|RSI_HIGH|RS_BAD|VOL_OK|ATR_OK|ABOVE_MA20,1,0.2,56.1,2026-07-14 09:17:56
WEAK,WEAK|BOTTOM|SKIP|RSI_HIGH|RS_OK|VOL_LOW|ATR_LOW|ABOVE_MA20,1,0.2,56.1,2026-07-14 09:17:56
WEAK,WEAK|BOTTOM|SKIP|RSI_LOW|RS_BAD|VOL_OK|ATR_LOW|ABOVE_MA20,1,0.2,56.1,2026-07-14 09:17:56
WEAK,WEAK|BOTTOM|SKIP|RSI_LOW|RS_BAD|VOL_STRONG|ATR_OK|ABOVE_MA20,1,0.2,56.1,2026-07-14 09:17:56
WEAK,WEAK|BOTTOM|SKIP|RSI_LOW|RS_WEAK|VOL_OK|ATR_HIGH|BELOW_MA20,1,0.2,56.1,2026-07-14 09:17:56
WEAK,WEAK|BOTTOM|SKIP|RSI_MID_HIGH|RS_BAD|VOL_LOW|ATR_OK|BELOW_MA20,1,0.2,56.1,2026-07-14 09:17:56
WEAK,WEAK|BOTTOM|SKIP|RSI_MID_HIGH|RS_BAD|VOL_STRONG|ATR_LOW|ABOVE_MA20,1,0.2,56.1,2026-07-14 09:17:56
WEAK,WEAK|BOTTOM|SKIP|RSI_MID_HIGH|RS_WEAK|VOL_LOW|ATR_OK|BELOW_MA20,1,0.2,56.1,2026-07-14 09:17:56
WEAK,WEAK|BOTTOM|SKIP|RSI_MID|RS_BAD|VOL_LOW|ATR_HIGH|BELOW_MA20,1,0.2,56.1,2026-07-14 09:17:56
WEAK,WEAK|BOTTOM|SKIP|RSI_MID|RS_BAD|VOL_LOW|ATR_OK|ABOVE_MA20,1,0.2,56.1,2026-07-14 09:17:56
WEAK,WEAK|BOTTOM|WAIT|RSI_HIGH|RS_STRONG|VOL_STRONG|ATR_LOW|FAR_MA20,1,0.2,56.1,2026-07-14 09:17:56
WEAK,WEAK|BOTTOM|WAIT|RSI_HIGH|RS_STRONG|VOL_STRONG|ATR_OK|FAR_MA20,1,0.2,56.1,2026-07-14 09:17:56
WEAK,WEAK|BOTTOM|WAIT|RSI_LOW|RS_BAD|VOL_LOW|ATR_OK|BELOW_MA20,1,0.2,56.1,2026-07-14 09:17:56
WEAK,WEAK|BOTTOM|WAIT|RSI_LOW|RS_BAD|VOL_OK|ATR_HIGH|BELOW_MA20,1,0.2,56.1,2026-07-14 09:17:56
WEAK,WEAK|BOTTOM|WAIT|RSI_LOW|RS_OK|VOL_LOW|ATR_HIGH|BELOW_MA20,1,0.2,56.1,2026-07-14 09:17:56
WEAK,WEAK|BOTTOM|WAIT|RSI_LOW|RS_STRONG|VOL_LOW|ATR_HIGH|BELOW_MA20,1,0.2,56.1,2026-07-14 09:17:56
WEAK,WEAK|BOTTOM|WAIT|RSI_LOW|RS_WEAK|VOL_LOW|ATR_OK|BELOW_MA20,1,0.2,56.1,2026-07-14 09:17:56
WEAK,WEAK|BOTTOM|WAIT|RSI_MID_HIGH|RS_OK|VOL_STRONG|ATR_LOW|BELOW_MA20,1,0.2,56.1,2026-07-14 09:17:56
WEAK,WEAK|BOTTOM|WAIT|RSI_MID_HIGH|RS_WEAK|VOL_STRONG|ATR_LOW|BELOW_MA20,1,0.2,56.1,2026-07-14 09:17:56
WEAK,WEAK|BOTTOM|WAIT|RSI_MID|RS_BAD|VOL_OK|ATR_LOW|BELOW_MA20,1,0.2,56.1,2026-07-14 09:17:56
WEAK,WEAK|BOTTOM|WAIT|RSI_MID|RS_BAD|VOL_STRONG|ATR_LOW|BELOW_MA20,1,0.2,56.1,2026-07-14 09:17:56
WEAK,WEAK|BOTTOM|WAIT|RSI_MID|RS_WEAK|VOL_OK|ATR_OK|ABOVE_MA20,1,0.2,56.1,2026-07-14 09:17:56
WEAK,WEAK|BOTTOM|WATCHLIST|RSI_HIGH|RS_STRONG|VOL_LOW|ATR_LOW|FAR_MA20,1,0.2,56.1,2026-07-14 09:17:56
WEAK,WEAK|BOTTOM|WATCHLIST|RSI_HIGH|RS_STRONG|VOL_OK|ATR_LOW|FAR_MA20,1,0.2,56.1,2026-07-14 09:17:56
WEAK,WEAK|MOMENTUM_WATCH|SKIP|RSI_HIGH|RS_OK|VOL_STRONG|ATR_LOW|ABOVE_MA20,1,0.2,56.1,2026-07-14 09:17:56
WEAK,WEAK|MOMENTUM_WATCH|SKIP|RSI_MID_HIGH|RS_BAD|VOL_LOW|ATR_OK|ABOVE_MA20,1,0.2,56.1,2026-07-14 09:17:56
WEAK,WEAK|MOMENTUM_WATCH|SKIP|RSI_MID_HIGH|RS_BAD|VOL_LOW|ATR_OK|BELOW_MA20,1,0.2,56.1,2026-07-14 09:17:56
WEAK,WEAK|MOMENTUM_WATCH|SKIP|RSI_MID_HIGH|RS_BAD|VOL_OK|ATR_LOW|BELOW_MA20,1,0.2,56.1,2026-07-14 09:17:56
WEAK,WEAK|MOMENTUM_WATCH|SKIP|RSI_MID_HIGH|RS_STRONG|VOL_LOW|ATR_HIGH|FAR_MA20,1,0.2,56.1,2026-07-14 09:17:56
WEAK,WEAK|MOMENTUM_WATCH|SKIP|RSI_MID_HIGH|RS_STRONG|VOL_STRONG|ATR_HIGH|FAR_MA20,1,0.2,56.1,2026-07-14 09:17:56
WEAK,WEAK|MOMENTUM_WATCH|SKIP|RSI_MID|RS_BAD|VOL_STRONG|ATR_OK|ABOVE_MA20,1,0.2,56.1,2026-07-14 09:17:56
WEAK,WEAK|MOMENTUM_WATCH|WAIT|RSI_HIGH|RS_STRONG|VOL_OK|ATR_OK|ABOVE_MA20,1,0.2,56.1,2026-07-14 09:17:56
WEAK,WEAK|MOMENTUM_WATCH|WAIT|RSI_HIGH|RS_WEAK|VOL_OK|ATR_LOW|ABOVE_MA20,1,0.2,56.1,2026-07-14 09:17:56
WEAK,WEAK|MOMENTUM_WATCH|WATCHLIST|RSI_HIGH|RS_STRONG|VOL_LOW|ATR_OK|FAR_MA20,1,0.2,56.1,2026-07-14 09:17:56
WEAK,WEAK|MOMENTUM_WATCH|WATCHLIST|RSI_HIGH|RS_STRONG|VOL_OK|ATR_OK|FAR_MA20,1,0.2,56.1,2026-07-14 09:17:56
WEAK,WEAK|MOMENTUM_WATCH|WATCHLIST|RSI_HIGH|RS_STRONG|VOL_STRONG|ATR_LOW|FAR_MA20,1,0.2,56.1,2026-07-14 09:17:56
WEAK,WEAK|MOMENTUM_WATCH|WATCHLIST|RSI_LOW|RS_OK|VOL_LOW|ATR_LOW|ABOVE_MA20,1,0.2,56.1,2026-07-14 09:17:56
WEAK,WEAK|MOMENTUM_WATCH|WATCHLIST|RSI_MID_HIGH|RS_BAD|VOL_OK|ATR_LOW|BELOW_MA20,1,0.2,56.1,2026-07-14 09:17:56
WEAK,WEAK|MOMENTUM_WATCH|WATCHLIST|RSI_MID_HIGH|RS_STRONG|VOL_OK|ATR_LOW|BELOW_MA20,1,0.2,56.1,2026-07-14 09:17:56
WEAK,WEAK|MOMENTUM_WATCH|WATCHLIST|RSI_MID_HIGH|RS_STRONG|VOL_STRONG|ATR_HIGH|BELOW_MA20,1,0.2,56.1,2026-07-14 09:17:56
WEAK,WEAK|MOMENTUM_WATCH|WATCHLIST|RSI_MID_HIGH|RS_WEAK|VOL_LOW|ATR_OK|ABOVE_MA20,1,0.2,56.1,2026-07-14 09:17:56
WEAK,WEAK|MOMENTUM_WATCH|WATCHLIST|RSI_MID|RS_BAD|VOL_STRONG|ATR_OK|ABOVE_MA20,1,0.2,56.1,2026-07-14 09:17:56
WEAK,WEAK|MOMENTUM_WATCH|WATCHLIST|RSI_MID|RS_OK|VOL_OK|ATR_OK|ABOVE_MA20,1,0.2,56.1,2026-07-14 09:17:56
WEAK,WEAK|MOMENTUM_WATCH|WATCHLIST|RSI_MID|RS_OK|VOL_STRONG|ATR_LOW|BELOW_MA20,1,0.2,56.1,2026-07-14 09:17:56
WEAK,WEAK|MOMENTUM|BUY NOW|RSI_LOW|RS_OK|VOL_STRONG|ATR_LOW|ABOVE_MA20,1,0.2,56.1,2026-07-14 09:17:56
WEAK,WEAK|MOMENTUM|BUY NOW|RSI_LOW|RS_STRONG|VOL_STRONG|ATR_LOW|ABOVE_MA20,1,0.2,56.1,2026-07-14 09:17:56
WEAK,WEAK|MOMENTUM|BUY NOW|RSI_MID_HIGH|RS_OK|VOL_OK|ATR_LOW|FAR_MA20,1,0.2,56.1,2026-07-14 09:17:56
WEAK,WEAK|MOMENTUM|BUY NOW|RSI_MID_HIGH|RS_WEAK|VOL_OK|ATR_OK|ABOVE_MA20,1,0.2,56.1,2026-07-14 09:17:56
WEAK,WEAK|MOMENTUM|BUY NOW|RSI_MID|RS_OK|VOL_OK|ATR_OK|ABOVE_MA20,1,0.2,56.1,2026-07-14 09:17:56
WEAK,WEAK|MOMENTUM|BUY NOW|RSI_MID|RS_STRONG|VOL_OK|ATR_OK|ABOVE_MA20,1,0.2,56.1,2026-07-14 09:17:56
WEAK,WEAK|MOMENTUM|SKIP|RSI_HIGH|RS_OK|VOL_OK|ATR_LOW|FAR_MA20,1,0.2,56.1,2026-07-14 09:17:56
WEAK,WEAK|MOMENTUM|SKIP|RSI_HIGH|RS_STRONG|VOL_LOW|ATR_LOW|FAR_MA20,1,0.2,56.1,2026-07-14 09:17:56
WEAK,WEAK|MOMENTUM|SKIP|RSI_LOW|RS_OK|VOL_LOW|ATR_LOW|ABOVE_MA20,1,0.2,56.1,2026-07-14 09:17:56
WEAK,WEAK|MOMENTUM|SKIP|RSI_LOW|RS_STRONG|VOL_LOW|ATR_LOW|ABOVE_MA20,1,0.2,56.1,2026-07-14 09:17:56
WEAK,WEAK|MOMENTUM|SKIP|RSI_MID_HIGH|RS_OK|VOL_STRONG|ATR_LOW|BELOW_MA20,1,0.2,56.1,2026-07-14 09:17:56
WEAK,WEAK|MOMENTUM|SKIP|RSI_MID_HIGH|RS_STRONG|VOL_LOW|ATR_HIGH|ABOVE_MA20,1,0.2,56.1,2026-07-14 09:17:56
WEAK,WEAK|MOMENTUM|SKIP|RSI_MID|RS_BAD|VOL_STRONG|ATR_LOW|ABOVE_MA20,1,0.2,56.1,2026-07-14 09:17:56
WEAK,WEAK|MOMENTUM|WAIT|RSI_HIGH|RS_OK|VOL_STRONG|ATR_LOW|FAR_MA20,1,0.2,56.1,2026-07-14 09:17:56
WEAK,WEAK|MOMENTUM|WAIT|RSI_HIGH|RS_STRONG|VOL_STRONG|ATR_OK|ABOVE_MA20,1,0.2,56.1,2026-07-14 09:17:56
WEAK,WEAK|MOMENTUM|WAIT|RSI_HIGH|RS_WEAK|VOL_STRONG|ATR_LOW|ABOVE_MA20,1,0.2,56.1,2026-07-14 09:17:56
WEAK,WEAK|MOMENTUM|WAIT|RSI_MID_HIGH|RS_STRONG|VOL_LOW|ATR_OK|FAR_MA20,1,0.2,56.1,2026-07-14 09:17:56
WEAK,WEAK|MOMENTUM|WAIT|RSI_MID_HIGH|RS_WEAK|VOL_OK|ATR_LOW|FAR_MA20,1,0.2,56.1,2026-07-14 09:17:56
WEAK,WEAK|MOMENTUM|WAIT|RSI_MID|RS_BAD|VOL_STRONG|ATR_LOW|ABOVE_MA20,1,0.2,56.1,2026-07-14 09:17:56
WEAK,WEAK|MOMENTUM|WAIT|RSI_MID|RS_OK|VOL_LOW|ATR_OK|ABOVE_MA20,1,0.2,56.1,2026-07-14 09:17:56
WEAK,WEAK|MOMENTUM|WAIT|RSI_MID|RS_OK|VOL_OK|ATR_OK|ABOVE_MA20,1,0.2,56.1,2026-07-14 09:17:56
WEAK,WEAK|MOMENTUM|WAIT|RSI_MID|RS_STRONG|VOL_LOW|ATR_OK|ABOVE_MA20,1,0.2,56.1,2026-07-14 09:17:56
WEAK,WEAK|WATCH|SKIP|RSI_HIGH|RS_OK|VOL_LOW|ATR_LOW|ABOVE_MA20,1,0.2,56.1,2026-07-14 09:17:56
WEAK,WEAK|WATCH|SKIP|RSI_HIGH|RS_STRONG|VOL_LOW|ATR_OK|FAR_MA20,1,0.2,56.1,2026-07-14 09:17:56
WEAK,WEAK|WATCH|SKIP|RSI_HIGH|RS_WEAK|VOL_LOW|ATR_LOW|ABOVE_MA20,1,0.2,56.1,2026-07-14 09:17:56
WEAK,WEAK|WATCH|SKIP|RSI_MID_HIGH|RS_OK|VOL_OK|ATR_LOW|ABOVE_MA20,1,0.2,56.1,2026-07-14 09:17:56
WEAK,WEAK|WATCH|SKIP|RSI_MID_HIGH|RS_STRONG|VOL_OK|ATR_LOW|ABOVE_MA20,1,0.2,56.1,2026-07-14 09:17:56
WEAK,WEAK|WATCH|SKIP|RSI_MID_HIGH|RS_STRONG|VOL_OK|ATR_OK|ABOVE_MA20,1,0.2,56.1,2026-07-14 09:17:56
WEAK,WEAK|WATCH|SKIP|RSI_MID|RS_OK|VOL_OK|ATR_LOW|BELOW_MA20,1,0.2,56.1,2026-07-14 09:17:56
WEAK,WEAK|WATCH|WAIT|RSI_HIGH|RS_OK|VOL_LOW|ATR_LOW|ABOVE_MA20,1,0.2,56.1,2026-07-14 09:17:56
WEAK,WEAK|WATCH|WATCHLIST|RSI_HIGH|RS_STRONG|VOL_LOW|ATR_LOW|FAR_MA20,1,0.2,56.1,2026-07-14 09:17:56
POSITIVE,POSITIVE|MOMENTUM_WATCH|WATCHLIST|RSI_MID_HIGH|RS_WEAK|VOL_OK|ATR_LOW|ABOVE_MA20,359,74.06,56.09,2026-07-14 09:17:56
WEAK,WEAK|BOTTOM|WAIT|RSI_MID|RS_WEAK|VOL_LOW|ATR_LOW|ABOVE_MA20,43,8.89,56.09,2026-07-14 09:17:56
POSITIVE,POSITIVE|MOMENTUM|SKIP|RSI_MID_HIGH|RS_OK|VOL_LOW|ATR_OK|ABOVE_MA20,7,1.66,56.09,2026-07-14 09:17:56
DOWNTREND,DOWNTREND|BOTTOM_WATCH|SKIP|RSI_MID|RS_WEAK|VOL_LOW|ATR_LOW|BELOW_MA20,26,5.2,56.08,2026-07-14 09:17:55
POSITIVE,POSITIVE|BOTTOM|WAIT|RSI_HIGH|RS_OK|VOL_LOW|ATR_LOW|ABOVE_MA20,10,2.0,56.0,2026-07-14 09:17:55
POSITIVE,POSITIVE|MOMENTUM_WATCH|SKIP|RSI_MID_HIGH|RS_OK|VOL_LOW|ATR_OK|BELOW_MA20,7,1.64,56.0,2026-07-14 09:17:56
WEAK,WEAK|WATCH|SKIP|RSI_MID|RS_STRONG|VOL_LOW|ATR_LOW|ABOVE_MA20,4,1.13,56.0,2026-07-14 09:17:56
WEAK,WEAK|BOTTOM|BUY NOW|RSI_MID_HIGH|RS_BAD|VOL_OK|ATR_LOW|ABOVE_MA20,3,0.63,55.98,2026-07-14 09:17:56
DOWNTREND,DOWNTREND|BOTTOM|BUY NOW|RSI_MID|RS_WEAK|VOL_LOW|ATR_LOW|BELOW_MA20,54,10.96,55.97,2026-07-14 09:17:55
POSITIVE,POSITIVE|BOTTOM|WAIT|RSI_MID_HIGH|RS_WEAK|VOL_STRONG|ATR_LOW|ABOVE_MA20,123,26.54,55.96,2026-07-14 09:17:55
WEAK,WEAK|MOMENTUM|WAIT|RSI_MID_HIGH|RS_OK|VOL_OK|ATR_LOW|ABOVE_MA20,483,103.66,55.94,2026-07-14 09:17:56
WEAK,WEAK|MOMENTUM_WATCH|WAIT|RSI_HIGH|RS_OK|VOL_LOW|ATR_LOW|ABOVE_MA20,91,18.62,55.94,2026-07-14 09:17:56
POSITIVE,POSITIVE|BOTTOM|BUY NOW|RSI_MID_HIGH|RS_BAD|VOL_STRONG|ATR_LOW|ABOVE_MA20,3,0.62,55.94,2026-07-14 09:17:55
POSITIVE,POSITIVE|MOMENTUM|BUY NOW|RSI_MID_HIGH|RS_WEAK|VOL_LOW|ATR_LOW|ABOVE_MA20,133,26.92,55.91,2026-07-14 09:17:56
WEAK,WEAK|MOMENTUM|WAIT|RSI_HIGH|RS_OK|VOL_LOW|ATR_LOW|ABOVE_MA20,42,8.78,55.9,2026-07-14 09:17:56
SIDEWAY,SIDEWAY|BOTTOM_WATCH|WATCHLIST|RSI_MID_HIGH|RS_OK|VOL_LOW|ATR_LOW|ABOVE_MA20,68,15.04,55.87,2026-07-14 09:17:56
DOWNTREND,DOWNTREND|BOTTOM_WATCH|SKIP|RSI_MID_HIGH|RS_WEAK|VOL_LOW|ATR_LOW|BELOW_MA20,12,2.74,55.86,2026-07-14 09:17:55
WEAK,WEAK|BOTTOM|SKIP|RSI_MID_HIGH|RS_WEAK|VOL_LOW|ATR_LOW|BELOW_MA20,86,17.69,55.85,2026-07-14 09:17:56
SIDEWAY,SIDEWAY|BOTTOM|BUY NOW|RSI_MID|RS_BAD|VOL_LOW|ATR_LOW|BELOW_MA20,43,8.76,55.85,2026-07-14 09:17:56
POSITIVE,POSITIVE|BOTTOM_WATCH|SKIP|RSI_MID|RS_OK|VOL_LOW|ATR_LOW|BELOW_MA20,356,78.3,55.84,2026-07-14 09:17:55
POSITIVE,POSITIVE|BOTTOM|BUY NOW|RSI_MID_HIGH|RS_WEAK|VOL_OK|ATR_LOW|ABOVE_MA20,149,31.66,55.84,2026-07-14 09:17:55
WEAK,WEAK|MOMENTUM|BUY NOW|RSI_MID_HIGH|RS_WEAK|VOL_OK|ATR_LOW|ABOVE_MA20,77,15.69,55.84,2026-07-14 09:17:56
SIDEWAY,SIDEWAY|MOMENTUM|BUY NOW|RSI_MID_HIGH|RS_OK|VOL_STRONG|ATR_LOW|ABOVE_MA20,1933,417.08,55.83,2026-07-14 09:17:56
DOWNTREND,DOWNTREND|MOMENTUM|SKIP|RSI_HIGH|RS_STRONG|VOL_OK|ATR_LOW|ABOVE_MA20,15,3.11,55.83,2026-07-14 09:17:55
DOWNTREND,DOWNTREND|MOMENTUM|BUY NOW|RSI_MID_HIGH|RS_WEAK|VOL_OK|ATR_LOW|ABOVE_MA20,3,0.6,55.82,2026-07-14 09:17:55
WEAK,WEAK|BOTTOM|BUY NOW|RSI_MID|RS_WEAK|VOL_STRONG|ATR_OK|BELOW_MA20,3,0.6,55.82,2026-07-14 09:17:56
SIDEWAY,SIDEWAY|MOMENTUM|BUY NOW|RSI_MID_HIGH|RS_OK|VOL_OK|ATR_LOW|ABOVE_MA20,1521,327.72,55.81,2026-07-14 09:17:56
DOWNTREND,DOWNTREND|BOTTOM_WATCH|SKIP|RSI_HIGH|RS_OK|VOL_LOW|ATR_LOW|ABOVE_MA20,3,0.6,55.81,2026-07-14 09:17:55
DOWNTREND,DOWNTREND|BOTTOM_WATCH|WATCHLIST|RSI_LOW|RS_STRONG|VOL_LOW|ATR_LOW|ABOVE_MA20,3,0.6,55.81,2026-07-14 09:17:55
DOWNTREND,DOWNTREND|BOTTOM_WATCH|WATCHLIST|RSI_MID|RS_OK|VOL_STRONG|ATR_LOW|ABOVE_MA20,3,0.6,55.81,2026-07-14 09:17:55
DOWNTREND,DOWNTREND|BOTTOM|BUY NOW|RSI_MID_HIGH|RS_STRONG|VOL_LOW|ATR_OK|BELOW_MA20,3,0.6,55.81,2026-07-14 09:17:55
DOWNTREND,DOWNTREND|BOTTOM|BUY NOW|RSI_WEAK|RS_OK|VOL_LOW|ATR_OK|BELOW_MA20,3,0.6,55.81,2026-07-14 09:17:55
DOWNTREND,DOWNTREND|MOMENTUM_WATCH|SKIP|RSI_MID_HIGH|RS_WEAK|VOL_LOW|ATR_LOW|ABOVE_MA20,3,0.6,55.81,2026-07-14 09:17:55
DOWNTREND,DOWNTREND|MOMENTUM_WATCH|WATCHLIST|RSI_HIGH|RS_STRONG|VOL_STRONG|ATR_LOW|ABOVE_MA20,3,0.6,55.81,2026-07-14 09:17:55
DOWNTREND,DOWNTREND|MOMENTUM|BUY NOW|RSI_MID_HIGH|RS_WEAK|VOL_LOW|ATR_LOW|ABOVE_MA20,3,0.6,55.81,2026-07-14 09:17:55
DOWNTREND,DOWNTREND|MOMENTUM|WAIT|RSI_HIGH|RS_STRONG|VOL_OK|ATR_OK|FAR_MA20,3,0.6,55.81,2026-07-14 09:17:55
DOWNTREND,DOWNTREND|MOMENTUM|WAIT|RSI_MID_HIGH|RS_STRONG|VOL_OK|ATR_LOW|FAR_MA20,3,0.6,55.81,2026-07-14 09:17:55
POSITIVE,POSITIVE|BOTTOM_WATCH|SKIP|RSI_MID|RS_OK|VOL_LOW|ATR_OK|ABOVE_MA20,3,0.6,55.81,2026-07-14 09:17:55
POSITIVE,POSITIVE|BOTTOM_WATCH|WATCHLIST|RSI_MID_HIGH|RS_STRONG|VOL_LOW|ATR_LOW|ABOVE_MA20,3,0.6,55.81,2026-07-14 09:17:55
POSITIVE,POSITIVE|BOTTOM|BUY NOW|RSI_MID_HIGH|RS_OK|VOL_OK|ATR_OK|BELOW_MA20,3,0.6,55.81,2026-07-14 09:17:55
POSITIVE,POSITIVE|BOTTOM|BUY NOW|RSI_MID_HIGH|RS_STRONG|VOL_OK|ATR_LOW|BELOW_MA20,3,0.6,55.81,2026-07-14 09:17:55
POSITIVE,POSITIVE|BOTTOM|BUY NOW|RSI_MID_HIGH|RS_STRONG|VOL_STRONG|ATR_OK|BELOW_MA20,3,0.6,55.81,2026-07-14 09:17:55
POSITIVE,POSITIVE|BOTTOM|BUY NOW|RSI_MID|RS_BAD|VOL_STRONG|ATR_OK|ABOVE_MA20,3,0.6,55.81,2026-07-14 09:17:55
POSITIVE,POSITIVE|BOTTOM|BUY NOW|RSI_WEAK|RS_WEAK|VOL_LOW|ATR_OK|BELOW_MA20,3,0.6,55.81,2026-07-14 09:17:55
POSITIVE,POSITIVE|BOTTOM|WAIT|RSI_LOW|RS_WEAK|VOL_OK|ATR_LOW|BELOW_MA20,3,0.6,55.81,2026-07-14 09:17:55
POSITIVE,POSITIVE|BOTTOM|WAIT|RSI_MID|RS_BAD|VOL_STRONG|ATR_LOW|BELOW_MA20,3,0.6,55.81,2026-07-14 09:17:55
POSITIVE,POSITIVE|MOMENTUM|BUY NOW|RSI_MID_HIGH|RS_WEAK|VOL_STRONG|ATR_OK|ABOVE_MA20,3,0.6,55.81,2026-07-14 09:17:56
POSITIVE,POSITIVE|WATCH|SKIP|RSI_HIGH|RS_WEAK|VOL_LOW|ATR_LOW|ABOVE_MA20,3,0.6,55.81,2026-07-14 09:17:56
POSITIVE,POSITIVE|WATCH|SKIP|RSI_MID_HIGH|RS_WEAK|VOL_OK|ATR_LOW|ABOVE_MA20,3,0.6,55.81,2026-07-14 09:17:56
SIDEWAY,SIDEWAY|BOTTOM|BUY NOW|RSI_MID_HIGH|RS_OK|VOL_OK|ATR_OK|BELOW_MA20,3,0.6,55.81,2026-07-14 09:17:56
SIDEWAY,SIDEWAY|BOTTOM|BUY NOW|RSI_MID_HIGH|RS_STRONG|VOL_STRONG|ATR_OK|BELOW_MA20,3,0.6,55.81,2026-07-14 09:17:56
SIDEWAY,SIDEWAY|MOMENTUM_WATCH|SKIP|RSI_MID_HIGH|RS_BAD|VOL_LOW|ATR_LOW|BELOW_MA20,3,0.6,55.81,2026-07-14 09:17:56
SIDEWAY,SIDEWAY|MOMENTUM_WATCH|WATCHLIST|RSI_MID_HIGH|RS_STRONG|VOL_LOW|ATR_LOW|BELOW_MA20,3,0.6,55.81,2026-07-14 09:17:56
SIDEWAY,SIDEWAY|MOMENTUM|BUY NOW|RSI_MID_HIGH|RS_WEAK|VOL_STRONG|ATR_OK|ABOVE_MA20,3,0.6,55.81,2026-07-14 09:17:56
SIDEWAY,SIDEWAY|WATCH|SKIP|RSI_HIGH|RS_WEAK|VOL_LOW|ATR_LOW|ABOVE_MA20,3,0.6,55.81,2026-07-14 09:17:56
WEAK,WEAK|BOTTOM_WATCH|SKIP|RSI_MID_HIGH|RS_STRONG|VOL_LOW|ATR_OK|ABOVE_MA20,3,0.6,55.81,2026-07-14 09:17:56
WEAK,WEAK|BOTTOM_WATCH|SKIP|RSI_MID|RS_OK|VOL_LOW|ATR_HIGH|BELOW_MA20,3,0.6,55.81,2026-07-14 09:17:56
WEAK,WEAK|BOTTOM_WATCH|WATCHLIST|RSI_MID_HIGH|RS_STRONG|VOL_LOW|ATR_OK|ABOVE_MA20,3,0.6,55.81,2026-07-14 09:17:56
WEAK,WEAK|BOTTOM|BUY NOW|RSI_LOW|RS_OK|VOL_STRONG|ATR_OK|BELOW_MA20,3,0.6,55.81,2026-07-14 09:17:56
WEAK,WEAK|BOTTOM|BUY NOW|RSI_MID_HIGH|RS_STRONG|VOL_OK|ATR_OK|BELOW_MA20,3,0.6,55.81,2026-07-14 09:17:56
WEAK,WEAK|BOTTOM|BUY NOW|RSI_MID_HIGH|RS_STRONG|VOL_STRONG|ATR_OK|BELOW_MA20,3,0.6,55.81,2026-07-14 09:17:56
WEAK,WEAK|BOTTOM|WAIT|RSI_HIGH|RS_STRONG|VOL_STRONG|ATR_LOW|ABOVE_MA20,3,0.6,55.81,2026-07-14 09:17:56
WEAK,WEAK|MOMENTUM_WATCH|WATCHLIST|RSI_HIGH|RS_OK|VOL_STRONG|ATR_LOW|ABOVE_MA20,3,0.6,55.81,2026-07-14 09:17:56
POSITIVE,POSITIVE|MOMENTUM|BUY NOW|RSI_MID_HIGH|RS_BAD|VOL_OK|ATR_LOW|ABOVE_MA20,12,2.4,55.78,2026-07-14 09:17:56
SIDEWAY,SIDEWAY|BOTTOM|BUY NOW|RSI_WEAK|RS_OK|VOL_STRONG|ATR_LOW|BELOW_MA20,9,1.95,55.78,2026-07-14 09:17:56
WEAK,WEAK|MOMENTUM_WATCH|WATCHLIST|RSI_MID_HIGH|RS_STRONG|VOL_LOW|ATR_LOW|ABOVE_MA20,843,175.64,55.77,2026-07-14 09:17:56
SIDEWAY,SIDEWAY|BOTTOM|WAIT|RSI_MID|RS_WEAK|VOL_LOW|ATR_LOW|BELOW_MA20,61,12.85,55.77,2026-07-14 09:17:56
WEAK,WEAK|MOMENTUM|SKIP|RSI_MID|RS_OK|VOL_LOW|ATR_LOW|ABOVE_MA20,39,8.53,55.77,2026-07-14 09:17:56
DOWNTREND,DOWNTREND|MOMENTUM_WATCH|WATCHLIST|RSI_MID|RS_OK|VOL_LOW|ATR_LOW|ABOVE_MA20,17,3.48,55.77,2026-07-14 09:17:55
POSITIVE,POSITIVE|MOMENTUM_WATCH|WAIT|RSI_HIGH|RS_WEAK|VOL_STRONG|ATR_LOW|ABOVE_MA20,12,2.4,55.77,2026-07-14 09:17:56
SIDEWAY,SIDEWAY|MOMENTUM|BUY NOW|RSI_MID_HIGH|RS_WEAK|VOL_STRONG|ATR_LOW|ABOVE_MA20,184,39.0,55.76,2026-07-14 09:17:56
POSITIVE,POSITIVE|BOTTOM|WAIT|RSI_MID_HIGH|RS_OK|VOL_LOW|ATR_LOW|ABOVE_MA20,49,10.3,55.75,2026-07-14 09:17:55
DOWNTREND,DOWNTREND|BOTTOM|WAIT|RSI_LOW|RS_WEAK|VOL_LOW|ATR_LOW|BELOW_MA20,11,2.76,55.74,2026-07-14 09:17:55
DOWNTREND,DOWNTREND|BOTTOM|BUY NOW|RSI_MID|RS_WEAK|VOL_STRONG|ATR_LOW|BELOW_MA20,10,2.05,55.7,2026-07-14 09:17:55
WEAK,WEAK|MOMENTUM_WATCH|WATCHLIST|RSI_MID_HIGH|RS_OK|VOL_STRONG|ATR_LOW|ABOVE_MA20,69,14.67,55.69,2026-07-14 09:17:56
POSITIVE,POSITIVE|MOMENTUM_WATCH|SKIP|RSI_MID_HIGH|RS_STRONG|VOL_LOW|ATR_LOW|FAR_MA20,4,0.98,55.69,2026-07-14 09:17:56
SIDEWAY,SIDEWAY|MOMENTUM_WATCH|SKIP|RSI_MID_HIGH|RS_STRONG|VOL_LOW|ATR_LOW|FAR_MA20,4,0.98,55.69,2026-07-14 09:17:56
WEAK,WEAK|MOMENTUM_WATCH|SKIP|RSI_MID_HIGH|RS_STRONG|VOL_LOW|ATR_LOW|FAR_MA20,4,0.98,55.69,2026-07-14 09:17:56
POSITIVE,POSITIVE|BOTTOM|SKIP|RSI_MID_HIGH|RS_BAD|VOL_STRONG|ATR_LOW|ABOVE_MA20,5,1.02,55.68,2026-07-14 09:17:55
SIDEWAY,SIDEWAY|MOMENTUM|WAIT|RSI_MID_HIGH|RS_OK|VOL_STRONG|ATR_LOW|ABOVE_MA20,266,58.04,55.65,2026-07-14 09:17:56
WEAK,WEAK|BOTTOM_WATCH|WATCHLIST|RSI_WEAK|RS_BAD|VOL_LOW|ATR_LOW|BELOW_MA20,179,44.0,55.65,2026-07-14 09:17:56
SIDEWAY,SIDEWAY|MOMENTUM_WATCH|WATCHLIST|RSI_MID_HIGH|RS_STRONG|VOL_LOW|ATR_LOW|ABOVE_MA20,358,73.65,55.63,2026-07-14 09:17:56
SIDEWAY,SIDEWAY|BOTTOM|SKIP|RSI_MID|RS_BAD|VOL_STRONG|ATR_OK|BELOW_MA20,3,0.63,55.62,2026-07-14 09:17:56
SIDEWAY,SIDEWAY|BOTTOM|BUY NOW|RSI_MID|RS_OK|VOL_OK|ATR_LOW|BELOW_MA20,373,78.23,55.58,2026-07-14 09:17:56
POSITIVE,POSITIVE|MOMENTUM|WAIT|RSI_MID_HIGH|RS_STRONG|VOL_STRONG|ATR_OK|ABOVE_MA20,6,1.36,55.58,2026-07-14 09:17:56
SIDEWAY,SIDEWAY|MOMENTUM|WAIT|RSI_MID_HIGH|RS_STRONG|VOL_STRONG|ATR_OK|ABOVE_MA20,6,1.36,55.58,2026-07-14 09:17:56
WEAK,WEAK|MOMENTUM|WAIT|RSI_MID_HIGH|RS_STRONG|VOL_STRONG|ATR_OK|ABOVE_MA20,6,1.36,55.58,2026-07-14 09:17:56
DOWNTREND,DOWNTREND|BOTTOM|BUY NOW|RSI_MID|RS_BAD|VOL_LOW|ATR_LOW|BELOW_MA20,5,1.0,55.58,2026-07-14 09:17:55
POSITIVE,POSITIVE|BOTTOM_WATCH|WATCHLIST|RSI_LOW|RS_OK|VOL_LOW|ATR_LOW|ABOVE_MA20,14,2.8,55.56,2026-07-14 09:17:55
DOWNTREND,DOWNTREND|BOTTOM|BUY NOW|RSI_LOW|RS_WEAK|VOL_LOW|ATR_LOW|ABOVE_MA20,5,1.0,55.56,2026-07-14 09:17:55
DOWNTREND,DOWNTREND|BOTTOM|BUY NOW|RSI_MID|RS_OK|VOL_LOW|ATR_OK|BELOW_MA20,5,1.0,55.56,2026-07-14 09:17:55
DOWNTREND,DOWNTREND|BOTTOM|BUY NOW|RSI_WEAK|RS_STRONG|VOL_OK|ATR_LOW|BELOW_MA20,5,1.0,55.56,2026-07-14 09:17:55
DOWNTREND,DOWNTREND|BOTTOM|SKIP|RSI_WEAK|RS_STRONG|VOL_LOW|ATR_LOW|BELOW_MA20,5,1.0,55.56,2026-07-14 09:17:55
DOWNTREND,DOWNTREND|BOTTOM|SKIP|RSI_WEAK|RS_WEAK|VOL_LOW|ATR_OK|BELOW_MA20,5,1.0,55.56,2026-07-14 09:17:55
DOWNTREND,DOWNTREND|BOTTOM|WAIT|RSI_HIGH|RS_STRONG|VOL_LOW|ATR_LOW|ABOVE_MA20,5,1.0,55.56,2026-07-14 09:17:55
POSITIVE,POSITIVE|BOTTOM_WATCH|WATCHLIST|RSI_LOW|RS_WEAK|VOL_LOW|ATR_LOW|ABOVE_MA20,5,1.0,55.56,2026-07-14 09:17:55
POSITIVE,POSITIVE|BOTTOM_WATCH|WATCHLIST|RSI_MID|RS_STRONG|VOL_LOW|ATR_OK|BELOW_MA20,5,1.0,55.56,2026-07-14 09:17:55
POSITIVE,POSITIVE|BOTTOM|BUY NOW|RSI_MID_HIGH|RS_BAD|VOL_OK|ATR_LOW|BELOW_MA20,5,1.0,55.56,2026-07-14 09:17:55
POSITIVE,POSITIVE|BOTTOM|BUY NOW|RSI_WEAK|RS_OK|VOL_STRONG|ATR_LOW|BELOW_MA20,5,1.0,55.56,2026-07-14 09:17:55
POSITIVE,POSITIVE|MOMENTUM_WATCH|WATCHLIST|RSI_MID_HIGH|RS_BAD|VOL_OK|ATR_LOW|ABOVE_MA20,5,1.0,55.56,2026-07-14 09:17:56
POSITIVE,POSITIVE|MOMENTUM|BUY NOW|RSI_MID_HIGH|RS_OK|VOL_OK|ATR_LOW|FAR_MA20,5,1.0,55.56,2026-07-14 09:17:56
SIDEWAY,SIDEWAY|BOTTOM_WATCH|SKIP|RSI_LOW|RS_STRONG|VOL_LOW|ATR_LOW|BELOW_MA20,5,1.0,55.56,2026-07-14 09:17:56
SIDEWAY,SIDEWAY|BOTTOM_WATCH|WATCHLIST|RSI_MID_HIGH|RS_BAD|VOL_LOW|ATR_LOW|BELOW_MA20,5,1.0,55.56,2026-07-14 09:17:56
SIDEWAY,SIDEWAY|BOTTOM_WATCH|WATCHLIST|RSI_MID|RS_STRONG|VOL_LOW|ATR_OK|BELOW_MA20,5,1.0,55.56,2026-07-14 09:17:56
SIDEWAY,SIDEWAY|BOTTOM|SKIP|RSI_MID|RS_BAD|VOL_STRONG|ATR_LOW|BELOW_MA20,5,1.0,55.56,2026-07-14 09:17:56
SIDEWAY,SIDEWAY|BOTTOM|SKIP|RSI_MID|RS_WEAK|VOL_LOW|ATR_OK|ABOVE_MA20,5,1.0,55.56,2026-07-14 09:17:56
SIDEWAY,SIDEWAY|MOMENTUM|BUY NOW|RSI_MID_HIGH|RS_BAD|VOL_STRONG|ATR_LOW|ABOVE_MA20,5,1.0,55.56,2026-07-14 09:17:56
WEAK,WEAK|BOTTOM|BUY NOW|RSI_MID|RS_WEAK|VOL_OK|ATR_OK|ABOVE_MA20,5,1.0,55.56,2026-07-14 09:17:56
WEAK,WEAK|BOTTOM|SKIP|RSI_MID|RS_WEAK|VOL_LOW|ATR_OK|ABOVE_MA20,5,1.0,55.56,2026-07-14 09:17:56
WEAK,WEAK|BOTTOM|WAIT|RSI_HIGH|RS_WEAK|VOL_LOW|ATR_LOW|ABOVE_MA20,5,1.0,55.56,2026-07-14 09:17:56
WEAK,WEAK|MOMENTUM_WATCH|SKIP|RSI_MID_HIGH|RS_OK|VOL_LOW|ATR_OK|ABOVE_MA20,5,1.0,55.56,2026-07-14 09:17:56
WEAK,WEAK|MOMENTUM_WATCH|SKIP|RSI_MID_HIGH|RS_WEAK|VOL_LOW|ATR_LOW|BELOW_MA20,5,1.0,55.56,2026-07-14 09:17:56
POSITIVE,POSITIVE|BOTTOM|SKIP|RSI_LOW|RS_OK|VOL_LOW|ATR_LOW|ABOVE_MA20,113,25.1,55.55,2026-07-14 09:17:55
POSITIVE,POSITIVE|MOMENTUM|WAIT|RSI_MID_HIGH|RS_WEAK|VOL_LOW|ATR_LOW|ABOVE_MA20,35,7.2,55.55,2026-07-14 09:17:56
WEAK,WEAK|BOTTOM|BUY NOW|RSI_LOW|RS_OK|VOL_LOW|ATR_LOW|ABOVE_MA20,228,47.65,55.54,2026-07-14 09:17:56
DOWNTREND,DOWNTREND|MOMENTUM|BUY NOW|RSI_MID_HIGH|RS_OK|VOL_LOW|ATR_LOW|ABOVE_MA20,85,17.3,55.53,2026-07-14 09:17:55
WEAK,WEAK|MOMENTUM|SKIP|RSI_MID_HIGH|RS_WEAK|VOL_LOW|ATR_LOW|ABOVE_MA20,53,10.86,55.52,2026-07-14 09:17:56
WEAK,WEAK|BOTTOM|SKIP|RSI_LOW|RS_WEAK|VOL_LOW|ATR_LOW|ABOVE_MA20,56,11.48,55.5,2026-07-14 09:17:56
POSITIVE,POSITIVE|BOTTOM_WATCH|WATCHLIST|RSI_MID|RS_BAD|VOL_LOW|ATR_LOW|BELOW_MA20,65,13.48,55.49,2026-07-14 09:17:55
POSITIVE,POSITIVE|MOMENTUM_WATCH|SKIP|RSI_MID_HIGH|RS_OK|VOL_LOW|ATR_LOW|BELOW_MA20,99,21.36,55.48,2026-07-14 09:17:56
POSITIVE,POSITIVE|MOMENTUM|WAIT|RSI_HIGH|RS_STRONG|VOL_LOW|ATR_LOW|ABOVE_MA20,80,16.38,55.47,2026-07-14 09:17:56
WEAK,WEAK|WATCH|SKIP|RSI_MID|RS_OK|VOL_LOW|ATR_LOW|ABOVE_MA20,4,1.02,55.46,2026-07-14 09:17:56
SIDEWAY,SIDEWAY|BOTTOM|WAIT|RSI_WEAK|RS_OK|VOL_LOW|ATR_LOW|BELOW_MA20,8,2.01,55.45,2026-07-14 09:17:56
SIDEWAY,SIDEWAY|MOMENTUM_WATCH|SKIP|RSI_MID_HIGH|RS_STRONG|VOL_LOW|ATR_OK|BELOW_MA20,5,1.52,55.44,2026-07-14 09:17:56
DOWNTREND,DOWNTREND|BOTTOM|BUY NOW|RSI_MID_HIGH|RS_STRONG|VOL_LOW|ATR_OK|ABOVE_MA20,4,1.02,55.42,2026-07-14 09:17:55
WEAK,WEAK|BOTTOM|BUY NOW|RSI_MID|RS_WEAK|VOL_OK|ATR_OK|BELOW_MA20,14,2.83,55.41,2026-07-14 09:17:56
POSITIVE,POSITIVE|MOMENTUM|BUY NOW|RSI_MID_HIGH|RS_OK|VOL_STRONG|ATR_OK|ABOVE_MA20,4,1.03,55.38,2026-07-14 09:17:56
SIDEWAY,SIDEWAY|MOMENTUM|BUY NOW|RSI_MID_HIGH|RS_OK|VOL_STRONG|ATR_OK|ABOVE_MA20,4,1.03,55.38,2026-07-14 09:17:56
WEAK,WEAK|BOTTOM_WATCH|WATCHLIST|RSI_MID|RS_WEAK|VOL_OK|ATR_LOW|BELOW_MA20,50,10.75,55.36,2026-07-14 09:17:56
WEAK,WEAK|BOTTOM|SKIP|RSI_MID|RS_BAD|VOL_OK|ATR_LOW|BELOW_MA20,25,5.13,55.35,2026-07-14 09:17:56
SIDEWAY,SIDEWAY|BOTTOM_WATCH|SKIP|RSI_MID_HIGH|RS_STRONG|VOL_LOW|ATR_LOW|ABOVE_MA20,8,1.76,55.35,2026-07-14 09:17:56
SIDEWAY,SIDEWAY|MOMENTUM_WATCH|WAIT|RSI_HIGH|RS_STRONG|VOL_STRONG|ATR_LOW|ABOVE_MA20,53,11.31,55.34,2026-07-14 09:17:56
DOWNTREND,DOWNTREND|BOTTOM_WATCH|SKIP|RSI_MID|RS_WEAK|VOL_LOW|ATR_LOW|ABOVE_MA20,7,1.4,55.34,2026-07-14 09:17:55
POSITIVE,POSITIVE|MOMENTUM|BUY NOW|RSI_MID_HIGH|RS_OK|VOL_OK|ATR_LOW|ABOVE_MA20,1507,316.9,55.33,2026-07-14 09:17:56
DOWNTREND,DOWNTREND|BOTTOM_WATCH|WATCHLIST|RSI_MID|RS_STRONG|VOL_OK|ATR_LOW|BELOW_MA20,7,1.4,55.32,2026-07-14 09:17:55
DOWNTREND,DOWNTREND|BOTTOM|SKIP|RSI_MID|RS_STRONG|VOL_LOW|ATR_OK|BELOW_MA20,7,1.4,55.32,2026-07-14 09:17:55
DOWNTREND,DOWNTREND|MOMENTUM_WATCH|SKIP|RSI_HIGH|RS_OK|VOL_LOW|ATR_LOW|ABOVE_MA20,7,1.4,55.32,2026-07-14 09:17:55
DOWNTREND,DOWNTREND|MOMENTUM|BUY NOW|RSI_MID_HIGH|RS_STRONG|VOL_STRONG|ATR_OK|FAR_MA20,7,1.4,55.32,2026-07-14 09:17:55
POSITIVE,POSITIVE|MOMENTUM_WATCH|WATCHLIST|RSI_HIGH|RS_STRONG|VOL_STRONG|ATR_LOW|ABOVE_MA20,7,1.4,55.32,2026-07-14 09:17:56
SIDEWAY,SIDEWAY|BOTTOM_WATCH|SKIP|RSI_WEAK|RS_STRONG|VOL_LOW|ATR_LOW|BELOW_MA20,7,1.4,55.32,2026-07-14 09:17:56
SIDEWAY,SIDEWAY|BOTTOM|WAIT|RSI_MID|RS_BAD|VOL_LOW|ATR_LOW|BELOW_MA20,7,1.4,55.32,2026-07-14 09:17:56
WEAK,WEAK|MOMENTUM_WATCH|WAIT|RSI_HIGH|RS_WEAK|VOL_LOW|ATR_LOW|ABOVE_MA20,7,1.4,55.32,2026-07-14 09:17:56
POSITIVE,POSITIVE|BOTTOM|BUY NOW|RSI_MID|RS_WEAK|VOL_OK|ATR_LOW|ABOVE_MA20,353,75.77,55.27,2026-07-14 09:17:55
SIDEWAY,SIDEWAY|MOMENTUM_WATCH|WATCHLIST|RSI_MID|RS_STRONG|VOL_LOW|ATR_LOW|ABOVE_MA20,60,13.3,55.26,2026-07-14 09:17:56
DOWNTREND,DOWNTREND|BOTTOM|SKIP|RSI_LOW|RS_STRONG|VOL_LOW|ATR_LOW|BELOW_MA20,146,30.66,55.24,2026-07-14 09:17:55
WEAK,WEAK|MOMENTUM|WAIT|RSI_MID|RS_STRONG|VOL_LOW|ATR_LOW|ABOVE_MA20,30,6.3,55.24,2026-07-14 09:17:56
SIDEWAY,SIDEWAY|MOMENTUM|WATCHLIST|RSI_HIGH|RS_OK|VOL_LOW|ATR_LOW|ABOVE_MA20,11,2.72,55.24,2026-07-14 09:17:56
DOWNTREND,DOWNTREND|MOMENTUM_WATCH|SKIP|RSI_MID_HIGH|RS_OK|VOL_LOW|ATR_LOW|BELOW_MA20,22,5.13,55.23,2026-07-14 09:17:55
WEAK,WEAK|MOMENTUM_WATCH|WATCHLIST|RSI_MID_HIGH|RS_STRONG|VOL_LOW|ATR_LOW|BELOW_MA20,22,4.82,55.23,2026-07-14 09:17:56
WEAK,WEAK|BOTTOM|SKIP|RSI_MID|RS_WEAK|VOL_LOW|ATR_OK|BELOW_MA20,23,4.67,55.23,2026-07-14 09:17:56
DOWNTREND,DOWNTREND|MOMENTUM_WATCH|SKIP|RSI_MID|RS_STRONG|VOL_LOW|ATR_LOW|ABOVE_MA20,37,7.63,55.21,2026-07-14 09:17:55
POSITIVE,POSITIVE|BOTTOM|BUY NOW|RSI_WEAK|RS_BAD|VOL_STRONG|ATR_LOW|BELOW_MA20,26,5.4,55.21,2026-07-14 09:17:55
SIDEWAY,SIDEWAY|MOMENTUM_WATCH|SKIP|RSI_MID|RS_OK|VOL_LOW|ATR_OK|ABOVE_MA20,4,1.09,55.21,2026-07-14 09:17:56
WEAK,WEAK|BOTTOM|BUY NOW|RSI_LOW|RS_STRONG|VOL_LOW|ATR_LOW|BELOW_MA20,167,37.0,55.18,2026-07-14 09:17:56
SIDEWAY,SIDEWAY|BOTTOM_WATCH|WAIT|RSI_HIGH|RS_OK|VOL_LOW|ATR_LOW|ABOVE_MA20,31,6.73,55.18,2026-07-14 09:17:56
WEAK,WEAK|MOMENTUM|BUY NOW|RSI_MID_HIGH|RS_OK|VOL_LOW|ATR_LOW|ABOVE_MA20,647,135.79,55.14,2026-07-14 09:17:56
POSITIVE,POSITIVE|MOMENTUM_WATCH|SKIP|RSI_MID|RS_OK|VOL_LOW|ATR_OK|ABOVE_MA20,4,1.07,55.13,2026-07-14 09:17:56
SIDEWAY,SIDEWAY|BOTTOM_WATCH|SKIP|RSI_LOW|RS_STRONG|VOL_LOW|ATR_LOW|ABOVE_MA20,5,1.07,55.13,2026-07-14 09:17:56
DOWNTREND,DOWNTREND|BOTTOM|BUY NOW|RSI_MID_HIGH|RS_WEAK|VOL_LOW|ATR_LOW|BELOW_MA20,9,1.8,55.1,2026-07-14 09:17:55
DOWNTREND,DOWNTREND|MOMENTUM_WATCH|SKIP|RSI_MID_HIGH|RS_STRONG|VOL_LOW|ATR_OK|ABOVE_MA20,9,1.8,55.1,2026-07-14 09:17:55
POSITIVE,POSITIVE|BOTTOM|BUY NOW|RSI_LOW|RS_STRONG|VOL_OK|ATR_LOW|BELOW_MA20,9,1.8,55.1,2026-07-14 09:17:55
DOWNTREND,DOWNTREND|MOMENTUM_WATCH|WATCHLIST|RSI_MID_HIGH|RS_OK|VOL_OK|ATR_LOW|ABOVE_MA20,65,14.0,55.08,2026-07-14 09:17:55
SIDEWAY,SIDEWAY|MOMENTUM|SKIP|RSI_MID|RS_OK|VOL_LOW|ATR_LOW|ABOVE_MA20,22,5.09,55.08,2026-07-14 09:17:56
SIDEWAY,SIDEWAY|BOTTOM|WAIT|RSI_MID|RS_WEAK|VOL_OK|ATR_LOW|ABOVE_MA20,282,63.06,55.07,2026-07-14 09:17:56
SIDEWAY,SIDEWAY|BOTTOM|BUY NOW|RSI_MID_HIGH|RS_STRONG|VOL_LOW|ATR_LOW|BELOW_MA20,6,1.44,55.07,2026-07-14 09:17:56
WEAK,WEAK|MOMENTUM|SKIP|RSI_MID_HIGH|RS_OK|VOL_LOW|ATR_OK|ABOVE_MA20,6,1.44,55.07,2026-07-14 09:17:56
DOWNTREND,DOWNTREND|MOMENTUM|BUY NOW|RSI_MID_HIGH|RS_STRONG|VOL_OK|ATR_LOW|ABOVE_MA20,504,104.8,55.03,2026-07-14 09:17:55
WEAK,WEAK|BOTTOM|BUY NOW|RSI_MID_HIGH|RS_WEAK|VOL_LOW|ATR_LOW|ABOVE_MA20,102,20.72,55.03,2026-07-14 09:17:56
DOWNTREND,DOWNTREND|BOTTOM|BUY NOW|RSI_MID_HIGH|RS_WEAK|VOL_OK|ATR_LOW|BELOW_MA20,7,1.45,55.03,2026-07-14 09:17:55
SIDEWAY,SIDEWAY|BOTTOM|BUY NOW|RSI_MID_HIGH|RS_WEAK|VOL_OK|ATR_LOW|ABOVE_MA20,124,26.02,55.02,2026-07-14 09:17:56
DOWNTREND,DOWNTREND|BOTTOM_WATCH|SKIP|RSI_MID|RS_OK|VOL_LOW|ATR_LOW|ABOVE_MA20,74,15.51,55.02,2026-07-14 09:17:55
SIDEWAY,SIDEWAY|MOMENTUM|SKIP|RSI_HIGH|RS_OK|VOL_OK|ATR_LOW|ABOVE_MA20,20,4.0,55.0,2026-07-14 09:17:56
SIDEWAY,SIDEWAY|MOMENTUM_WATCH|WAIT|RSI_HIGH|RS_OK|VOL_OK|ATR_LOW|ABOVE_MA20,126,26.03,54.99,2026-07-14 09:17:56
WEAK,WEAK|MOMENTUM|SKIP|RSI_MID|RS_STRONG|VOL_LOW|ATR_LOW|ABOVE_MA20,14,3.28,54.96,2026-07-14 09:17:56
POSITIVE,POSITIVE|BOTTOM|BUY NOW|RSI_MID_HIGH|RS_BAD|VOL_OK|ATR_LOW|ABOVE_MA20,22,4.43,54.95,2026-07-14 09:17:55
DOWNTREND,DOWNTREND|BOTTOM_WATCH|SKIP|RSI_MID|RS_STRONG|VOL_LOW|ATR_LOW|BELOW_MA20,73,15.62,54.94,2026-07-14 09:17:55
POSITIVE,POSITIVE|MOMENTUM|SKIP|RSI_MID|RS_OK|VOL_LOW|ATR_LOW|ABOVE_MA20,13,2.92,54.92,2026-07-14 09:17:56
DOWNTREND,DOWNTREND|MOMENTUM|BUY NOW|RSI_MID|RS_OK|VOL_STRONG|ATR_LOW|ABOVE_MA20,3,0.74,54.92,2026-07-14 09:17:55
POSITIVE,POSITIVE|BOTTOM|SKIP|RSI_LOW|RS_OK|VOL_LOW|ATR_LOW|BELOW_MA20,633,138.33,54.91,2026-07-14 09:17:55
SIDEWAY,SIDEWAY|BOTTOM_WATCH|WATCHLIST|RSI_MID|RS_OK|VOL_LOW|ATR_LOW|ABOVE_MA20,281,63.32,54.91,2026-07-14 09:17:56
DOWNTREND,DOWNTREND|BOTTOM|BUY NOW|RSI_LOW|RS_BAD|VOL_STRONG|ATR_LOW|BELOW_MA20,11,2.2,54.9,2026-07-14 09:17:55
POSITIVE,POSITIVE|MOMENTUM|WATCHLIST|RSI_HIGH|RS_OK|VOL_LOW|ATR_LOW|ABOVE_MA20,11,2.2,54.9,2026-07-14 09:17:56
WEAK,WEAK|WATCH|SKIP|RSI_MID_HIGH|RS_STRONG|VOL_LOW|ATR_LOW|ABOVE_MA20,38,8.33,54.88,2026-07-14 09:17:56
DOWNTREND,DOWNTREND|WATCH|SKIP|RSI_MID|RS_STRONG|VOL_LOW|ATR_LOW|BELOW_MA20,2,0.42,54.86,2026-07-14 09:17:55
POSITIVE,POSITIVE|BOTTOM_WATCH|WATCHLIST|RSI_MID_HIGH|RS_OK|VOL_OK|ATR_LOW|BELOW_MA20,2,0.42,54.86,2026-07-14 09:17:55
DOWNTREND,DOWNTREND|MOMENTUM_WATCH|WATCHLIST|RSI_MID_HIGH|RS_STRONG|VOL_LOW|ATR_OK|ABOVE_MA20,7,1.84,54.85,2026-07-14 09:17:55
POSITIVE,POSITIVE|MOMENTUM|WAIT|RSI_MID|RS_WEAK|VOL_OK|ATR_LOW|ABOVE_MA20,22,4.4,54.84,2026-07-14 09:17:56
DOWNTREND,DOWNTREND|BOTTOM_WATCH|WATCHLIST|RSI_MID_HIGH|RS_OK|VOL_LOW|ATR_LOW|BELOW_MA20,9,1.85,54.82,2026-07-14 09:17:55
WEAK,WEAK|MOMENTUM|WAIT|RSI_MID_HIGH|RS_OK|VOL_STRONG|ATR_LOW|ABOVE_MA20,258,54.89,54.8,2026-07-14 09:17:56
POSITIVE,POSITIVE|BOTTOM|WAIT|RSI_MID|RS_OK|VOL_STRONG|ATR_LOW|ABOVE_MA20,103,22.22,54.8,2026-07-14 09:17:56
SIDEWAY,SIDEWAY|MOMENTUM_WATCH|WATCHLIST|RSI_MID_HIGH|RS_OK|VOL_OK|ATR_LOW|BELOW_MA20,26,5.85,54.8,2026-07-14 09:17:56
SIDEWAY,SIDEWAY|MOMENTUM_WATCH|WATCHLIST|RSI_MID|RS_BAD|VOL_LOW|ATR_LOW|ABOVE_MA20,2,0.41,54.8,2026-07-14 09:17:56
POSITIVE,POSITIVE|BOTTOM_WATCH|WATCHLIST|RSI_MID_HIGH|RS_WEAK|VOL_OK|ATR_LOW|BELOW_MA20,28,5.71,54.79,2026-07-14 09:17:55
POSITIVE,POSITIVE|MOMENTUM_WATCH|SKIP|RSI_MID|RS_BAD|VOL_STRONG|ATR_LOW|ABOVE_MA20,2,0.4,54.79,2026-07-14 09:17:56
SIDEWAY,SIDEWAY|MOMENTUM_WATCH|SKIP|RSI_MID|RS_BAD|VOL_STRONG|ATR_LOW|ABOVE_MA20,2,0.4,54.79,2026-07-14 09:17:56
WEAK,WEAK|MOMENTUM_WATCH|WATCHLIST|RSI_MID|RS_BAD|VOL_STRONG|ATR_LOW|ABOVE_MA20,2,0.4,54.79,2026-07-14 09:17:56
SIDEWAY,SIDEWAY|MOMENTUM|WAIT|RSI_MID|RS_WEAK|VOL_STRONG|ATR_LOW|ABOVE_MA20,13,2.93,54.78,2026-07-14 09:17:56
SIDEWAY,SIDEWAY|BOTTOM|BUY NOW|RSI_MID|RS_BAD|VOL_STRONG|ATR_OK|BELOW_MA20,2,0.4,54.77,2026-07-14 09:17:56
POSITIVE,POSITIVE|BOTTOM_WATCH|WATCHLIST|RSI_MID|RS_OK|VOL_LOW|ATR_LOW|BELOW_MA20,126,27.04,54.76,2026-07-14 09:17:55
DOWNTREND,DOWNTREND|BOTTOM_WATCH|SKIP|RSI_WEAK|RS_OK|VOL_LOW|ATR_OK|BELOW_MA20,2,0.4,54.76,2026-07-14 09:17:55
DOWNTREND,DOWNTREND|BOTTOM_WATCH|SKIP|RSI_WEAK|RS_STRONG|VOL_LOW|ATR_OK|BELOW_MA20,2,0.4,54.76,2026-07-14 09:17:55
DOWNTREND,DOWNTREND|BOTTOM_WATCH|WATCHLIST|RSI_MID|RS_STRONG|VOL_STRONG|ATR_LOW|BELOW_MA20,2,0.4,54.76,2026-07-14 09:17:55
DOWNTREND,DOWNTREND|BOTTOM|BUY NOW|RSI_MID_HIGH|RS_OK|VOL_STRONG|ATR_LOW|ABOVE_MA20,2,0.4,54.76,2026-07-14 09:17:55
DOWNTREND,DOWNTREND|BOTTOM|BUY NOW|RSI_MID_HIGH|RS_STRONG|VOL_OK|ATR_OK|ABOVE_MA20,2,0.4,54.76,2026-07-14 09:17:55
DOWNTREND,DOWNTREND|BOTTOM|WAIT|RSI_MID_HIGH|RS_OK|VOL_OK|ATR_LOW|BELOW_MA20,2,0.4,54.76,2026-07-14 09:17:55
DOWNTREND,DOWNTREND|MOMENTUM_WATCH|WATCHLIST|RSI_MID_HIGH|RS_WEAK|VOL_LOW|ATR_LOW|ABOVE_MA20,2,0.4,54.76,2026-07-14 09:17:55
DOWNTREND,DOWNTREND|MOMENTUM|BUY NOW|RSI_MID|RS_OK|VOL_OK|ATR_LOW|ABOVE_MA20,2,0.4,54.76,2026-07-14 09:17:55
DOWNTREND,DOWNTREND|MOMENTUM|WAIT|RSI_HIGH|RS_STRONG|VOL_LOW|ATR_OK|ABOVE_MA20,2,0.4,54.76,2026-07-14 09:17:55
DOWNTREND,DOWNTREND|MOMENTUM|WAIT|RSI_MID_HIGH|RS_WEAK|VOL_OK|ATR_LOW|ABOVE_MA20,2,0.4,54.76,2026-07-14 09:17:55
DOWNTREND,DOWNTREND|WATCH|SKIP|RSI_HIGH|RS_STRONG|VOL_LOW|ATR_LOW|FAR_MA20,2,0.4,54.76,2026-07-14 09:17:55
DOWNTREND,DOWNTREND|WATCH|SKIP|RSI_MID|RS_OK|VOL_LOW|ATR_LOW|BELOW_MA20,2,0.4,54.76,2026-07-14 09:17:55
POSITIVE,POSITIVE|BOTTOM_WATCH|SKIP|RSI_LOW|RS_STRONG|VOL_LOW|ATR_LOW|BELOW_MA20,2,0.4,54.76,2026-07-14 09:17:55
POSITIVE,POSITIVE|BOTTOM_WATCH|SKIP|RSI_MID|RS_WEAK|VOL_LOW|ATR_HIGH|BELOW_MA20,2,0.4,54.76,2026-07-14 09:17:55
POSITIVE,POSITIVE|BOTTOM_WATCH|WATCHLIST|RSI_MID|RS_BAD|VOL_OK|ATR_OK|ABOVE_MA20,2,0.4,54.76,2026-07-14 09:17:55
POSITIVE,POSITIVE|BOTTOM_WATCH|WATCHLIST|RSI_MID|RS_BAD|VOL_OK|ATR_OK|BELOW_MA20,2,0.4,54.76,2026-07-14 09:17:55
POSITIVE,POSITIVE|BOTTOM|BUY NOW|RSI_MID_HIGH|RS_OK|VOL_LOW|ATR_OK|BELOW_MA20,2,0.4,54.76,2026-07-14 09:17:55
POSITIVE,POSITIVE|BOTTOM|BUY NOW|RSI_MID_HIGH|RS_OK|VOL_STRONG|ATR_OK|BELOW_MA20,2,0.4,54.76,2026-07-14 09:17:55
POSITIVE,POSITIVE|BOTTOM|BUY NOW|RSI_MID|RS_BAD|VOL_STRONG|ATR_OK|BELOW_MA20,2,0.4,54.76,2026-07-14 09:17:55
POSITIVE,POSITIVE|BOTTOM|BUY NOW|RSI_WEAK|RS_OK|VOL_LOW|ATR_LOW|ABOVE_MA20,2,0.4,54.76,2026-07-14 09:17:55
POSITIVE,POSITIVE|BOTTOM|SKIP|RSI_MID|RS_BAD|VOL_LOW|ATR_OK|ABOVE_MA20,2,0.4,54.76,2026-07-14 09:17:55
POSITIVE,POSITIVE|BOTTOM|SKIP|RSI_WEAK|RS_STRONG|VOL_LOW|ATR_LOW|BELOW_MA20,2,0.4,54.76,2026-07-14 09:17:55
POSITIVE,POSITIVE|MOMENTUM_WATCH|SKIP|RSI_LOW|RS_STRONG|VOL_LOW|ATR_LOW|ABOVE_MA20,2,0.4,54.76,2026-07-14 09:17:56
POSITIVE,POSITIVE|MOMENTUM_WATCH|WATCHLIST|RSI_MID_HIGH|RS_BAD|VOL_STRONG|ATR_LOW|ABOVE_MA20,2,0.4,54.76,2026-07-14 09:17:56
POSITIVE,POSITIVE|MOMENTUM_WATCH|WATCHLIST|RSI_MID_HIGH|RS_STRONG|VOL_STRONG|ATR_LOW|ABOVE_MA20,2,0.4,54.76,2026-07-14 09:17:56
POSITIVE,POSITIVE|MOMENTUM|BUY NOW|RSI_MID_HIGH|RS_WEAK|VOL_LOW|ATR_OK|ABOVE_MA20,2,0.4,54.76,2026-07-14 09:17:56
POSITIVE,POSITIVE|MOMENTUM|WAIT|RSI_MID|RS_BAD|VOL_OK|ATR_LOW|ABOVE_MA20,2,0.4,54.76,2026-07-14 09:17:56
POSITIVE,POSITIVE|MOMENTUM|WATCHLIST|RSI_HIGH|RS_STRONG|VOL_OK|ATR_OK|FAR_MA20,2,0.4,54.76,2026-07-14 09:17:56
SIDEWAY,SIDEWAY|BOTTOM_WATCH|SKIP|RSI_MID|RS_WEAK|VOL_LOW|ATR_HIGH|BELOW_MA20,2,0.4,54.76,2026-07-14 09:17:56
SIDEWAY,SIDEWAY|BOTTOM_WATCH|WAIT|RSI_HIGH|RS_STRONG|VOL_OK|ATR_LOW|ABOVE_MA20,2,0.4,54.76,2026-07-14 09:17:56
SIDEWAY,SIDEWAY|BOTTOM|BUY NOW|RSI_MID_HIGH|RS_OK|VOL_LOW|ATR_OK|BELOW_MA20,2,0.4,54.76,2026-07-14 09:17:56
SIDEWAY,SIDEWAY|BOTTOM|BUY NOW|RSI_WEAK|RS_OK|VOL_LOW|ATR_LOW|ABOVE_MA20,2,0.4,54.76,2026-07-14 09:17:56
SIDEWAY,SIDEWAY|BOTTOM|BUY NOW|RSI_WEAK|RS_STRONG|VOL_OK|ATR_LOW|BELOW_MA20,2,0.4,54.76,2026-07-14 09:17:56
SIDEWAY,SIDEWAY|BOTTOM|SKIP|RSI_MID|RS_BAD|VOL_LOW|ATR_OK|ABOVE_MA20,2,0.4,54.76,2026-07-14 09:17:56
SIDEWAY,SIDEWAY|BOTTOM|SKIP|RSI_MID|RS_OK|VOL_LOW|ATR_HIGH|BELOW_MA20,2,0.4,54.76,2026-07-14 09:17:56
SIDEWAY,SIDEWAY|BOTTOM|WAIT|RSI_LOW|RS_WEAK|VOL_STRONG|ATR_LOW|BELOW_MA20,2,0.4,54.76,2026-07-14 09:17:56
SIDEWAY,SIDEWAY|BOTTOM|WAIT|RSI_MID|RS_BAD|VOL_STRONG|ATR_LOW|BELOW_MA20,2,0.4,54.76,2026-07-14 09:17:56
SIDEWAY,SIDEWAY|MOMENTUM_WATCH|SKIP|RSI_HIGH|RS_OK|VOL_LOW|ATR_LOW|FAR_MA20,2,0.4,54.76,2026-07-14 09:17:56
SIDEWAY,SIDEWAY|MOMENTUM_WATCH|SKIP|RSI_LOW|RS_STRONG|VOL_LOW|ATR_LOW|ABOVE_MA20,2,0.4,54.76,2026-07-14 09:17:56
SIDEWAY,SIDEWAY|MOMENTUM_WATCH|SKIP|RSI_MID_HIGH|RS_WEAK|VOL_LOW|ATR_OK|ABOVE_MA20,2,0.4,54.76,2026-07-14 09:17:56
SIDEWAY,SIDEWAY|MOMENTUM_WATCH|WAIT|RSI_HIGH|RS_WEAK|VOL_STRONG|ATR_LOW|ABOVE_MA20,2,0.4,54.76,2026-07-14 09:17:56
SIDEWAY,SIDEWAY|MOMENTUM_WATCH|WATCHLIST|RSI_MID_HIGH|RS_BAD|VOL_OK|ATR_LOW|ABOVE_MA20,2,0.4,54.76,2026-07-14 09:17:56
SIDEWAY,SIDEWAY|MOMENTUM|WATCHLIST|RSI_HIGH|RS_STRONG|VOL_OK|ATR_OK|FAR_MA20,2,0.4,54.76,2026-07-14 09:17:56
WEAK,WEAK|BOTTOM_WATCH|SKIP|RSI_MID|RS_WEAK|VOL_LOW|ATR_HIGH|BELOW_MA20,2,0.4,54.76,2026-07-14 09:17:56
WEAK,WEAK|BOTTOM_WATCH|WAIT|RSI_HIGH|RS_WEAK|VOL_LOW|ATR_LOW|ABOVE_MA20,2,0.4,54.76,2026-07-14 09:17:56
WEAK,WEAK|BOTTOM|BUY NOW|RSI_WEAK|RS_BAD|VOL_STRONG|ATR_OK|BELOW_MA20,2,0.4,54.76,2026-07-14 09:17:56
WEAK,WEAK|BOTTOM|BUY NOW|RSI_WEAK|RS_OK|VOL_LOW|ATR_LOW|ABOVE_MA20,2,0.4,54.76,2026-07-14 09:17:56
WEAK,WEAK|BOTTOM|SKIP|RSI_MID_HIGH|RS_STRONG|VOL_LOW|ATR_LOW|BELOW_MA20,2,0.4,54.76,2026-07-14 09:17:56
WEAK,WEAK|BOTTOM|SKIP|RSI_MID|RS_OK|VOL_LOW|ATR_HIGH|BELOW_MA20,2,0.4,54.76,2026-07-14 09:17:56
WEAK,WEAK|BOTTOM|WAIT|RSI_HIGH|RS_WEAK|VOL_OK|ATR_LOW|ABOVE_MA20,2,0.4,54.76,2026-07-14 09:17:56
WEAK,WEAK|MOMENTUM_WATCH|SKIP|RSI_HIGH|RS_OK|VOL_LOW|ATR_LOW|FAR_MA20,2,0.4,54.76,2026-07-14 09:17:56
WEAK,WEAK|MOMENTUM_WATCH|SKIP|RSI_LOW|RS_STRONG|VOL_LOW|ATR_LOW|ABOVE_MA20,2,0.4,54.76,2026-07-14 09:17:56
WEAK,WEAK|MOMENTUM_WATCH|WATCHLIST|RSI_MID_HIGH|RS_BAD|VOL_OK|ATR_LOW|ABOVE_MA20,2,0.4,54.76,2026-07-14 09:17:56
WEAK,WEAK|MOMENTUM|BUY NOW|RSI_MID_HIGH|RS_WEAK|VOL_STRONG|ATR_OK|ABOVE_MA20,2,0.4,54.76,2026-07-14 09:17:56
WEAK,WEAK|MOMENTUM|WAIT|RSI_HIGH|RS_STRONG|VOL_LOW|ATR_OK|ABOVE_MA20,2,0.4,54.76,2026-07-14 09:17:56
WEAK,WEAK|MOMENTUM|WATCHLIST|RSI_HIGH|RS_STRONG|VOL_OK|ATR_OK|FAR_MA20,2,0.4,54.76,2026-07-14 09:17:56
WEAK,WEAK|WATCH|SKIP|RSI_HIGH|RS_STRONG|VOL_LOW|ATR_LOW|ABOVE_MA20,2,0.4,54.76,2026-07-14 09:17:56
POSITIVE,POSITIVE|BOTTOM|BUY NOW|RSI_MID|RS_WEAK|VOL_LOW|ATR_OK|BELOW_MA20,13,2.6,54.72,2026-07-14 09:17:55
SIDEWAY,SIDEWAY|BOTTOM|BUY NOW|RSI_MID|RS_WEAK|VOL_LOW|ATR_OK|BELOW_MA20,13,2.6,54.72,2026-07-14 09:17:56
WEAK,WEAK|BOTTOM|BUY NOW|RSI_MID|RS_WEAK|VOL_OK|ATR_LOW|BELOW_MA20,459,99.36,54.7,2026-07-14 09:17:56
WEAK,WEAK|BOTTOM|WAIT|RSI_HIGH|RS_STRONG|VOL_OK|ATR_LOW|ABOVE_MA20,5,1.27,54.69,2026-07-14 09:17:56
SIDEWAY,SIDEWAY|MOMENTUM_WATCH|WATCHLIST|RSI_MID_HIGH|RS_STRONG|VOL_OK|ATR_LOW|FAR_MA20,3,0.78,54.68,2026-07-14 09:17:56
WEAK,WEAK|MOMENTUM_WATCH|WATCHLIST|RSI_MID_HIGH|RS_STRONG|VOL_OK|ATR_LOW|FAR_MA20,3,0.78,54.68,2026-07-14 09:17:56
WEAK,WEAK|BOTTOM_WATCH|SKIP|RSI_LOW|RS_WEAK|VOL_LOW|ATR_LOW|ABOVE_MA20,4,0.82,54.65,2026-07-14 09:17:56
POSITIVE,POSITIVE|MOMENTUM_WATCH|WATCHLIST|RSI_MID|RS_BAD|VOL_LOW|ATR_LOW|ABOVE_MA20,2,0.43,54.65,2026-07-14 09:17:56
WEAK,WEAK|BOTTOM|BUY NOW|RSI_MID|RS_OK|VOL_STRONG|ATR_LOW|ABOVE_MA20,216,46.29,54.64,2026-07-14 09:17:56
SIDEWAY,SIDEWAY|BOTTOM_WATCH|WATCHLIST|RSI_MID|RS_WEAK|VOL_STRONG|ATR_LOW|ABOVE_MA20,27,5.66,54.62,2026-07-14 09:17:56
POSITIVE,POSITIVE|BOTTOM|BUY NOW|RSI_LOW|RS_OK|VOL_OK|ATR_LOW|BELOW_MA20,198,42.58,54.61,2026-07-14 09:17:55
WEAK,WEAK|BOTTOM_WATCH|SKIP|RSI_MID|RS_STRONG|VOL_LOW|ATR_LOW|ABOVE_MA20,203,44.62,54.6,2026-07-14 09:17:56
POSITIVE,POSITIVE|BOTTOM_WATCH|WATCHLIST|RSI_MID_HIGH|RS_WEAK|VOL_LOW|ATR_LOW|BELOW_MA20,73,16.25,54.59,2026-07-14 09:17:55
SIDEWAY,SIDEWAY|MOMENTUM|BUY NOW|RSI_MID|RS_STRONG|VOL_STRONG|ATR_LOW|ABOVE_MA20,11,2.26,54.59,2026-07-14 09:17:56
POSITIVE,POSITIVE|BOTTOM|BUY NOW|RSI_MID_HIGH|RS_STRONG|VOL_LOW|ATR_OK|ABOVE_MA20,8,1.89,54.59,2026-07-14 09:17:55
SIDEWAY,SIDEWAY|BOTTOM|BUY NOW|RSI_MID_HIGH|RS_WEAK|VOL_LOW|ATR_LOW|ABOVE_MA20,138,28.51,54.58,2026-07-14 09:17:56
POSITIVE,POSITIVE|MOMENTUM|WATCHLIST|RSI_HIGH|RS_WEAK|VOL_STRONG|ATR_LOW|ABOVE_MA20,2,0.43,54.58,2026-07-14 09:17:56
DOWNTREND,DOWNTREND|BOTTOM|BUY NOW|RSI_MID_HIGH|RS_WEAK|VOL_LOW|ATR_LOW|ABOVE_MA20,13,2.63,54.56,2026-07-14 09:17:55
WEAK,WEAK|BOTTOM|SKIP|RSI_MID|RS_BAD|VOL_STRONG|ATR_OK|BELOW_MA20,2,0.43,54.56,2026-07-14 09:17:56
DOWNTREND,DOWNTREND|BOTTOM_WATCH|WATCHLIST|RSI_MID|RS_STRONG|VOL_LOW|ATR_OK|BELOW_MA20,4,0.8,54.55,2026-07-14 09:17:55
POSITIVE,POSITIVE|BOTTOM_WATCH|SKIP|RSI_MID_HIGH|RS_STRONG|VOL_LOW|ATR_OK|ABOVE_MA20,4,0.8,54.55,2026-07-14 09:17:55
POSITIVE,POSITIVE|MOMENTUM_WATCH|SKIP|RSI_MID_HIGH|RS_WEAK|VOL_LOW|ATR_OK|ABOVE_MA20,4,0.8,54.55,2026-07-14 09:17:56
SIDEWAY,SIDEWAY|BOTTOM_WATCH|SKIP|RSI_MID_HIGH|RS_STRONG|VOL_LOW|ATR_OK|ABOVE_MA20,4,0.8,54.55,2026-07-14 09:17:56
SIDEWAY,SIDEWAY|BOTTOM|WAIT|RSI_MID_HIGH|RS_OK|VOL_LOW|ATR_LOW|BELOW_MA20,4,0.8,54.55,2026-07-14 09:17:56
WEAK,WEAK|BOTTOM|SKIP|RSI_MID_HIGH|RS_BAD|VOL_LOW|ATR_LOW|ABOVE_MA20,4,0.8,54.55,2026-07-14 09:17:56
WEAK,WEAK|BOTTOM|SKIP|RSI_WEAK|RS_OK|VOL_LOW|ATR_OK|BELOW_MA20,4,0.8,54.55,2026-07-14 09:17:56
WEAK,WEAK|MOMENTUM_WATCH|WATCHLIST|RSI_MID_HIGH|RS_WEAK|VOL_STRONG|ATR_LOW|BELOW_MA20,4,0.8,54.55,2026-07-14 09:17:56
WEAK,WEAK|MOMENTUM|WAIT|RSI_MID|RS_WEAK|VOL_STRONG|ATR_LOW|ABOVE_MA20,4,0.8,54.55,2026-07-14 09:17:56
SIDEWAY,SIDEWAY|BOTTOM|BUY NOW|RSI_MID|RS_STRONG|VOL_LOW|ATR_LOW|BELOW_MA20,35,7.56,54.54,2026-07-14 09:17:56
SIDEWAY,SIDEWAY|BOTTOM|SKIP|RSI_WEAK|RS_BAD|VOL_LOW|ATR_LOW|BELOW_MA20,141,31.29,54.51,2026-07-14 09:17:56
DOWNTREND,DOWNTREND|MOMENTUM|WAIT|RSI_HIGH|RS_OK|VOL_OK|ATR_LOW|ABOVE_MA20,6,1.23,54.5,2026-07-14 09:17:55
WEAK,WEAK|BOTTOM|WAIT|RSI_MID_HIGH|RS_WEAK|VOL_OK|ATR_LOW|BELOW_MA20,2,0.44,54.49,2026-07-14 09:17:56
SIDEWAY,SIDEWAY|BOTTOM|SKIP|RSI_LOW|RS_WEAK|VOL_LOW|ATR_LOW|ABOVE_MA20,113,24.51,54.46,2026-07-14 09:17:56
WEAK,WEAK|MOMENTUM|BUY NOW|RSI_MID_HIGH|RS_OK|VOL_OK|ATR_LOW|ABOVE_MA20,1253,264.11,54.43,2026-07-14 09:17:56
POSITIVE,POSITIVE|BOTTOM_WATCH|WATCHLIST|RSI_MID|RS_WEAK|VOL_STRONG|ATR_LOW|ABOVE_MA20,44,9.44,54.42,2026-07-14 09:17:55
WEAK,WEAK|BOTTOM|BUY NOW|RSI_MID|RS_OK|VOL_OK|ATR_LOW|BELOW_MA20,675,145.97,54.38,2026-07-14 09:17:56
DOWNTREND,DOWNTREND|BOTTOM|BUY NOW|RSI_MID|RS_OK|VOL_OK|ATR_OK|BELOW_MA20,4,0.83,54.37,2026-07-14 09:17:55
SIDEWAY,SIDEWAY|BOTTOM_WATCH|SKIP|RSI_MID|RS_OK|VOL_LOW|ATR_LOW|ABOVE_MA20,371,84.4,54.36,2026-07-14 09:17:56
POSITIVE,POSITIVE|BOTTOM|SKIP|RSI_MID|RS_BAD|VOL_STRONG|ATR_OK|BELOW_MA20,4,0.83,54.36,2026-07-14 09:17:55
DOWNTREND,DOWNTREND|BOTTOM_WATCH|WAIT|RSI_HIGH|RS_OK|VOL_LOW|ATR_LOW|ABOVE_MA20,6,1.2,54.35,2026-07-14 09:17:55
DOWNTREND,DOWNTREND|BOTTOM|BUY NOW|RSI_MID_HIGH|RS_WEAK|VOL_OK|ATR_LOW|ABOVE_MA20,6,1.2,54.35,2026-07-14 09:17:55
POSITIVE,POSITIVE|BOTTOM|BUY NOW|RSI_MID|RS_BAD|VOL_STRONG|ATR_LOW|ABOVE_MA20,6,1.2,54.35,2026-07-14 09:17:55
POSITIVE,POSITIVE|BOTTOM|SKIP|RSI_WEAK|RS_WEAK|VOL_LOW|ATR_OK|BELOW_MA20,6,1.2,54.35,2026-07-14 09:17:55
POSITIVE,POSITIVE|WATCH|SKIP|RSI_HIGH|RS_STRONG|VOL_LOW|ATR_LOW|FAR_MA20,6,1.2,54.35,2026-07-14 09:17:56
SIDEWAY,SIDEWAY|BOTTOM|SKIP|RSI_MID_HIGH|RS_BAD|VOL_LOW|ATR_LOW|ABOVE_MA20,6,1.2,54.35,2026-07-14 09:17:56
SIDEWAY,SIDEWAY|MOMENTUM|WAIT|RSI_HIGH|RS_WEAK|VOL_OK|ATR_LOW|ABOVE_MA20,6,1.2,54.35,2026-07-14 09:17:56
WEAK,WEAK|BOTTOM|WAIT|RSI_HIGH|RS_STRONG|VOL_LOW|ATR_LOW|ABOVE_MA20,6,1.2,54.35,2026-07-14 09:17:56
WEAK,WEAK|WATCH|SKIP|RSI_HIGH|RS_STRONG|VOL_LOW|ATR_LOW|FAR_MA20,6,1.2,54.35,2026-07-14 09:17:56
DOWNTREND,DOWNTREND|BOTTOM|BUY NOW|RSI_LOW|RS_STRONG|VOL_OK|ATR_LOW|BELOW_MA20,41,9.67,54.34,2026-07-14 09:17:55
DOWNTREND,DOWNTREND|BOTTOM|BUY NOW|RSI_LOW|RS_STRONG|VOL_STRONG|ATR_LOW|BELOW_MA20,13,2.67,54.34,2026-07-14 09:17:55
POSITIVE,POSITIVE|BOTTOM|BUY NOW|RSI_MID|RS_WEAK|VOL_OK|ATR_LOW|BELOW_MA20,690,148.45,54.33,2026-07-14 09:17:55
WEAK,WEAK|BOTTOM|BUY NOW|RSI_MID_HIGH|RS_STRONG|VOL_LOW|ATR_OK|ABOVE_MA20,9,2.31,54.29,2026-07-14 09:17:56
POSITIVE,POSITIVE|BOTTOM_WATCH|WAIT|RSI_HIGH|RS_WEAK|VOL_LOW|ATR_LOW|ABOVE_MA20,19,3.8,54.24,2026-07-14 09:17:55
POSITIVE,POSITIVE|MOMENTUM_WATCH|WAIT|RSI_HIGH|RS_OK|VOL_OK|ATR_LOW|ABOVE_MA20,160,32.56,54.23,2026-07-14 09:17:56
DOWNTREND,DOWNTREND|MOMENTUM_WATCH|WATCHLIST|RSI_MID_HIGH|RS_STRONG|VOL_LOW|ATR_LOW|BELOW_MA20,7,1.75,54.21,2026-07-14 09:17:55
POSITIVE,POSITIVE|BOTTOM|BUY NOW|RSI_MID_HIGH|RS_BAD|VOL_LOW|ATR_LOW|BELOW_MA20,6,1.59,54.21,2026-07-14 09:17:55
SIDEWAY,SIDEWAY|BOTTOM|SKIP|RSI_MID|RS_STRONG|VOL_LOW|ATR_LOW|ABOVE_MA20,63,13.53,54.2,2026-07-14 09:17:56
POSITIVE,POSITIVE|BOTTOM_WATCH|SKIP|RSI_WEAK|RS_BAD|VOL_LOW|ATR_LOW|BELOW_MA20,1854,427.72,54.19,2026-07-14 09:17:55
POSITIVE,POSITIVE|BOTTOM|BUY NOW|RSI_LOW|RS_OK|VOL_LOW|ATR_LOW|BELOW_MA20,343,73.71,54.19,2026-07-14 09:17:55
SIDEWAY,SIDEWAY|BOTTOM|BUY NOW|RSI_WEAK|RS_BAD|VOL_OK|ATR_LOW|BELOW_MA20,81,17.9,54.19,2026-07-14 09:17:56
POSITIVE,POSITIVE|BOTTOM_WATCH|WATCHLIST|RSI_MID|RS_OK|VOL_LOW|ATR_LOW|ABOVE_MA20,210,44.84,54.18,2026-07-14 09:17:55
SIDEWAY,SIDEWAY|BOTTOM_WATCH|WATCHLIST|RSI_MID_HIGH|RS_STRONG|VOL_LOW|ATR_LOW|ABOVE_MA20,5,1.23,54.18,2026-07-14 09:17:56
WEAK,WEAK|MOMENTUM|BUY NOW|RSI_MID_HIGH|RS_OK|VOL_STRONG|ATR_OK|ABOVE_MA20,5,1.23,54.18,2026-07-14 09:17:56
POSITIVE,POSITIVE|BOTTOM|WAIT|RSI_HIGH|RS_WEAK|VOL_STRONG|ATR_LOW|ABOVE_MA20,8,1.6,54.17,2026-07-14 09:17:55
POSITIVE,POSITIVE|MOMENTUM|WAIT|RSI_MID|RS_STRONG|VOL_LOW|ATR_LOW|ABOVE_MA20,8,1.6,54.17,2026-07-14 09:17:56
SIDEWAY,SIDEWAY|MOMENTUM_WATCH|WATCHLIST|RSI_MID_HIGH|RS_WEAK|VOL_STRONG|ATR_LOW|BELOW_MA20,8,1.6,54.17,2026-07-14 09:17:56
SIDEWAY,SIDEWAY|BOTTOM_WATCH|SKIP|RSI_MID|RS_OK|VOL_LOW|ATR_LOW|BELOW_MA20,592,133.16,54.16,2026-07-14 09:17:56
POSITIVE,POSITIVE|BOTTOM|BUY NOW|RSI_LOW|RS_WEAK|VOL_LOW|ATR_LOW|ABOVE_MA20,181,37.78,54.16,2026-07-14 09:17:55
POSITIVE,POSITIVE|BOTTOM_WATCH|WAIT|RSI_HIGH|RS_OK|VOL_LOW|ATR_LOW|ABOVE_MA20,25,5.53,54.16,2026-07-14 09:17:55
SIDEWAY,SIDEWAY|BOTTOM_WATCH|WATCHLIST|RSI_LOW|RS_OK|VOL_STRONG|ATR_LOW|BELOW_MA20,10,2.03,54.14,2026-07-14 09:17:56
POSITIVE,POSITIVE|BOTTOM|WAIT|RSI_MID_HIGH|RS_WEAK|VOL_OK|ATR_LOW|ABOVE_MA20,215,46.05,54.13,2026-07-14 09:17:55
POSITIVE,POSITIVE|BOTTOM|BUY NOW|RSI_MID|RS_BAD|VOL_LOW|ATR_LOW|ABOVE_MA20,21,4.2,54.1,2026-07-14 09:17:55
SIDEWAY,SIDEWAY|MOMENTUM|SKIP|RSI_MID_HIGH|RS_OK|VOL_LOW|ATR_OK|ABOVE_MA20,5,1.24,54.1,2026-07-14 09:17:56
SIDEWAY,SIDEWAY|BOTTOM_WATCH|SKIP|RSI_MID|RS_WEAK|VOL_LOW|ATR_LOW|ABOVE_MA20,245,54.54,54.09,2026-07-14 09:17:56
DOWNTREND,DOWNTREND|MOMENTUM|WAIT|RSI_MID_HIGH|RS_OK|VOL_STRONG|ATR_LOW|ABOVE_MA20,38,7.9,54.09,2026-07-14 09:17:55
DOWNTREND,DOWNTREND|BOTTOM|WAIT|RSI_WEAK|RS_OK|VOL_LOW|ATR_LOW|BELOW_MA20,9,1.98,54.08,2026-07-14 09:17:55
DOWNTREND,DOWNTREND|BOTTOM_WATCH|WAIT|RSI_HIGH|RS_STRONG|VOL_OK|ATR_LOW|ABOVE_MA20,2,0.51,54.08,2026-07-14 09:17:55
SIDEWAY,SIDEWAY|MOMENTUM|BUY NOW|RSI_MID_HIGH|RS_WEAK|VOL_OK|ATR_LOW|ABOVE_MA20,203,41.82,54.06,2026-07-14 09:17:56
POSITIVE,POSITIVE|BOTTOM|SKIP|RSI_MID|RS_STRONG|VOL_LOW|ATR_LOW|ABOVE_MA20,43,9.6,54.03,2026-07-14 09:17:55
POSITIVE,POSITIVE|BOTTOM|SKIP|RSI_MID_HIGH|RS_BAD|VOL_LOW|ATR_LOW|ABOVE_MA20,10,2.0,54.0,2026-07-14 09:17:55
DOWNTREND,DOWNTREND|BOTTOM_WATCH|WATCHLIST|RSI_MID|RS_STRONG|VOL_OK|ATR_LOW|ABOVE_MA20,19,3.85,53.99,2026-07-14 09:17:55
WEAK,WEAK|BOTTOM|SKIP|RSI_MID_HIGH|RS_STRONG|VOL_LOW|ATR_OK|ABOVE_MA20,3,0.89,53.98,2026-07-14 09:17:56
POSITIVE,POSITIVE|MOMENTUM|BUY NOW|RSI_MID_HIGH|RS_BAD|VOL_LOW|ATR_LOW|ABOVE_MA20,10,2.0,53.97,2026-07-14 09:17:56
DOWNTREND,DOWNTREND|BOTTOM_WATCH|SKIP|RSI_MID|RS_STRONG|VOL_LOW|ATR_OK|BELOW_MA20,7,1.64,53.97,2026-07-14 09:17:55
WEAK,WEAK|MOMENTUM|BUY NOW|RSI_MID_HIGH|RS_OK|VOL_LOW|ATR_OK|ABOVE_MA20,7,1.64,53.97,2026-07-14 09:17:56
POSITIVE,POSITIVE|BOTTOM|WAIT|RSI_MID_HIGH|RS_WEAK|VOL_LOW|ATR_LOW|BELOW_MA20,8,1.99,53.96,2026-07-14 09:17:55
SIDEWAY,SIDEWAY|BOTTOM|WAIT|RSI_HIGH|RS_OK|VOL_LOW|ATR_LOW|ABOVE_MA20,17,3.87,53.91,2026-07-14 09:17:56
SIDEWAY,SIDEWAY|BOTTOM|WAIT|RSI_MID|RS_OK|VOL_STRONG|ATR_LOW|ABOVE_MA20,184,40.2,53.87,2026-07-14 09:17:56
POSITIVE,POSITIVE|MOMENTUM|BUY NOW|RSI_MID|RS_STRONG|VOL_OK|ATR_LOW|ABOVE_MA20,8,1.65,53.86,2026-07-14 09:17:56
WEAK,WEAK|MOMENTUM_WATCH|WATCHLIST|RSI_HIGH|RS_OK|VOL_LOW|ATR_LOW|ABOVE_MA20,12,2.4,53.85,2026-07-14 09:17:56
WEAK,WEAK|MOMENTUM_WATCH|WATCHLIST|RSI_MID_HIGH|RS_OK|VOL_OK|ATR_LOW|BELOW_MA20,33,6.86,53.83,2026-07-14 09:17:56
POSITIVE,POSITIVE|WATCH|WAIT|RSI_HIGH|RS_STRONG|VOL_LOW|ATR_LOW|FAR_MA20,2,0.55,53.8,2026-07-14 09:17:56
SIDEWAY,SIDEWAY|WATCH|WAIT|RSI_HIGH|RS_STRONG|VOL_LOW|ATR_LOW|FAR_MA20,2,0.55,53.8,2026-07-14 09:17:56
WEAK,WEAK|WATCH|WAIT|RSI_HIGH|RS_STRONG|VOL_LOW|ATR_LOW|FAR_MA20,2,0.55,53.8,2026-07-14 09:17:56
WEAK,WEAK|BOTTOM_WATCH|WATCHLIST|RSI_MID_HIGH|RS_WEAK|VOL_LOW|ATR_LOW|BELOW_MA20,24,5.18,53.79,2026-07-14 09:17:56
SIDEWAY,SIDEWAY|BOTTOM|BUY NOW|RSI_LOW|RS_OK|VOL_STRONG|ATR_LOW|BELOW_MA20,116,24.26,53.78,2026-07-14 09:17:56
WEAK,WEAK|BOTTOM|WAIT|RSI_MID_HIGH|RS_OK|VOL_OK|ATR_LOW|ABOVE_MA20,130,26.88,53.77,2026-07-14 09:17:56
SIDEWAY,SIDEWAY|MOMENTUM_WATCH|WATCHLIST|RSI_MID|RS_OK|VOL_STRONG|ATR_LOW|ABOVE_MA20,115,24.18,53.77,2026-07-14 09:17:56
POSITIVE,POSITIVE|BOTTOM_WATCH|WATCHLIST|RSI_WEAK|RS_OK|VOL_STRONG|ATR_LOW|BELOW_MA20,2,0.56,53.76,2026-07-14 09:17:55
DOWNTREND,DOWNTREND|BOTTOM|BUY NOW|RSI_MID|RS_OK|VOL_LOW|ATR_LOW|ABOVE_MA20,94,19.69,53.75,2026-07-14 09:17:55
POSITIVE,POSITIVE|BOTTOM_WATCH|SKIP|RSI_WEAK|RS_OK|VOL_LOW|ATR_LOW|BELOW_MA20,80,18.08,53.75,2026-07-14 09:17:55
POSITIVE,POSITIVE|BOTTOM_WATCH|SKIP|RSI_MID|RS_OK|VOL_LOW|ATR_LOW|ABOVE_MA20,276,62.77,53.74,2026-07-14 09:17:55
WEAK,WEAK|BOTTOM|BUY NOW|RSI_MID|RS_WEAK|VOL_LOW|ATR_LOW|ABOVE_MA20,202,42.11,53.74,2026-07-14 09:17:56
SIDEWAY,SIDEWAY|MOMENTUM_WATCH|WATCHLIST|RSI_MID_HIGH|RS_OK|VOL_STRONG|ATR_LOW|ABOVE_MA20,75,16.25,53.71,2026-07-14 09:17:56
WEAK,WEAK|BOTTOM_WATCH|SKIP|RSI_LOW|RS_STRONG|VOL_LOW|ATR_LOW|BELOW_MA20,41,8.83,53.71,2026-07-14 09:17:56
DOWNTREND,DOWNTREND|BOTTOM|SKIP|RSI_MID_HIGH|RS_OK|VOL_LOW|ATR_LOW|BELOW_MA20,13,2.8,53.69,2026-07-14 09:17:55
POSITIVE,POSITIVE|BOTTOM|WAIT|RSI_MID|RS_WEAK|VOL_OK|ATR_LOW|ABOVE_MA20,380,82.69,53.66,2026-07-14 09:17:56
DOWNTREND,DOWNTREND|BOTTOM_WATCH|SKIP|RSI_MID|RS_STRONG|VOL_LOW|ATR_OK|ABOVE_MA20,1,0.2,53.66,2026-07-14 09:17:55
DOWNTREND,DOWNTREND|BOTTOM_WATCH|SKIP|RSI_WEAK|RS_WEAK|VOL_LOW|ATR_OK|BELOW_MA20,1,0.2,53.66,2026-07-14 09:17:55
DOWNTREND,DOWNTREND|BOTTOM_WATCH|WATCHLIST|RSI_MID|RS_STRONG|VOL_LOW|ATR_OK|ABOVE_MA20,1,0.2,53.66,2026-07-14 09:17:55
DOWNTREND,DOWNTREND|BOTTOM|BUY NOW|RSI_MID_HIGH|RS_BAD|VOL_OK|ATR_LOW|BELOW_MA20,1,0.2,53.66,2026-07-14 09:17:55
DOWNTREND,DOWNTREND|BOTTOM|BUY NOW|RSI_WEAK|RS_STRONG|VOL_LOW|ATR_OK|BELOW_MA20,1,0.2,53.66,2026-07-14 09:17:55
DOWNTREND,DOWNTREND|BOTTOM|SKIP|RSI_MID_HIGH|RS_STRONG|VOL_LOW|ATR_OK|ABOVE_MA20,1,0.2,53.66,2026-07-14 09:17:55
DOWNTREND,DOWNTREND|BOTTOM|SKIP|RSI_MID_HIGH|RS_STRONG|VOL_LOW|ATR_OK|BELOW_MA20,1,0.2,53.66,2026-07-14 09:17:55
DOWNTREND,DOWNTREND|BOTTOM|WAIT|RSI_LOW|RS_WEAK|VOL_STRONG|ATR_LOW|BELOW_MA20,1,0.2,53.66,2026-07-14 09:17:55
DOWNTREND,DOWNTREND|MOMENTUM_WATCH|SKIP|RSI_MID_HIGH|RS_WEAK|VOL_LOW|ATR_LOW|BELOW_MA20,1,0.2,53.66,2026-07-14 09:17:55
DOWNTREND,DOWNTREND|MOMENTUM_WATCH|WATCHLIST|RSI_HIGH|RS_OK|VOL_OK|ATR_LOW|ABOVE_MA20,1,0.2,53.66,2026-07-14 09:17:55
DOWNTREND,DOWNTREND|MOMENTUM_WATCH|WATCHLIST|RSI_MID_HIGH|RS_STRONG|VOL_OK|ATR_OK|FAR_MA20,1,0.2,53.66,2026-07-14 09:17:55
DOWNTREND,DOWNTREND|MOMENTUM|WAIT|RSI_HIGH|RS_OK|VOL_STRONG|ATR_OK|ABOVE_MA20,1,0.2,53.66,2026-07-14 09:17:55
DOWNTREND,DOWNTREND|MOMENTUM|WATCHLIST|RSI_HIGH|RS_OK|VOL_OK|ATR_LOW|ABOVE_MA20,1,0.2,53.66,2026-07-14 09:17:55
DOWNTREND,DOWNTREND|WATCH|SKIP|RSI_MID|RS_OK|VOL_STRONG|ATR_LOW|BELOW_MA20,1,0.2,53.66,2026-07-14 09:17:55
POSITIVE,POSITIVE|BOTTOM_WATCH|SKIP|RSI_MID_HIGH|RS_BAD|VOL_OK|ATR_LOW|ABOVE_MA20,1,0.2,53.66,2026-07-14 09:17:55
POSITIVE,POSITIVE|BOTTOM_WATCH|WAIT|RSI_HIGH|RS_STRONG|VOL_STRONG|ATR_LOW|ABOVE_MA20,1,0.2,53.66,2026-07-14 09:17:55
POSITIVE,POSITIVE|BOTTOM_WATCH|WAIT|RSI_HIGH|RS_WEAK|VOL_STRONG|ATR_LOW|ABOVE_MA20,1,0.2,53.66,2026-07-14 09:17:55
POSITIVE,POSITIVE|BOTTOM_WATCH|WATCHLIST|RSI_HIGH|RS_WEAK|VOL_OK|ATR_LOW|ABOVE_MA20,1,0.2,53.66,2026-07-14 09:17:55
POSITIVE,POSITIVE|BOTTOM_WATCH|WATCHLIST|RSI_MID_HIGH|RS_STRONG|VOL_LOW|ATR_HIGH|BELOW_MA20,1,0.2,53.66,2026-07-14 09:17:55
POSITIVE,POSITIVE|BOTTOM_WATCH|WATCHLIST|RSI_MID|RS_STRONG|VOL_LOW|ATR_OK|ABOVE_MA20,1,0.2,53.66,2026-07-14 09:17:55
POSITIVE,POSITIVE|BOTTOM_WATCH|WATCHLIST|RSI_WEAK|RS_WEAK|VOL_LOW|ATR_HIGH|BELOW_MA20,1,0.2,53.66,2026-07-14 09:17:55
POSITIVE,POSITIVE|BOTTOM|BUY NOW|RSI_LOW|RS_STRONG|VOL_OK|ATR_HIGH|BELOW_MA20,1,0.2,53.66,2026-07-14 09:17:55
POSITIVE,POSITIVE|BOTTOM|BUY NOW|RSI_LOW|RS_WEAK|VOL_LOW|ATR_HIGH|BELOW_MA20,1,0.2,53.66,2026-07-14 09:17:55
POSITIVE,POSITIVE|BOTTOM|BUY NOW|RSI_LOW|RS_WEAK|VOL_LOW|ATR_OK|ABOVE_MA20,1,0.2,53.66,2026-07-14 09:17:55
POSITIVE,POSITIVE|BOTTOM|BUY NOW|RSI_MID_HIGH|RS_OK|VOL_OK|ATR_OK|ABOVE_MA20,1,0.2,53.66,2026-07-14 09:17:55
POSITIVE,POSITIVE|BOTTOM|BUY NOW|RSI_MID_HIGH|RS_WEAK|VOL_LOW|ATR_OK|BELOW_MA20,1,0.2,53.66,2026-07-14 09:17:55
POSITIVE,POSITIVE|BOTTOM|BUY NOW|RSI_WEAK|RS_OK|VOL_LOW|ATR_OK|BELOW_MA20,1,0.2,53.66,2026-07-14 09:17:55
POSITIVE,POSITIVE|BOTTOM|SKIP|RSI_LOW|RS_BAD|VOL_STRONG|ATR_HIGH|BELOW_MA20,1,0.2,53.66,2026-07-14 09:17:55
POSITIVE,POSITIVE|BOTTOM|SKIP|RSI_MID_HIGH|RS_BAD|VOL_STRONG|ATR_LOW|BELOW_MA20,1,0.2,53.66,2026-07-14 09:17:55
POSITIVE,POSITIVE|BOTTOM|SKIP|RSI_MID_HIGH|RS_STRONG|VOL_LOW|ATR_LOW|BELOW_MA20,1,0.2,53.66,2026-07-14 09:17:55
POSITIVE,POSITIVE|BOTTOM|SKIP|RSI_MID_HIGH|RS_STRONG|VOL_LOW|ATR_OK|BELOW_MA20,1,0.2,53.66,2026-07-14 09:17:55
POSITIVE,POSITIVE|BOTTOM|SKIP|RSI_MID|RS_BAD|VOL_STRONG|ATR_OK|ABOVE_MA20,1,0.2,53.66,2026-07-14 09:17:55
POSITIVE,POSITIVE|BOTTOM|SKIP|RSI_MID|RS_WEAK|VOL_LOW|ATR_HIGH|BELOW_MA20,1,0.2,53.66,2026-07-14 09:17:55
POSITIVE,POSITIVE|BOTTOM|WAIT|RSI_LOW|RS_BAD|VOL_LOW|ATR_HIGH|BELOW_MA20,1,0.2,53.66,2026-07-14 09:17:55
POSITIVE,POSITIVE|BOTTOM|WATCHLIST|RSI_HIGH|RS_OK|VOL_LOW|ATR_LOW|ABOVE_MA20,1,0.2,53.66,2026-07-14 09:17:56
POSITIVE,POSITIVE|MOMENTUM_WATCH|WAIT|RSI_HIGH|RS_OK|VOL_STRONG|ATR_LOW|FAR_MA20,1,0.2,53.66,2026-07-14 09:17:56
POSITIVE,POSITIVE|MOMENTUM_WATCH|WAIT|RSI_HIGH|RS_OK|VOL_STRONG|ATR_OK|ABOVE_MA20,1,0.2,53.66,2026-07-14 09:17:56
POSITIVE,POSITIVE|MOMENTUM_WATCH|WAIT|RSI_HIGH|RS_WEAK|VOL_OK|ATR_OK|ABOVE_MA20,1,0.2,53.66,2026-07-14 09:17:56
POSITIVE,POSITIVE|MOMENTUM_WATCH|WATCHLIST|RSI_MID_HIGH|RS_OK|VOL_OK|ATR_OK|ABOVE_MA20,1,0.2,53.66,2026-07-14 09:17:56
POSITIVE,POSITIVE|MOMENTUM_WATCH|WATCHLIST|RSI_MID_HIGH|RS_STRONG|VOL_OK|ATR_LOW|BELOW_MA20,1,0.2,53.66,2026-07-14 09:17:56
POSITIVE,POSITIVE|MOMENTUM|BUY NOW|RSI_MID_HIGH|RS_OK|VOL_STRONG|ATR_OK|FAR_MA20,1,0.2,53.66,2026-07-14 09:17:56
POSITIVE,POSITIVE|MOMENTUM|WAIT|RSI_HIGH|RS_OK|VOL_OK|ATR_LOW|FAR_MA20,1,0.2,53.66,2026-07-14 09:17:56
POSITIVE,POSITIVE|MOMENTUM|WAIT|RSI_HIGH|RS_STRONG|VOL_LOW|ATR_OK|ABOVE_MA20,1,0.2,53.66,2026-07-14 09:17:56
POSITIVE,POSITIVE|MOMENTUM|WAIT|RSI_HIGH|RS_WEAK|VOL_STRONG|ATR_OK|ABOVE_MA20,1,0.2,53.66,2026-07-14 09:17:56
POSITIVE,POSITIVE|MOMENTUM|WAIT|RSI_MID_HIGH|RS_STRONG|VOL_STRONG|ATR_OK|FAR_MA20,1,0.2,53.66,2026-07-14 09:17:56
POSITIVE,POSITIVE|MOMENTUM|WATCHLIST|RSI_HIGH|RS_WEAK|VOL_OK|ATR_LOW|ABOVE_MA20,1,0.2,53.66,2026-07-14 09:17:56
POSITIVE,POSITIVE|WATCH|SKIP|RSI_HIGH|RS_OK|VOL_LOW|ATR_LOW|ABOVE_MA20,1,0.2,53.66,2026-07-14 09:17:56
POSITIVE,POSITIVE|WATCH|SKIP|RSI_HIGH|RS_OK|VOL_LOW|ATR_LOW|FAR_MA20,1,0.2,53.66,2026-07-14 09:17:56
POSITIVE,POSITIVE|WATCH|WAIT|RSI_HIGH|RS_WEAK|VOL_LOW|ATR_LOW|ABOVE_MA20,1,0.2,53.66,2026-07-14 09:17:56
SIDEWAY,SIDEWAY|BOTTOM_WATCH|SKIP|RSI_MID_HIGH|RS_BAD|VOL_OK|ATR_LOW|ABOVE_MA20,1,0.2,53.66,2026-07-14 09:17:56
SIDEWAY,SIDEWAY|BOTTOM_WATCH|SKIP|RSI_MID|RS_BAD|VOL_OK|ATR_OK|BELOW_MA20,1,0.2,53.66,2026-07-14 09:17:56
SIDEWAY,SIDEWAY|BOTTOM_WATCH|WAIT|RSI_HIGH|RS_STRONG|VOL_STRONG|ATR_LOW|ABOVE_MA20,1,0.2,53.66,2026-07-14 09:17:56
SIDEWAY,SIDEWAY|BOTTOM_WATCH|WATCHLIST|RSI_MID_HIGH|RS_STRONG|VOL_LOW|ATR_HIGH|BELOW_MA20,1,0.2,53.66,2026-07-14 09:17:56
SIDEWAY,SIDEWAY|BOTTOM_WATCH|WATCHLIST|RSI_MID_HIGH|RS_STRONG|VOL_STRONG|ATR_LOW|ABOVE_MA20,1,0.2,53.66,2026-07-14 09:17:56
SIDEWAY,SIDEWAY|BOTTOM_WATCH|WATCHLIST|RSI_MID|RS_BAD|VOL_OK|ATR_OK|BELOW_MA20,1,0.2,53.66,2026-07-14 09:17:56
SIDEWAY,SIDEWAY|BOTTOM_WATCH|WATCHLIST|RSI_MID|RS_STRONG|VOL_LOW|ATR_OK|ABOVE_MA20,1,0.2,53.66,2026-07-14 09:17:56
SIDEWAY,SIDEWAY|BOTTOM_WATCH|WATCHLIST|RSI_WEAK|RS_OK|VOL_LOW|ATR_HIGH|BELOW_MA20,1,0.2,53.66,2026-07-14 09:17:56
SIDEWAY,SIDEWAY|BOTTOM_WATCH|WATCHLIST|RSI_WEAK|RS_WEAK|VOL_LOW|ATR_HIGH|BELOW_MA20,1,0.2,53.66,2026-07-14 09:17:56
SIDEWAY,SIDEWAY|BOTTOM|BUY NOW|RSI_LOW|RS_OK|VOL_LOW|ATR_OK|ABOVE_MA20,1,0.2,53.66,2026-07-14 09:17:56
SIDEWAY,SIDEWAY|BOTTOM|BUY NOW|RSI_LOW|RS_STRONG|VOL_OK|ATR_HIGH|BELOW_MA20,1,0.2,53.66,2026-07-14 09:17:56
SIDEWAY,SIDEWAY|BOTTOM|BUY NOW|RSI_LOW|RS_WEAK|VOL_LOW|ATR_HIGH|BELOW_MA20,1,0.2,53.66,2026-07-14 09:17:56
SIDEWAY,SIDEWAY|BOTTOM|BUY NOW|RSI_MID_HIGH|RS_WEAK|VOL_LOW|ATR_OK|BELOW_MA20,1,0.2,53.66,2026-07-14 09:17:56
SIDEWAY,SIDEWAY|BOTTOM|BUY NOW|RSI_MID|RS_BAD|VOL_STRONG|ATR_OK|ABOVE_MA20,1,0.2,53.66,2026-07-14 09:17:56
SIDEWAY,SIDEWAY|BOTTOM|BUY NOW|RSI_WEAK|RS_OK|VOL_LOW|ATR_OK|BELOW_MA20,1,0.2,53.66,2026-07-14 09:17:56
SIDEWAY,SIDEWAY|BOTTOM|SKIP|RSI_LOW|RS_BAD|VOL_STRONG|ATR_HIGH|BELOW_MA20,1,0.2,53.66,2026-07-14 09:17:56
SIDEWAY,SIDEWAY|BOTTOM|SKIP|RSI_MID_HIGH|RS_STRONG|VOL_LOW|ATR_LOW|BELOW_MA20,1,0.2,53.66,2026-07-14 09:17:56
SIDEWAY,SIDEWAY|BOTTOM|SKIP|RSI_MID_HIGH|RS_STRONG|VOL_LOW|ATR_OK|BELOW_MA20,1,0.2,53.66,2026-07-14 09:17:56
SIDEWAY,SIDEWAY|BOTTOM|SKIP|RSI_MID|RS_WEAK|VOL_LOW|ATR_HIGH|BELOW_MA20,1,0.2,53.66,2026-07-14 09:17:56
SIDEWAY,SIDEWAY|BOTTOM|WATCHLIST|RSI_HIGH|RS_OK|VOL_LOW|ATR_LOW|ABOVE_MA20,1,0.2,53.66,2026-07-14 09:17:56
SIDEWAY,SIDEWAY|MOMENTUM_WATCH|WAIT|RSI_HIGH|RS_OK|VOL_STRONG|ATR_OK|ABOVE_MA20,1,0.2,53.66,2026-07-14 09:17:56
SIDEWAY,SIDEWAY|MOMENTUM_WATCH|WATCHLIST|RSI_HIGH|RS_WEAK|VOL_OK|ATR_LOW|ABOVE_MA20,1,0.2,53.66,2026-07-14 09:17:56
SIDEWAY,SIDEWAY|MOMENTUM_WATCH|WATCHLIST|RSI_MID_HIGH|RS_OK|VOL_OK|ATR_OK|ABOVE_MA20,1,0.2,53.66,2026-07-14 09:17:56
SIDEWAY,SIDEWAY|MOMENTUM|BUY NOW|RSI_MID_HIGH|RS_OK|VOL_STRONG|ATR_OK|FAR_MA20,1,0.2,53.66,2026-07-14 09:17:56
SIDEWAY,SIDEWAY|MOMENTUM|BUY NOW|RSI_MID_HIGH|RS_WEAK|VOL_LOW|ATR_OK|ABOVE_MA20,1,0.2,53.66,2026-07-14 09:17:56
SIDEWAY,SIDEWAY|MOMENTUM|WAIT|RSI_HIGH|RS_STRONG|VOL_LOW|ATR_OK|ABOVE_MA20,1,0.2,53.66,2026-07-14 09:17:56
SIDEWAY,SIDEWAY|MOMENTUM|WAIT|RSI_HIGH|RS_WEAK|VOL_STRONG|ATR_OK|ABOVE_MA20,1,0.2,53.66,2026-07-14 09:17:56
SIDEWAY,SIDEWAY|MOMENTUM|WAIT|RSI_MID_HIGH|RS_BAD|VOL_OK|ATR_LOW|ABOVE_MA20,1,0.2,53.66,2026-07-14 09:17:56
SIDEWAY,SIDEWAY|MOMENTUM|WAIT|RSI_MID_HIGH|RS_STRONG|VOL_STRONG|ATR_OK|FAR_MA20,1,0.2,53.66,2026-07-14 09:17:56
SIDEWAY,SIDEWAY|WATCH|SKIP|RSI_HIGH|RS_OK|VOL_LOW|ATR_LOW|ABOVE_MA20,1,0.2,53.66,2026-07-14 09:17:56
SIDEWAY,SIDEWAY|WATCH|SKIP|RSI_MID|RS_OK|VOL_STRONG|ATR_LOW|BELOW_MA20,1,0.2,53.66,2026-07-14 09:17:56
WEAK,WEAK|BOTTOM_WATCH|WAIT|RSI_HIGH|RS_STRONG|VOL_STRONG|ATR_LOW|ABOVE_MA20,1,0.2,53.66,2026-07-14 09:17:56
WEAK,WEAK|BOTTOM_WATCH|WATCHLIST|RSI_MID_HIGH|RS_BAD|VOL_LOW|ATR_LOW|ABOVE_MA20,1,0.2,53.66,2026-07-14 09:17:56
WEAK,WEAK|BOTTOM_WATCH|WATCHLIST|RSI_MID_HIGH|RS_BAD|VOL_OK|ATR_LOW|ABOVE_MA20,1,0.2,53.66,2026-07-14 09:17:56
WEAK,WEAK|BOTTOM_WATCH|WATCHLIST|RSI_MID_HIGH|RS_STRONG|VOL_LOW|ATR_HIGH|BELOW_MA20,1,0.2,53.66,2026-07-14 09:17:56
WEAK,WEAK|BOTTOM_WATCH|WATCHLIST|RSI_MID_HIGH|RS_STRONG|VOL_LOW|ATR_LOW|BELOW_MA20,1,0.2,53.66,2026-07-14 09:17:56
WEAK,WEAK|BOTTOM_WATCH|WATCHLIST|RSI_MID_HIGH|RS_STRONG|VOL_OK|ATR_LOW|BELOW_MA20,1,0.2,53.66,2026-07-14 09:17:56
WEAK,WEAK|BOTTOM_WATCH|WATCHLIST|RSI_MID|RS_BAD|VOL_OK|ATR_OK|BELOW_MA20,1,0.2,53.66,2026-07-14 09:17:56
WEAK,WEAK|BOTTOM_WATCH|WATCHLIST|RSI_MID|RS_STRONG|VOL_LOW|ATR_OK|ABOVE_MA20,1,0.2,53.66,2026-07-14 09:17:56
WEAK,WEAK|BOTTOM_WATCH|WATCHLIST|RSI_WEAK|RS_OK|VOL_LOW|ATR_HIGH|BELOW_MA20,1,0.2,53.66,2026-07-14 09:17:56
WEAK,WEAK|BOTTOM|BUY NOW|RSI_LOW|RS_OK|VOL_LOW|ATR_OK|ABOVE_MA20,1,0.2,53.66,2026-07-14 09:17:56
WEAK,WEAK|BOTTOM|BUY NOW|RSI_LOW|RS_STRONG|VOL_OK|ATR_HIGH|BELOW_MA20,1,0.2,53.66,2026-07-14 09:17:56
WEAK,WEAK|BOTTOM|BUY NOW|RSI_LOW|RS_WEAK|VOL_LOW|ATR_HIGH|BELOW_MA20,1,0.2,53.66,2026-07-14 09:17:56
WEAK,WEAK|BOTTOM|BUY NOW|RSI_MID_HIGH|RS_WEAK|VOL_LOW|ATR_OK|BELOW_MA20,1,0.2,53.66,2026-07-14 09:17:56
WEAK,WEAK|BOTTOM|BUY NOW|RSI_MID|RS_BAD|VOL_OK|ATR_OK|BELOW_MA20,1,0.2,53.66,2026-07-14 09:17:56
WEAK,WEAK|BOTTOM|BUY NOW|RSI_WEAK|RS_OK|VOL_LOW|ATR_OK|BELOW_MA20,1,0.2,53.66,2026-07-14 09:17:56
WEAK,WEAK|BOTTOM|BUY NOW|RSI_WEAK|RS_STRONG|VOL_LOW|ATR_LOW|ABOVE_MA20,1,0.2,53.66,2026-07-14 09:17:56
WEAK,WEAK|BOTTOM|SKIP|RSI_LOW|RS_BAD|VOL_STRONG|ATR_HIGH|BELOW_MA20,1,0.2,53.66,2026-07-14 09:17:56
WEAK,WEAK|BOTTOM|SKIP|RSI_MID_HIGH|RS_OK|VOL_LOW|ATR_OK|ABOVE_MA20,1,0.2,53.66,2026-07-14 09:17:56
WEAK,WEAK|BOTTOM|SKIP|RSI_MID_HIGH|RS_STRONG|VOL_LOW|ATR_OK|BELOW_MA20,1,0.2,53.66,2026-07-14 09:17:56
WEAK,WEAK|BOTTOM|WAIT|RSI_HIGH|RS_WEAK|VOL_STRONG|ATR_LOW|ABOVE_MA20,1,0.2,53.66,2026-07-14 09:17:56
WEAK,WEAK|BOTTOM|WAIT|RSI_MID|RS_STRONG|VOL_LOW|ATR_LOW|BELOW_MA20,1,0.2,53.66,2026-07-14 09:17:56
WEAK,WEAK|BOTTOM|WATCHLIST|RSI_HIGH|RS_OK|VOL_LOW|ATR_LOW|ABOVE_MA20,1,0.2,53.66,2026-07-14 09:17:56
WEAK,WEAK|MOMENTUM_WATCH|SKIP|RSI_MID_HIGH|RS_WEAK|VOL_LOW|ATR_OK|ABOVE_MA20,1,0.2,53.66,2026-07-14 09:17:56
WEAK,WEAK|MOMENTUM|BUY NOW|RSI_MID_HIGH|RS_WEAK|VOL_LOW|ATR_OK|ABOVE_MA20,1,0.2,53.66,2026-07-14 09:17:56
WEAK,WEAK|MOMENTUM|SKIP|RSI_MID_HIGH|RS_OK|VOL_OK|ATR_LOW|BELOW_MA20,1,0.2,53.66,2026-07-14 09:17:56
WEAK,WEAK|MOMENTUM|WAIT|RSI_HIGH|RS_OK|VOL_STRONG|ATR_OK|ABOVE_MA20,1,0.2,53.66,2026-07-14 09:17:56
WEAK,WEAK|MOMENTUM|WAIT|RSI_MID_HIGH|RS_BAD|VOL_OK|ATR_LOW|ABOVE_MA20,1,0.2,53.66,2026-07-14 09:17:56
WEAK,WEAK|MOMENTUM|WAIT|RSI_MID_HIGH|RS_STRONG|VOL_STRONG|ATR_OK|FAR_MA20,1,0.2,53.66,2026-07-14 09:17:56
WEAK,WEAK|WATCH|SKIP|RSI_MID|RS_OK|VOL_STRONG|ATR_LOW|BELOW_MA20,1,0.2,53.66,2026-07-14 09:17:56
SIDEWAY,SIDEWAY|BOTTOM|BUY NOW|RSI_MID|RS_WEAK|VOL_OK|ATR_LOW|BELOW_MA20,658,148.33,53.65,2026-07-14 09:17:56
WEAK,WEAK|BOTTOM|WAIT|RSI_MID_HIGH|RS_OK|VOL_STRONG|ATR_LOW|ABOVE_MA20,72,15.66,53.65,2026-07-14 09:17:56
DOWNTREND,DOWNTREND|MOMENTUM_WATCH|WATCHLIST|RSI_MID_HIGH|RS_STRONG|VOL_OK|ATR_LOW|BELOW_MA20,2,0.58,53.62,2026-07-14 09:17:55
DOWNTREND,DOWNTREND|MOMENTUM_WATCH|WATCHLIST|RSI_MID_HIGH|RS_STRONG|VOL_OK|ATR_LOW|FAR_MA20,2,0.58,53.62,2026-07-14 09:17:55
SIDEWAY,SIDEWAY|BOTTOM|WAIT|RSI_MID_HIGH|RS_WEAK|VOL_LOW|ATR_LOW|ABOVE_MA20,114,23.94,53.61,2026-07-14 09:17:56
SIDEWAY,SIDEWAY|BOTTOM_WATCH|WATCHLIST|RSI_MID_HIGH|RS_WEAK|VOL_OK|ATR_LOW|BELOW_MA20,22,4.9,53.61,2026-07-14 09:17:56
DOWNTREND,DOWNTREND|MOMENTUM|SKIP|RSI_MID|RS_STRONG|VOL_LOW|ATR_LOW|ABOVE_MA20,7,1.7,53.6,2026-07-14 09:17:55
SIDEWAY,SIDEWAY|BOTTOM|BUY NOW|RSI_LOW|RS_WEAK|VOL_STRONG|ATR_LOW|BELOW_MA20,790,177.46,53.59,2026-07-14 09:17:56
WEAK,WEAK|BOTTOM|BUY NOW|RSI_MID|RS_WEAK|VOL_LOW|ATR_LOW|BELOW_MA20,576,123.98,53.58,2026-07-14 09:17:56
DOWNTREND,DOWNTREND|BOTTOM_WATCH|SKIP|RSI_MID_HIGH|RS_OK|VOL_LOW|ATR_LOW|ABOVE_MA20,16,3.2,53.57,2026-07-14 09:17:55
WEAK,WEAK|BOTTOM|BUY NOW|RSI_LOW|RS_BAD|VOL_LOW|ATR_LOW|BELOW_MA20,250,51.84,53.54,2026-07-14 09:17:56
DOWNTREND,DOWNTREND|MOMENTUM|BUY NOW|RSI_MID_HIGH|RS_STRONG|VOL_LOW|ATR_LOW|ABOVE_MA20,303,62.59,53.52,2026-07-14 09:17:55
SIDEWAY,SIDEWAY|BOTTOM|WAIT|RSI_LOW|RS_OK|VOL_LOW|ATR_LOW|BELOW_MA20,13,2.76,53.52,2026-07-14 09:17:56
SIDEWAY,SIDEWAY|BOTTOM|BUY NOW|RSI_MID|RS_BAD|VOL_STRONG|ATR_LOW|ABOVE_MA20,3,0.6,53.5,2026-07-14 09:17:56
SIDEWAY,SIDEWAY|WATCH|SKIP|RSI_MID_HIGH|RS_STRONG|VOL_LOW|ATR_LOW|ABOVE_MA20,11,2.37,53.49,2026-07-14 09:17:56
SIDEWAY,SIDEWAY|BOTTOM|SKIP|RSI_WEAK|RS_STRONG|VOL_LOW|ATR_LOW|BELOW_MA20,5,1.35,53.49,2026-07-14 09:17:56
DOWNTREND,DOWNTREND|BOTTOM_WATCH|WATCHLIST|RSI_WEAK|RS_BAD|VOL_LOW|ATR_OK|BELOW_MA20,3,0.6,53.49,2026-07-14 09:17:55
DOWNTREND,DOWNTREND|BOTTOM|SKIP|RSI_WEAK|RS_OK|VOL_LOW|ATR_OK|BELOW_MA20,3,0.6,53.49,2026-07-14 09:17:55
DOWNTREND,DOWNTREND|BOTTOM|WAIT|RSI_MID_HIGH|RS_OK|VOL_LOW|ATR_LOW|BELOW_MA20,3,0.6,53.49,2026-07-14 09:17:55
POSITIVE,POSITIVE|BOTTOM_WATCH|WATCHLIST|RSI_MID_HIGH|RS_STRONG|VOL_LOW|ATR_OK|ABOVE_MA20,3,0.6,53.49,2026-07-14 09:17:55
POSITIVE,POSITIVE|BOTTOM|WAIT|RSI_MID|RS_OK|VOL_STRONG|ATR_LOW|BELOW_MA20,3,0.6,53.49,2026-07-14 09:17:56
POSITIVE,POSITIVE|WATCH|WAIT|RSI_HIGH|RS_STRONG|VOL_OK|ATR_LOW|FAR_MA20,3,0.6,53.49,2026-07-14 09:17:56
SIDEWAY,SIDEWAY|BOTTOM_WATCH|SKIP|RSI_MID_HIGH|RS_STRONG|VOL_LOW|ATR_LOW|BELOW_MA20,3,0.6,53.49,2026-07-14 09:17:56
SIDEWAY,SIDEWAY|BOTTOM_WATCH|WATCHLIST|RSI_MID_HIGH|RS_STRONG|VOL_LOW|ATR_OK|ABOVE_MA20,3,0.6,53.49,2026-07-14 09:17:56
SIDEWAY,SIDEWAY|BOTTOM|BUY NOW|RSI_WEAK|RS_STRONG|VOL_LOW|ATR_LOW|BELOW_MA20,3,0.6,53.49,2026-07-14 09:17:56
SIDEWAY,SIDEWAY|BOTTOM|WAIT|RSI_WEAK|RS_OK|VOL_OK|ATR_LOW|BELOW_MA20,3,0.6,53.49,2026-07-14 09:17:56
SIDEWAY,SIDEWAY|MOMENTUM_WATCH|WATCHLIST|RSI_MID_HIGH|RS_STRONG|VOL_STRONG|ATR_LOW|ABOVE_MA20,3,0.6,53.49,2026-07-14 09:17:56
SIDEWAY,SIDEWAY|WATCH|WAIT|RSI_HIGH|RS_STRONG|VOL_OK|ATR_LOW|FAR_MA20,3,0.6,53.49,2026-07-14 09:17:56
WEAK,WEAK|BOTTOM|BUY NOW|RSI_MID_HIGH|RS_BAD|VOL_LOW|ATR_LOW|ABOVE_MA20,3,0.6,53.49,2026-07-14 09:17:56
WEAK,WEAK|BOTTOM|BUY NOW|RSI_MID_HIGH|RS_BAD|VOL_OK|ATR_LOW|BELOW_MA20,3,0.6,53.49,2026-07-14 09:17:56
WEAK,WEAK|BOTTOM|BUY NOW|RSI_MID|RS_BAD|VOL_STRONG|ATR_LOW|BELOW_MA20,3,0.6,53.49,2026-07-14 09:17:56
WEAK,WEAK|BOTTOM|SKIP|RSI_MID_HIGH|RS_BAD|VOL_OK|ATR_LOW|BELOW_MA20,3,0.6,53.49,2026-07-14 09:17:56
WEAK,WEAK|MOMENTUM_WATCH|WATCHLIST|RSI_MID_HIGH|RS_WEAK|VOL_OK|ATR_LOW|BELOW_MA20,3,0.6,53.49,2026-07-14 09:17:56
WEAK,WEAK|WATCH|WAIT|RSI_HIGH|RS_STRONG|VOL_OK|ATR_LOW|FAR_MA20,3,0.6,53.49,2026-07-14 09:17:56
SIDEWAY,SIDEWAY|MOMENTUM_WATCH|SKIP|RSI_MID_HIGH|RS_WEAK|VOL_LOW|ATR_LOW|BELOW_MA20,5,1.79,53.46,2026-07-14 09:17:56
SIDEWAY,SIDEWAY|BOTTOM|BUY NOW|RSI_MID_HIGH|RS_BAD|VOL_STRONG|ATR_LOW|ABOVE_MA20,5,1.02,53.46,2026-07-14 09:17:56
SIDEWAY,SIDEWAY|BOTTOM|BUY NOW|RSI_MID|RS_OK|VOL_LOW|ATR_LOW|BELOW_MA20,447,95.01,53.45,2026-07-14 09:17:56
SIDEWAY,SIDEWAY|WATCH|SKIP|RSI_MID|RS_OK|VOL_LOW|ATR_LOW|BELOW_MA20,5,1.02,53.42,2026-07-14 09:17:56
WEAK,WEAK|WATCH|SKIP|RSI_MID|RS_OK|VOL_LOW|ATR_LOW|BELOW_MA20,5,1.02,53.42,2026-07-14 09:17:56
WEAK,WEAK|BOTTOM_WATCH|SKIP|RSI_MID|RS_WEAK|VOL_LOW|ATR_LOW|ABOVE_MA20,93,19.6,53.41,2026-07-14 09:17:56
SIDEWAY,SIDEWAY|BOTTOM|BUY NOW|RSI_WEAK|RS_BAD|VOL_STRONG|ATR_LOW|BELOW_MA20,19,4.02,53.41,2026-07-14 09:17:56
DOWNTREND,DOWNTREND|MOMENTUM|BUY NOW|RSI_MID_HIGH|RS_OK|VOL_OK|ATR_LOW|ABOVE_MA20,165,33.5,53.4,2026-07-14 09:17:55
POSITIVE,POSITIVE|BOTTOM|BUY NOW|RSI_LOW|RS_OK|VOL_OK|ATR_LOW|ABOVE_MA20,93,19.67,53.39,2026-07-14 09:17:55
SIDEWAY,SIDEWAY|MOMENTUM_WATCH|WATCHLIST|RSI_MID_HIGH|RS_WEAK|VOL_OK|ATR_LOW|BELOW_MA20,10,2.48,53.39,2026-07-14 09:17:56
POSITIVE,POSITIVE|BOTTOM|WAIT|RSI_MID|RS_WEAK|VOL_LOW|ATR_LOW|BELOW_MA20,68,13.93,53.38,2026-07-14 09:17:56
WEAK,WEAK|MOMENTUM_WATCH|WATCHLIST|RSI_MID|RS_OK|VOL_LOW|ATR_LOW|ABOVE_MA20,111,24.39,53.36,2026-07-14 09:17:56
POSITIVE,POSITIVE|BOTTOM_WATCH|WATCHLIST|RSI_MID_HIGH|RS_WEAK|VOL_STRONG|ATR_LOW|ABOVE_MA20,10,2.23,53.36,2026-07-14 09:17:55
DOWNTREND,DOWNTREND|BOTTOM|BUY NOW|RSI_MID_HIGH|RS_STRONG|VOL_LOW|ATR_LOW|BELOW_MA20,6,1.52,53.36,2026-07-14 09:17:55
WEAK,WEAK|BOTTOM|BUY NOW|RSI_MID_HIGH|RS_WEAK|VOL_OK|ATR_LOW|BELOW_MA20,31,7.48,53.34,2026-07-14 09:17:56
POSITIVE,POSITIVE|BOTTOM|WAIT|RSI_HIGH|RS_OK|VOL_OK|ATR_LOW|ABOVE_MA20,13,3.01,53.34,2026-07-14 09:17:55
SIDEWAY,SIDEWAY|BOTTOM_WATCH|WATCHLIST|RSI_MID|RS_STRONG|VOL_LOW|ATR_LOW|BELOW_MA20,17,3.7,53.33,2026-07-14 09:17:56
DOWNTREND,DOWNTREND|BOTTOM|SKIP|RSI_LOW|RS_WEAK|VOL_LOW|ATR_LOW|ABOVE_MA20,5,1.0,53.33,2026-07-14 09:17:55
POSITIVE,POSITIVE|BOTTOM_WATCH|WATCHLIST|RSI_MID_HIGH|RS_OK|VOL_LOW|ATR_LOW|BELOW_MA20,5,1.0,53.33,2026-07-14 09:17:55
POSITIVE,POSITIVE|BOTTOM|SKIP|RSI_MID_HIGH|RS_BAD|VOL_OK|ATR_LOW|BELOW_MA20,5,1.0,53.33,2026-07-14 09:17:55
SIDEWAY,SIDEWAY|MOMENTUM_WATCH|WAIT|RSI_HIGH|RS_WEAK|VOL_OK|ATR_LOW|ABOVE_MA20,5,1.0,53.33,2026-07-14 09:17:56
WEAK,WEAK|MOMENTUM|WAIT|RSI_HIGH|RS_WEAK|VOL_OK|ATR_LOW|ABOVE_MA20,5,1.0,53.33,2026-07-14 09:17:56
DOWNTREND,DOWNTREND|MOMENTUM_WATCH|WATCHLIST|RSI_MID|RS_OK|VOL_OK|ATR_LOW|ABOVE_MA20,20,4.59,53.31,2026-07-14 09:17:55
DOWNTREND,DOWNTREND|BOTTOM|BUY NOW|RSI_WEAK|RS_BAD|VOL_STRONG|ATR_LOW|BELOW_MA20,3,0.63,53.31,2026-07-14 09:17:55
POSITIVE,POSITIVE|BOTTOM|WAIT|RSI_WEAK|RS_OK|VOL_LOW|ATR_LOW|ABOVE_MA20,1,0.25,53.31,2026-07-14 09:17:56
SIDEWAY,SIDEWAY|BOTTOM|WAIT|RSI_WEAK|RS_OK|VOL_LOW|ATR_LOW|ABOVE_MA20,1,0.25,53.31,2026-07-14 09:17:56
WEAK,WEAK|BOTTOM|WAIT|RSI_WEAK|RS_OK|VOL_LOW|ATR_LOW|ABOVE_MA20,1,0.25,53.31,2026-07-14 09:17:56
WEAK,WEAK|BOTTOM|WAIT|RSI_WEAK|RS_STRONG|VOL_LOW|ATR_LOW|ABOVE_MA20,1,0.25,53.31,2026-07-14 09:17:56
POSITIVE,POSITIVE|MOMENTUM_WATCH|WATCHLIST|RSI_MID_HIGH|RS_WEAK|VOL_OK|ATR_LOW|BELOW_MA20,14,2.88,53.3,2026-07-14 09:17:56
WEAK,WEAK|BOTTOM|BUY NOW|RSI_MID_HIGH|RS_BAD|VOL_LOW|ATR_LOW|BELOW_MA20,3,0.63,53.29,2026-07-14 09:17:56
WEAK,WEAK|BOTTOM_WATCH|WAIT|RSI_HIGH|RS_OK|VOL_LOW|ATR_LOW|ABOVE_MA20,28,6.13,53.28,2026-07-14 09:17:56
POSITIVE,POSITIVE|BOTTOM|WAIT|RSI_WEAK|RS_OK|VOL_LOW|ATR_LOW|BELOW_MA20,1,0.26,53.28,2026-07-14 09:17:56
WEAK,WEAK|BOTTOM|WAIT|RSI_WEAK|RS_STRONG|VOL_LOW|ATR_LOW|BELOW_MA20,1,0.26,53.28,2026-07-14 09:17:56
POSITIVE,POSITIVE|BOTTOM|BUY NOW|RSI_MID|RS_WEAK|VOL_LOW|ATR_LOW|ABOVE_MA20,346,73.16,53.27,2026-07-14 09:17:55
SIDEWAY,SIDEWAY|BOTTOM|SKIP|RSI_MID_HIGH|RS_OK|VOL_LOW|ATR_LOW|BELOW_MA20,11,2.57,53.27,2026-07-14 09:17:56
SIDEWAY,SIDEWAY|BOTTOM|BUY NOW|RSI_LOW|RS_OK|VOL_STRONG|ATR_LOW|ABOVE_MA20,66,14.43,53.25,2026-07-14 09:17:56
POSITIVE,POSITIVE|BOTTOM_WATCH|WATCHLIST|RSI_MID_HIGH|RS_OK|VOL_OK|ATR_LOW|ABOVE_MA20,24,4.93,53.24,2026-07-14 09:17:55
WEAK,WEAK|BOTTOM_WATCH|SKIP|RSI_MID|RS_WEAK|VOL_LOW|ATR_LOW|BELOW_MA20,382,86.03,53.23,2026-07-14 09:17:56
DOWNTREND,DOWNTREND|MOMENTUM|WAIT|RSI_MID_HIGH|RS_OK|VOL_OK|ATR_LOW|ABOVE_MA20,49,10.55,53.23,2026-07-14 09:17:55
WEAK,WEAK|MOMENTUM_WATCH|SKIP|RSI_MID_HIGH|RS_BAD|VOL_OK|ATR_LOW|ABOVE_MA20,2,0.64,53.23,2026-07-14 09:17:56
WEAK,WEAK|MOMENTUM_WATCH|WATCHLIST|RSI_MID_HIGH|RS_OK|VOL_LOW|ATR_LOW|ABOVE_MA20,964,201.64,53.22,2026-07-14 09:17:56
WEAK,WEAK|BOTTOM|SKIP|RSI_WEAK|RS_BAD|VOL_LOW|ATR_LOW|BELOW_MA20,92,19.52,53.21,2026-07-14 09:17:56
DOWNTREND,DOWNTREND|BOTTOM|BUY NOW|RSI_MID_HIGH|RS_OK|VOL_LOW|ATR_LOW|BELOW_MA20,19,4.03,53.21,2026-07-14 09:17:55
WEAK,WEAK|BOTTOM_WATCH|WATCHLIST|RSI_WEAK|RS_STRONG|VOL_LOW|ATR_LOW|BELOW_MA20,1,0.27,53.2,2026-07-14 09:17:56
SIDEWAY,SIDEWAY|WATCH|SKIP|RSI_HIGH|RS_STRONG|VOL_LOW|ATR_LOW|FAR_MA20,7,1.4,53.19,2026-07-14 09:17:56
WEAK,WEAK|MOMENTUM|WATCHLIST|RSI_HIGH|RS_OK|VOL_LOW|ATR_LOW|ABOVE_MA20,7,1.4,53.19,2026-07-14 09:17:56
WEAK,WEAK|BOTTOM_WATCH|WATCHLIST|RSI_WEAK|RS_STRONG|VOL_OK|ATR_LOW|BELOW_MA20,1,0.27,53.18,2026-07-14 09:17:56
SIDEWAY,SIDEWAY|MOMENTUM|BUY NOW|RSI_MID_HIGH|RS_OK|VOL_LOW|ATR_OK|ABOVE_MA20,4,1.04,53.13,2026-07-14 09:17:56
DOWNTREND,DOWNTREND|BOTTOM|SKIP|RSI_MID|RS_STRONG|VOL_LOW|ATR_LOW|BELOW_MA20,68,14.09,53.12,2026-07-14 09:17:55
POSITIVE,POSITIVE|BOTTOM_WATCH|WATCHLIST|RSI_MID|RS_STRONG|VOL_LOW|ATR_LOW|BELOW_MA20,10,2.2,53.1,2026-07-14 09:17:55
SIDEWAY,SIDEWAY|MOMENTUM|BUY NOW|RSI_MID|RS_OK|VOL_OK|ATR_LOW|ABOVE_MA20,43,9.16,53.09,2026-07-14 09:17:56
POSITIVE,POSITIVE|MOMENTUM_WATCH|SKIP|RSI_MID_HIGH|RS_BAD|VOL_OK|ATR_LOW|ABOVE_MA20,4,1.04,53.09,2026-07-14 09:17:56
WEAK,WEAK|BOTTOM|WAIT|RSI_MID|RS_OK|VOL_OK|ATR_LOW|ABOVE_MA20,431,91.98,53.06,2026-07-14 09:17:56
SIDEWAY,SIDEWAY|BOTTOM_WATCH|SKIP|RSI_LOW|RS_WEAK|VOL_LOW|ATR_LOW|ABOVE_MA20,14,3.48,53.06,2026-07-14 09:17:56
SIDEWAY,SIDEWAY|BOTTOM|WAIT|RSI_MID_HIGH|RS_WEAK|VOL_LOW|ATR_LOW|BELOW_MA20,7,1.79,53.02,2026-07-14 09:17:56
WEAK,WEAK|MOMENTUM_WATCH|WATCHLIST|RSI_MID|RS_OK|VOL_STRONG|ATR_LOW|ABOVE_MA20,124,26.21,53.01,2026-07-14 09:17:56
WEAK,WEAK|BOTTOM|BUY NOW|RSI_MID_HIGH|RS_OK|VOL_LOW|ATR_LOW|BELOW_MA20,92,20.04,53.01,2026-07-14 09:17:56
WEAK,WEAK|BOTTOM|BUY NOW|RSI_WEAK|RS_BAD|VOL_STRONG|ATR_LOW|BELOW_MA20,24,5.25,52.99,2026-07-14 09:17:56
WEAK,WEAK|BOTTOM_WATCH|SKIP|RSI_MID|RS_OK|VOL_LOW|ATR_LOW|BELOW_MA20,906,201.21,52.98,2026-07-14 09:17:56
SIDEWAY,SIDEWAY|MOMENTUM|BUY NOW|RSI_MID_HIGH|RS_OK|VOL_LOW|ATR_LOW|ABOVE_MA20,722,155.86,52.98,2026-07-14 09:17:56
POSITIVE,POSITIVE|BOTTOM_WATCH|WATCHLIST|RSI_MID_HIGH|RS_OK|VOL_LOW|ATR_LOW|ABOVE_MA20,45,9.53,52.97,2026-07-14 09:17:55
SIDEWAY,SIDEWAY|MOMENTUM_WATCH|WAIT|RSI_HIGH|RS_OK|VOL_STRONG|ATR_LOW|ABOVE_MA20,34,7.1,52.96,2026-07-14 09:17:56
SIDEWAY,SIDEWAY|BOTTOM_WATCH|SKIP|RSI_MID_HIGH|RS_OK|VOL_LOW|ATR_LOW|ABOVE_MA20,68,14.45,52.95,2026-07-14 09:17:56
DOWNTREND,DOWNTREND|BOTTOM|BUY NOW|RSI_MID|RS_OK|VOL_STRONG|ATR_LOW|ABOVE_MA20,59,12.07,52.94,2026-07-14 09:17:55
DOWNTREND,DOWNTREND|MOMENTUM|WAIT|RSI_MID|RS_STRONG|VOL_STRONG|ATR_LOW|ABOVE_MA20,11,2.2,52.94,2026-07-14 09:17:55
SIDEWAY,SIDEWAY|BOTTOM_WATCH|WAIT|RSI_HIGH|RS_WEAK|VOL_LOW|ATR_LOW|ABOVE_MA20,11,2.2,52.94,2026-07-14 09:17:56
WEAK,WEAK|BOTTOM|BUY NOW|RSI_MID_HIGH|RS_WEAK|VOL_OK|ATR_LOW|ABOVE_MA20,96,19.69,52.93,2026-07-14 09:17:56
DOWNTREND,DOWNTREND|WATCH|SKIP|RSI_MID_HIGH|RS_OK|VOL_LOW|ATR_LOW|ABOVE_MA20,7,1.45,52.91,2026-07-14 09:17:55
WEAK,WEAK|BOTTOM|BUY NOW|RSI_LOW|RS_WEAK|VOL_OK|ATR_LOW|ABOVE_MA20,58,12.48,52.9,2026-07-14 09:17:56
DOWNTREND,DOWNTREND|BOTTOM|SKIP|RSI_MID|RS_WEAK|VOL_LOW|ATR_OK|BELOW_MA20,5,1.07,52.9,2026-07-14 09:17:55
WEAK,WEAK|BOTTOM|WAIT|RSI_MID|RS_WEAK|VOL_LOW|ATR_LOW|BELOW_MA20,35,7.33,52.88,2026-07-14 09:17:56
SIDEWAY,SIDEWAY|BOTTOM_WATCH|WATCHLIST|RSI_MID_HIGH|RS_WEAK|VOL_LOW|ATR_LOW|ABOVE_MA20,140,29.46,52.86,2026-07-14 09:17:56
POSITIVE,POSITIVE|WATCH|SKIP|RSI_MID_HIGH|RS_OK|VOL_LOW|ATR_LOW|ABOVE_MA20,71,16.15,52.86,2026-07-14 09:17:56
POSITIVE,POSITIVE|BOTTOM|SKIP|RSI_WEAK|RS_OK|VOL_LOW|ATR_LOW|BELOW_MA20,47,10.54,52.86,2026-07-14 09:17:55
DOWNTREND,DOWNTREND|BOTTOM|SKIP|RSI_MID|RS_OK|VOL_LOW|ATR_OK|BELOW_MA20,9,1.84,52.83,2026-07-14 09:17:55
SIDEWAY,SIDEWAY|BOTTOM|BUY NOW|RSI_MID_HIGH|RS_OK|VOL_LOW|ATR_LOW|BELOW_MA20,69,15.03,52.81,2026-07-14 09:17:56
WEAK,WEAK|BOTTOM_WATCH|WATCHLIST|RSI_MID|RS_OK|VOL_LOW|ATR_LOW|BELOW_MA20,387,83.91,52.79,2026-07-14 09:17:56
SIDEWAY,SIDEWAY|BOTTOM|BUY NOW|RSI_LOW|RS_WEAK|VOL_STRONG|ATR_LOW|ABOVE_MA20,64,14.19,52.78,2026-07-14 09:17:56
POSITIVE,POSITIVE|MOMENTUM|WAIT|RSI_HIGH|RS_WEAK|VOL_OK|ATR_LOW|ABOVE_MA20,11,2.23,52.78,2026-07-14 09:17:56
POSITIVE,POSITIVE|MOMENTUM|BUY NOW|RSI_MID_HIGH|RS_OK|VOL_LOW|ATR_LOW|ABOVE_MA20,726,154.16,52.74,2026-07-14 09:17:56
SIDEWAY,SIDEWAY|MOMENTUM_WATCH|WAIT|RSI_HIGH|RS_WEAK|VOL_LOW|ATR_LOW|ABOVE_MA20,15,3.0,52.73,2026-07-14 09:17:56
WEAK,WEAK|BOTTOM_WATCH|WATCHLIST|RSI_MID|RS_OK|VOL_LOW|ATR_LOW|ABOVE_MA20,324,69.96,52.7,2026-07-14 09:17:56
DOWNTREND,DOWNTREND|BOTTOM_WATCH|SKIP|RSI_LOW|RS_OK|VOL_LOW|ATR_LOW|ABOVE_MA20,5,1.11,52.69,2026-07-14 09:17:55
DOWNTREND,DOWNTREND|WATCH|WAIT|RSI_HIGH|RS_STRONG|VOL_LOW|ATR_LOW|FAR_MA20,1,0.35,52.69,2026-07-14 09:17:55
POSITIVE,POSITIVE|BOTTOM|WAIT|RSI_MID_HIGH|RS_STRONG|VOL_STRONG|ATR_LOW|ABOVE_MA20,1,0.35,52.69,2026-07-14 09:17:55
WEAK,WEAK|BOTTOM_WATCH|WATCHLIST|RSI_MID|RS_WEAK|VOL_LOW|ATR_LOW|BELOW_MA20,156,34.83,52.68,2026-07-14 09:17:56
WEAK,WEAK|BOTTOM|SKIP|RSI_MID|RS_STRONG|VOL_LOW|ATR_LOW|BELOW_MA20,145,32.3,52.67,2026-07-14 09:17:56
SIDEWAY,SIDEWAY|MOMENTUM|BUY NOW|RSI_MID|RS_STRONG|VOL_OK|ATR_LOW|ABOVE_MA20,11,2.25,52.66,2026-07-14 09:17:56
DOWNTREND,DOWNTREND|BOTTOM_WATCH|WATCHLIST|RSI_WEAK|RS_STRONG|VOL_STRONG|ATR_LOW|BELOW_MA20,1,0.36,52.65,2026-07-14 09:17:55
WEAK,WEAK|BOTTOM_WATCH|SKIP|RSI_MID_HIGH|RS_OK|VOL_LOW|ATR_LOW|ABOVE_MA20,86,18.48,52.64,2026-07-14 09:17:56
SIDEWAY,SIDEWAY|BOTTOM|WAIT|RSI_MID_HIGH|RS_WEAK|VOL_STRONG|ATR_LOW|ABOVE_MA20,81,17.67,52.64,2026-07-14 09:17:56
POSITIVE,POSITIVE|BOTTOM_WATCH|SKIP|RSI_HIGH|RS_WEAK|VOL_LOW|ATR_LOW|ABOVE_MA20,17,3.4,52.64,2026-07-14 09:17:55
POSITIVE,POSITIVE|MOMENTUM|WAIT|RSI_HIGH|RS_WEAK|VOL_STRONG|ATR_LOW|ABOVE_MA20,17,3.4,52.63,2026-07-14 09:17:56
POSITIVE,POSITIVE|BOTTOM|BUY NOW|RSI_MID|RS_WEAK|VOL_STRONG|ATR_LOW|ABOVE_MA20,196,42.62,52.62,2026-07-14 09:17:55
WEAK,WEAK|BOTTOM|BUY NOW|RSI_WEAK|RS_STRONG|VOL_LOW|ATR_LOW|BELOW_MA20,10,2.26,52.62,2026-07-14 09:17:56
SIDEWAY,SIDEWAY|BOTTOM|WAIT|RSI_MID|RS_OK|VOL_OK|ATR_LOW|ABOVE_MA20,324,69.91,52.61,2026-07-14 09:17:56
SIDEWAY,SIDEWAY|MOMENTUM|SKIP|RSI_MID_HIGH|RS_WEAK|VOL_LOW|ATR_LOW|ABOVE_MA20,84,18.4,52.61,2026-07-14 09:17:56
DOWNTREND,DOWNTREND|BOTTOM_WATCH|WATCHLIST|RSI_WEAK|RS_OK|VOL_STRONG|ATR_LOW|BELOW_MA20,21,5.01,52.6,2026-07-14 09:17:55
DOWNTREND,DOWNTREND|BOTTOM|BUY NOW|RSI_LOW|RS_BAD|VOL_LOW|ATR_LOW|BELOW_MA20,32,6.74,52.57,2026-07-14 09:17:55
WEAK,WEAK|BOTTOM|BUY NOW|RSI_WEAK|RS_STRONG|VOL_OK|ATR_LOW|BELOW_MA20,8,1.89,52.57,2026-07-14 09:17:56
SIDEWAY,SIDEWAY|BOTTOM|WAIT|RSI_MID_HIGH|RS_STRONG|VOL_STRONG|ATR_LOW|ABOVE_MA20,3,0.75,52.57,2026-07-14 09:17:56
SIDEWAY,SIDEWAY|BOTTOM_WATCH|WATCHLIST|RSI_MID_HIGH|RS_OK|VOL_OK|ATR_LOW|ABOVE_MA20,36,7.38,52.56,2026-07-14 09:17:56
SIDEWAY,SIDEWAY|BOTTOM_WATCH|WATCHLIST|RSI_MID_HIGH|RS_OK|VOL_OK|ATR_LOW|BELOW_MA20,8,2.08,52.56,2026-07-14 09:17:56
SIDEWAY,SIDEWAY|BOTTOM_WATCH|WATCHLIST|RSI_WEAK|RS_OK|VOL_STRONG|ATR_LOW|BELOW_MA20,6,1.51,52.56,2026-07-14 09:17:56
WEAK,WEAK|BOTTOM_WATCH|WATCHLIST|RSI_LOW|RS_WEAK|VOL_STRONG|ATR_LOW|BELOW_MA20,19,3.8,52.54,2026-07-14 09:17:56
POSITIVE,POSITIVE|MOMENTUM_WATCH|SKIP|RSI_MID_HIGH|RS_OK|VOL_LOW|ATR_LOW|ABOVE_MA20,961,205.4,52.53,2026-07-14 09:17:56
DOWNTREND,DOWNTREND|BOTTOM|WAIT|RSI_HIGH|RS_STRONG|VOL_STRONG|ATR_LOW|ABOVE_MA20,1,0.38,52.51,2026-07-14 09:17:55
POSITIVE,POSITIVE|BOTTOM|WAIT|RSI_MID_HIGH|RS_OK|VOL_STRONG|ATR_LOW|ABOVE_MA20,37,8.56,52.5,2026-07-14 09:17:55
DOWNTREND,DOWNTREND|BOTTOM_WATCH|WATCHLIST|RSI_MID|RS_OK|VOL_OK|ATR_LOW|BELOW_MA20,45,9.48,52.47,2026-07-14 09:17:55
POSITIVE,POSITIVE|BOTTOM_WATCH|WATCHLIST|RSI_MID|RS_STRONG|VOL_LOW|ATR_LOW|ABOVE_MA20,30,6.19,52.47,2026-07-14 09:17:55
DOWNTREND,DOWNTREND|BOTTOM_WATCH|WATCHLIST|RSI_WEAK|RS_WEAK|VOL_OK|ATR_LOW|BELOW_MA20,70,14.33,52.45,2026-07-14 09:17:55
DOWNTREND,DOWNTREND|BOTTOM|WAIT|RSI_HIGH|RS_OK|VOL_OK|ATR_LOW|ABOVE_MA20,7,1.53,52.44,2026-07-14 09:17:55
SIDEWAY,SIDEWAY|BOTTOM|BUY NOW|RSI_MID|RS_WEAK|VOL_LOW|ATR_LOW|ABOVE_MA20,296,64.22,52.41,2026-07-14 09:17:56
WEAK,WEAK|BOTTOM|WAIT|RSI_MID_HIGH|RS_WEAK|VOL_OK|ATR_LOW|ABOVE_MA20,41,8.39,52.41,2026-07-14 09:17:56
WEAK,WEAK|BOTTOM|BUY NOW|RSI_LOW|RS_OK|VOL_STRONG|ATR_LOW|ABOVE_MA20,93,19.86,52.4,2026-07-14 09:17:56
SIDEWAY,SIDEWAY|BOTTOM_WATCH|WATCHLIST|RSI_MID|RS_WEAK|VOL_LOW|ATR_LOW|ABOVE_MA20,177,37.99,52.38,2026-07-14 09:17:56
POSITIVE,POSITIVE|BOTTOM_WATCH|WATCHLIST|RSI_WEAK|RS_BAD|VOL_STRONG|ATR_LOW|BELOW_MA20,129,26.95,52.38,2026-07-14 09:17:55
POSITIVE,POSITIVE|MOMENTUM_WATCH|WAIT|RSI_HIGH|RS_WEAK|VOL_LOW|ATR_LOW|ABOVE_MA20,23,4.6,52.38,2026-07-14 09:17:56
DOWNTREND,DOWNTREND|BOTTOM|WAIT|RSI_LOW|RS_BAD|VOL_OK|ATR_LOW|BELOW_MA20,2,0.4,52.38,2026-07-14 09:17:55
DOWNTREND,DOWNTREND|BOTTOM|WAIT|RSI_MID|RS_STRONG|VOL_LOW|ATR_LOW|BELOW_MA20,2,0.4,52.38,2026-07-14 09:17:55
DOWNTREND,DOWNTREND|BOTTOM|WAIT|RSI_WEAK|RS_OK|VOL_STRONG|ATR_LOW|BELOW_MA20,2,0.4,52.38,2026-07-14 09:17:55
DOWNTREND,DOWNTREND|WATCH|WAIT|RSI_HIGH|RS_STRONG|VOL_OK|ATR_LOW|FAR_MA20,2,0.4,52.38,2026-07-14 09:17:55
POSITIVE,POSITIVE|BOTTOM_WATCH|SKIP|RSI_MID_HIGH|RS_STRONG|VOL_LOW|ATR_LOW|BELOW_MA20,2,0.4,52.38,2026-07-14 09:17:55
POSITIVE,POSITIVE|BOTTOM_WATCH|SKIP|RSI_MID|RS_BAD|VOL_OK|ATR_OK|BELOW_MA20,2,0.4,52.38,2026-07-14 09:17:55
POSITIVE,POSITIVE|BOTTOM|BUY NOW|RSI_MID_HIGH|RS_BAD|VOL_STRONG|ATR_LOW|BELOW_MA20,2,0.4,52.38,2026-07-14 09:17:55
SIDEWAY,SIDEWAY|BOTTOM_WATCH|WATCHLIST|RSI_LOW|RS_STRONG|VOL_LOW|ATR_LOW|ABOVE_MA20,2,0.4,52.38,2026-07-14 09:17:56
SIDEWAY,SIDEWAY|MOMENTUM_WATCH|WATCHLIST|RSI_HIGH|RS_WEAK|VOL_LOW|ATR_LOW|ABOVE_MA20,2,0.4,52.38,2026-07-14 09:17:56
SIDEWAY,SIDEWAY|MOMENTUM_WATCH|WATCHLIST|RSI_MID_HIGH|RS_STRONG|VOL_OK|ATR_LOW|BELOW_MA20,2,0.4,52.38,2026-07-14 09:17:56
WEAK,WEAK|BOTTOM|BUY NOW|RSI_MID_HIGH|RS_OK|VOL_LOW|ATR_OK|BELOW_MA20,2,0.4,52.38,2026-07-14 09:17:56
WEAK,WEAK|BOTTOM|SKIP|RSI_MID|RS_BAD|VOL_STRONG|ATR_LOW|BELOW_MA20,2,0.4,52.38,2026-07-14 09:17:56
WEAK,WEAK|BOTTOM|WAIT|RSI_MID_HIGH|RS_WEAK|VOL_LOW|ATR_LOW|BELOW_MA20,2,0.4,52.38,2026-07-14 09:17:56
SIDEWAY,SIDEWAY|MOMENTUM_WATCH|WATCHLIST|RSI_MID|RS_BAD|VOL_OK|ATR_LOW|ABOVE_MA20,2,0.4,52.37,2026-07-14 09:17:56
SIDEWAY,SIDEWAY|BOTTOM|BUY NOW|RSI_MID_HIGH|RS_STRONG|VOL_LOW|ATR_OK|ABOVE_MA20,9,2.31,52.35,2026-07-14 09:17:56
DOWNTREND,DOWNTREND|BOTTOM|WAIT|RSI_HIGH|RS_STRONG|VOL_OK|ATR_LOW|ABOVE_MA20,9,1.93,52.34,2026-07-14 09:17:55
SIDEWAY,SIDEWAY|MOMENTUM_WATCH|WATCHLIST|RSI_MID|RS_OK|VOL_OK|ATR_LOW|ABOVE_MA20,124,26.41,52.29,2026-07-14 09:17:56
POSITIVE,POSITIVE|MOMENTUM_WATCH|WATCHLIST|RSI_MID_HIGH|RS_OK|VOL_LOW|ATR_LOW|ABOVE_MA20,962,199.97,52.28,2026-07-14 09:17:56
WEAK,WEAK|MOMENTUM_WATCH|WATCHLIST|RSI_MID_HIGH|RS_STRONG|VOL_STRONG|ATR_LOW|ABOVE_MA20,25,5.36,52.28,2026-07-14 09:17:56
SIDEWAY,SIDEWAY|BOTTOM|BUY NOW|RSI_MID|RS_WEAK|VOL_STRONG|ATR_LOW|ABOVE_MA20,162,38.59,52.27,2026-07-14 09:17:56
DOWNTREND,DOWNTREND|BOTTOM_WATCH|WATCHLIST|RSI_MID_HIGH|RS_OK|VOL_OK|ATR_LOW|BELOW_MA20,4,0.8,52.27,2026-07-14 09:17:55
DOWNTREND,DOWNTREND|BOTTOM|BUY NOW|RSI_MID|RS_BAD|VOL_OK|ATR_LOW|BELOW_MA20,4,0.8,52.27,2026-07-14 09:17:55
POSITIVE,POSITIVE|BOTTOM_WATCH|SKIP|RSI_HIGH|RS_OK|VOL_LOW|ATR_LOW|ABOVE_MA20,4,0.8,52.27,2026-07-14 09:17:55
POSITIVE,POSITIVE|MOMENTUM_WATCH|WATCHLIST|RSI_HIGH|RS_WEAK|VOL_LOW|ATR_LOW|ABOVE_MA20,4,0.8,52.27,2026-07-14 09:17:56
POSITIVE,POSITIVE|MOMENTUM_WATCH|WATCHLIST|RSI_HIGH|RS_WEAK|VOL_OK|ATR_LOW|ABOVE_MA20,4,0.8,52.27,2026-07-14 09:17:56
SIDEWAY,SIDEWAY|BOTTOM_WATCH|WATCHLIST|RSI_MID_HIGH|RS_BAD|VOL_LOW|ATR_LOW|ABOVE_MA20,4,0.8,52.27,2026-07-14 09:17:56
SIDEWAY,SIDEWAY|BOTTOM|SKIP|RSI_MID_HIGH|RS_BAD|VOL_OK|ATR_LOW|BELOW_MA20,4,0.8,52.27,2026-07-14 09:17:56
WEAK,WEAK|BOTTOM|WAIT|RSI_MID_HIGH|RS_WEAK|VOL_STRONG|ATR_LOW|ABOVE_MA20,24,5.02,52.24,2026-07-14 09:17:56
WEAK,WEAK|BOTTOM|BUY NOW|RSI_MID|RS_WEAK|VOL_OK|ATR_LOW|ABOVE_MA20,184,38.04,52.21,2026-07-14 09:17:56
POSITIVE,POSITIVE|BOTTOM_WATCH|WATCHLIST|RSI_LOW|RS_WEAK|VOL_STRONG|ATR_LOW|BELOW_MA20,39,7.9,52.21,2026-07-14 09:17:55
DOWNTREND,DOWNTREND|BOTTOM_WATCH|WATCHLIST|RSI_MID_HIGH|RS_STRONG|VOL_LOW|ATR_LOW|ABOVE_MA20,18,3.88,52.17,2026-07-14 09:17:55
POSITIVE,POSITIVE|BOTTOM|WAIT|RSI_MID|RS_OK|VOL_OK|ATR_LOW|BELOW_MA20,6,1.2,52.17,2026-07-14 09:17:55
WEAK,WEAK|BOTTOM|WAIT|RSI_WEAK|RS_WEAK|VOL_STRONG|ATR_LOW|BELOW_MA20,6,1.2,52.17,2026-07-14 09:17:56
POSITIVE,POSITIVE|BOTTOM_WATCH|WATCHLIST|RSI_MID|RS_WEAK|VOL_LOW|ATR_LOW|ABOVE_MA20,255,54.46,52.16,2026-07-14 09:17:55
WEAK,WEAK|BOTTOM|WAIT|RSI_MID|RS_OK|VOL_STRONG|ATR_LOW|ABOVE_MA20,250,52.87,52.16,2026-07-14 09:17:56
DOWNTREND,DOWNTREND|BOTTOM_WATCH|WATCHLIST|RSI_MID|RS_STRONG|VOL_LOW|ATR_LOW|BELOW_MA20,28,6.15,52.16,2026-07-14 09:17:55
WEAK,WEAK|BOTTOM|WAIT|RSI_HIGH|RS_OK|VOL_OK|ATR_LOW|ABOVE_MA20,20,4.41,52.16,2026-07-14 09:17:56
POSITIVE,POSITIVE|MOMENTUM_WATCH|SKIP|RSI_MID_HIGH|RS_WEAK|VOL_LOW|ATR_LOW|ABOVE_MA20,355,76.59,52.13,2026-07-14 09:17:56
SIDEWAY,SIDEWAY|BOTTOM|WAIT|RSI_HIGH|RS_OK|VOL_STRONG|ATR_LOW|ABOVE_MA20,9,1.98,52.11,2026-07-14 09:17:56
SIDEWAY,SIDEWAY|MOMENTUM_WATCH|WATCHLIST|RSI_MID_HIGH|RS_OK|VOL_LOW|ATR_LOW|ABOVE_MA20,1102,234.52,52.1,2026-07-14 09:17:56
SIDEWAY,SIDEWAY|BOTTOM_WATCH|WATCHLIST|RSI_MID|RS_WEAK|VOL_OK|ATR_LOW|BELOW_MA20,127,27.23,52.1,2026-07-14 09:17:56
DOWNTREND,DOWNTREND|BOTTOM|WAIT|RSI_WEAK|RS_OK|VOL_OK|ATR_LOW|BELOW_MA20,8,1.6,52.08,2026-07-14 09:17:55
DOWNTREND,DOWNTREND|MOMENTUM|WATCHLIST|RSI_HIGH|RS_STRONG|VOL_LOW|ATR_LOW|ABOVE_MA20,8,1.6,52.08,2026-07-14 09:17:55
WEAK,WEAK|BOTTOM|WAIT|RSI_MID_HIGH|RS_OK|VOL_LOW|ATR_LOW|BELOW_MA20,8,1.6,52.08,2026-07-14 09:17:56
WEAK,WEAK|MOMENTUM|SKIP|RSI_HIGH|RS_OK|VOL_OK|ATR_LOW|ABOVE_MA20,8,1.6,52.08,2026-07-14 09:17:56
DOWNTREND,DOWNTREND|MOMENTUM_WATCH|WATCHLIST|RSI_MID_HIGH|RS_OK|VOL_LOW|ATR_LOW|ABOVE_MA20,132,27.2,52.07,2026-07-14 09:17:55
WEAK,WEAK|BOTTOM_WATCH|SKIP|RSI_MID|RS_OK|VOL_LOW|ATR_LOW|ABOVE_MA20,425,92.45,52.06,2026-07-14 09:17:56
POSITIVE,POSITIVE|MOMENTUM|BUY NOW|RSI_MID_HIGH|RS_OK|VOL_LOW|ATR_OK|ABOVE_MA20,3,0.84,52.06,2026-07-14 09:17:56
POSITIVE,POSITIVE|BOTTOM|BUY NOW|RSI_LOW|RS_WEAK|VOL_STRONG|ATR_LOW|BELOW_MA20,664,143.88,52.03,2026-07-14 09:17:55
POSITIVE,POSITIVE|BOTTOM_WATCH|SKIP|RSI_MID|RS_WEAK|VOL_LOW|ATR_LOW|ABOVE_MA20,353,75.06,52.03,2026-07-14 09:17:55
POSITIVE,POSITIVE|MOMENTUM|BUY NOW|RSI_MID_HIGH|RS_WEAK|VOL_OK|ATR_LOW|ABOVE_MA20,321,67.07,52.03,2026-07-14 09:17:56
DOWNTREND,DOWNTREND|MOMENTUM|WAIT|RSI_MID_HIGH|RS_STRONG|VOL_STRONG|ATR_LOW|ABOVE_MA20,69,15.15,52.02,2026-07-14 09:17:55
SIDEWAY,SIDEWAY|MOMENTUM_WATCH|SKIP|RSI_MID_HIGH|RS_BAD|VOL_OK|ATR_LOW|ABOVE_MA20,3,0.84,52.02,2026-07-14 09:17:56
DOWNTREND,DOWNTREND|MOMENTUM_WATCH|WAIT|RSI_HIGH|RS_STRONG|VOL_STRONG|ATR_LOW|ABOVE_MA20,20,4.3,52.01,2026-07-14 09:17:55
DOWNTREND,DOWNTREND|BOTTOM_WATCH|WATCHLIST|RSI_MID|RS_OK|VOL_LOW|ATR_LOW|ABOVE_MA20,51,10.39,52.0,2026-07-14 09:17:55
DOWNTREND,DOWNTREND|BOTTOM_WATCH|WATCHLIST|RSI_LOW|RS_OK|VOL_STRONG|ATR_LOW|BELOW_MA20,10,2.0,52.0,2026-07-14 09:17:55
WEAK,WEAK|MOMENTUM|SKIP|RSI_MID_HIGH|RS_OK|VOL_LOW|ATR_LOW|ABOVE_MA20,620,135.08,51.97,2026-07-14 09:17:56
POSITIVE,POSITIVE|WATCH|SKIP|RSI_MID_HIGH|RS_STRONG|VOL_LOW|ATR_LOW|ABOVE_MA20,8,1.62,51.97,2026-07-14 09:17:56
POSITIVE,POSITIVE|BOTTOM_WATCH|SKIP|RSI_LOW|RS_STRONG|VOL_LOW|ATR_LOW|ABOVE_MA20,2,0.47,51.95,2026-07-14 09:17:55
SIDEWAY,SIDEWAY|BOTTOM_WATCH|WATCHLIST|RSI_MID|RS_OK|VOL_LOW|ATR_LOW|BELOW_MA20,231,49.7,51.94,2026-07-14 09:17:56
SIDEWAY,SIDEWAY|BOTTOM|BUY NOW|RSI_MID_HIGH|RS_BAD|VOL_LOW|ATR_LOW|ABOVE_MA20,8,1.63,51.91,2026-07-14 09:17:56
POSITIVE,POSITIVE|BOTTOM_WATCH|WATCHLIST|RSI_WEAK|RS_BAD|VOL_OK|ATR_LOW|BELOW_MA20,178,40.89,51.9,2026-07-14 09:17:55
POSITIVE,POSITIVE|BOTTOM_WATCH|WATCHLIST|RSI_MID_HIGH|RS_OK|VOL_STRONG|ATR_LOW|ABOVE_MA20,3,0.87,51.86,2026-07-14 09:17:55
WEAK,WEAK|BOTTOM_WATCH|WATCHLIST|RSI_MID_HIGH|RS_OK|VOL_STRONG|ATR_LOW|ABOVE_MA20,3,0.87,51.86,2026-07-14 09:17:56
WEAK,WEAK|BOTTOM_WATCH|WATCHLIST|RSI_MID_HIGH|RS_STRONG|VOL_STRONG|ATR_LOW|ABOVE_MA20,3,0.87,51.86,2026-07-14 09:17:56
POSITIVE,POSITIVE|MOMENTUM_WATCH|WATCHLIST|RSI_MID_HIGH|RS_BAD|VOL_LOW|ATR_LOW|ABOVE_MA20,14,2.8,51.85,2026-07-14 09:17:56
POSITIVE,POSITIVE|BOTTOM_WATCH|WATCHLIST|RSI_WEAK|RS_OK|VOL_OK|ATR_LOW|BELOW_MA20,4,0.87,51.84,2026-07-14 09:17:55
POSITIVE,POSITIVE|BOTTOM_WATCH|SKIP|RSI_MID|RS_WEAK|VOL_LOW|ATR_LOW|BELOW_MA20,802,177.04,51.83,2026-07-14 09:17:55
SIDEWAY,SIDEWAY|BOTTOM_WATCH|SKIP|RSI_MID|RS_WEAK|VOL_LOW|ATR_LOW|BELOW_MA20,702,165.75,51.83,2026-07-14 09:17:56
DOWNTREND,DOWNTREND|BOTTOM_WATCH|WATCHLIST|RSI_MID|RS_STRONG|VOL_LOW|ATR_LOW|ABOVE_MA20,69,14.44,51.82,2026-07-14 09:17:55
WEAK,WEAK|BOTTOM_WATCH|WATCHLIST|RSI_MID_HIGH|RS_OK|VOL_LOW|ATR_LOW|BELOW_MA20,38,7.99,51.82,2026-07-14 09:17:56
POSITIVE,POSITIVE|BOTTOM|BUY NOW|RSI_MID_HIGH|RS_OK|VOL_LOW|ATR_LOW|BELOW_MA20,53,11.62,51.81,2026-07-14 09:17:55
SIDEWAY,SIDEWAY|BOTTOM_WATCH|WATCHLIST|RSI_MID|RS_STRONG|VOL_LOW|ATR_LOW|ABOVE_MA20,55,11.72,51.78,2026-07-14 09:17:56
DOWNTREND,DOWNTREND|MOMENTUM_WATCH|WATCHLIST|RSI_MID_HIGH|RS_OK|VOL_OK|ATR_LOW|BELOW_MA20,7,1.66,51.75,2026-07-14 09:17:55
POSITIVE,POSITIVE|MOMENTUM_WATCH|WATCHLIST|RSI_MID_HIGH|RS_OK|VOL_STRONG|ATR_LOW|ABOVE_MA20,51,10.69,51.71,2026-07-14 09:17:56
SIDEWAY,SIDEWAY|BOTTOM_WATCH|WATCHLIST|RSI_WEAK|RS_WEAK|VOL_STRONG|ATR_LOW|BELOW_MA20,159,36.38,51.66,2026-07-14 09:17:56
DOWNTREND,DOWNTREND|BOTTOM|BUY NOW|RSI_MID|RS_OK|VOL_LOW|ATR_LOW|BELOW_MA20,232,48.06,51.63,2026-07-14 09:17:55
SIDEWAY,SIDEWAY|BOTTOM|SKIP|RSI_LOW|RS_OK|VOL_LOW|ATR_LOW|ABOVE_MA20,140,30.13,51.63,2026-07-14 09:17:56
SIDEWAY,SIDEWAY|BOTTOM|BUY NOW|RSI_MID|RS_WEAK|VOL_LOW|ATR_LOW|BELOW_MA20,846,191.03,51.62,2026-07-14 09:17:56
WEAK,WEAK|BOTTOM|WAIT|RSI_MID|RS_OK|VOL_LOW|ATR_LOW|BELOW_MA20,67,13.95,51.6,2026-07-14 09:17:56
POSITIVE,POSITIVE|BOTTOM|BUY NOW|RSI_MID|RS_WEAK|VOL_LOW|ATR_LOW|BELOW_MA20,913,197.88,51.55,2026-07-14 09:17:55
DOWNTREND,DOWNTREND|MOMENTUM_WATCH|SKIP|RSI_MID_HIGH|RS_STRONG|VOL_LOW|ATR_LOW|ABOVE_MA20,281,59.5,51.51,2026-07-14 09:17:55
DOWNTREND,DOWNTREND|BOTTOM|BUY NOW|RSI_LOW|RS_OK|VOL_STRONG|ATR_LOW|BELOW_MA20,191,40.79,51.51,2026-07-14 09:17:55
SIDEWAY,SIDEWAY|BOTTOM|SKIP|RSI_WEAK|RS_OK|VOL_LOW|ATR_LOW|BELOW_MA20,96,22.24,51.51,2026-07-14 09:17:56
SIDEWAY,SIDEWAY|BOTTOM_WATCH|WATCHLIST|RSI_MID|RS_OK|VOL_STRONG|ATR_LOW|BELOW_MA20,36,7.26,51.5,2026-07-14 09:17:56
DOWNTREND,DOWNTREND|BOTTOM|BUY NOW|RSI_LOW|RS_WEAK|VOL_OK|ATR_LOW|BELOW_MA20,217,45.52,51.46,2026-07-14 09:17:55
SIDEWAY,SIDEWAY|WATCH|SKIP|RSI_MID_HIGH|RS_OK|VOL_LOW|ATR_LOW|ABOVE_MA20,100,22.69,51.44,2026-07-14 09:17:56
POSITIVE,POSITIVE|BOTTOM_WATCH|SKIP|RSI_LOW|RS_WEAK|VOL_LOW|ATR_LOW|ABOVE_MA20,21,4.63,51.41,2026-07-14 09:17:55
WEAK,WEAK|BOTTOM_WATCH|WATCHLIST|RSI_MID_HIGH|RS_WEAK|VOL_LOW|ATR_LOW|ABOVE_MA20,32,6.5,51.39,2026-07-14 09:17:56
SIDEWAY,SIDEWAY|BOTTOM|BUY NOW|RSI_LOW|RS_OK|VOL_LOW|ATR_LOW|BELOW_MA20,709,153.69,51.38,2026-07-14 09:17:56
POSITIVE,POSITIVE|MOMENTUM_WATCH|WATCHLIST|RSI_HIGH|RS_OK|VOL_LOW|ATR_LOW|ABOVE_MA20,42,8.45,51.36,2026-07-14 09:17:56
SIDEWAY,SIDEWAY|BOTTOM|SKIP|RSI_LOW|RS_OK|VOL_LOW|ATR_LOW|BELOW_MA20,1230,271.73,51.35,2026-07-14 09:17:56
POSITIVE,POSITIVE|MOMENTUM|SKIP|RSI_MID_HIGH|RS_WEAK|VOL_LOW|ATR_LOW|ABOVE_MA20,108,22.7,51.35,2026-07-14 09:17:56
WEAK,WEAK|BOTTOM|SKIP|RSI_MID|RS_WEAK|VOL_LOW|ATR_LOW|BELOW_MA20,875,190.57,51.31,2026-07-14 09:17:56
WEAK,WEAK|BOTTOM|SKIP|RSI_MID_HIGH|RS_OK|VOL_LOW|ATR_LOW|BELOW_MA20,36,8.11,51.3,2026-07-14 09:17:56
DOWNTREND,DOWNTREND|BOTTOM|WAIT|RSI_MID|RS_OK|VOL_STRONG|ATR_LOW|BELOW_MA20,6,1.36,51.3,2026-07-14 09:17:55
POSITIVE,POSITIVE|BOTTOM_WATCH|WATCHLIST|RSI_MID|RS_WEAK|VOL_OK|ATR_LOW|ABOVE_MA20,151,32.74,51.27,2026-07-14 09:17:55
WEAK,WEAK|BOTTOM_WATCH|WATCHLIST|RSI_LOW|RS_OK|VOL_STRONG|ATR_LOW|BELOW_MA20,39,8.19,51.26,2026-07-14 09:17:56
DOWNTREND,DOWNTREND|BOTTOM_WATCH|WATCHLIST|RSI_LOW|RS_OK|VOL_OK|ATR_LOW|BELOW_MA20,34,7.64,51.26,2026-07-14 09:17:55
POSITIVE,POSITIVE|BOTTOM|BUY NOW|RSI_WEAK|RS_WEAK|VOL_OK|ATR_LOW|BELOW_MA20,258,59.42,51.24,2026-07-14 09:17:55
WEAK,WEAK|BOTTOM_WATCH|WATCHLIST|RSI_MID_HIGH|RS_OK|VOL_OK|ATR_LOW|ABOVE_MA20,38,7.78,51.23,2026-07-14 09:17:56
SIDEWAY,SIDEWAY|BOTTOM_WATCH|WATCHLIST|RSI_MID_HIGH|RS_WEAK|VOL_STRONG|ATR_LOW|ABOVE_MA20,6,1.37,51.23,2026-07-14 09:17:56
POSITIVE,POSITIVE|MOMENTUM|WAIT|RSI_MID_HIGH|RS_WEAK|VOL_OK|ATR_LOW|ABOVE_MA20,79,16.61,51.21,2026-07-14 09:17:56
POSITIVE,POSITIVE|BOTTOM|BUY NOW|RSI_LOW|RS_BAD|VOL_LOW|ATR_LOW|BELOW_MA20,523,114.62,51.17,2026-07-14 09:17:55
SIDEWAY,SIDEWAY|BOTTOM|BUY NOW|RSI_MID_HIGH|RS_BAD|VOL_STRONG|ATR_LOW|BELOW_MA20,3,0.6,51.16,2026-07-14 09:17:56
SIDEWAY,SIDEWAY|BOTTOM|WAIT|RSI_HIGH|RS_WEAK|VOL_STRONG|ATR_LOW|ABOVE_MA20,3,0.6,51.16,2026-07-14 09:17:56
WEAK,WEAK|BOTTOM_WATCH|WATCHLIST|RSI_MID|RS_STRONG|VOL_STRONG|ATR_LOW|BELOW_MA20,3,0.6,51.16,2026-07-14 09:17:56
DOWNTREND,DOWNTREND|BOTTOM|WAIT|RSI_MID|RS_STRONG|VOL_OK|ATR_LOW|ABOVE_MA20,44,9.51,51.14,2026-07-14 09:17:55
SIDEWAY,SIDEWAY|BOTTOM|WAIT|RSI_HIGH|RS_OK|VOL_OK|ATR_LOW|ABOVE_MA20,19,4.65,51.13,2026-07-14 09:17:56
WEAK,WEAK|BOTTOM|WAIT|RSI_HIGH|RS_OK|VOL_STRONG|ATR_LOW|ABOVE_MA20,8,1.78,51.13,2026-07-14 09:17:56
SIDEWAY,SIDEWAY|BOTTOM_WATCH|SKIP|RSI_HIGH|RS_OK|VOL_LOW|ATR_LOW|ABOVE_MA20,5,1.0,51.11,2026-07-14 09:17:56
WEAK,WEAK|BOTTOM_WATCH|WATCHLIST|RSI_MID|RS_OK|VOL_OK|ATR_LOW|BELOW_MA20,177,37.1,51.1,2026-07-14 09:17:56
WEAK,WEAK|BOTTOM|BUY NOW|RSI_MID|RS_BAD|VOL_LOW|ATR_LOW|BELOW_MA20,23,4.92,51.1,2026-07-14 09:17:56
SIDEWAY,SIDEWAY|BOTTOM|BUY NOW|RSI_LOW|RS_BAD|VOL_OK|ATR_LOW|BELOW_MA20,316,71.47,51.09,2026-07-14 09:17:56
SIDEWAY,SIDEWAY|BOTTOM|WAIT|RSI_MID|RS_WEAK|VOL_STRONG|ATR_LOW|ABOVE_MA20,182,41.38,51.09,2026-07-14 09:17:56
SIDEWAY,SIDEWAY|MOMENTUM|WAIT|RSI_MID_HIGH|RS_WEAK|VOL_OK|ATR_LOW|ABOVE_MA20,45,9.62,51.08,2026-07-14 09:17:56
WEAK,WEAK|BOTTOM_WATCH|WATCHLIST|RSI_WEAK|RS_WEAK|VOL_OK|ATR_LOW|BELOW_MA20,370,82.53,51.06,2026-07-14 09:17:56
WEAK,WEAK|BOTTOM|WAIT|RSI_WEAK|RS_OK|VOL_STRONG|ATR_LOW|BELOW_MA20,7,1.4,51.06,2026-07-14 09:17:56
POSITIVE,POSITIVE|MOMENTUM_WATCH|WATCHLIST|RSI_MID|RS_OK|VOL_OK|ATR_LOW|ABOVE_MA20,98,20.32,51.05,2026-07-14 09:17:56
DOWNTREND,DOWNTREND|BOTTOM|BUY NOW|RSI_LOW|RS_OK|VOL_STRONG|ATR_LOW|ABOVE_MA20,19,4.15,51.04,2026-07-14 09:17:55
DOWNTREND,DOWNTREND|BOTTOM|BUY NOW|RSI_WEAK|RS_OK|VOL_OK|ATR_LOW|BELOW_MA20,66,14.39,51.03,2026-07-14 09:17:55
DOWNTREND,DOWNTREND|MOMENTUM|BUY NOW|RSI_MID|RS_STRONG|VOL_OK|ATR_LOW|ABOVE_MA20,9,1.8,51.02,2026-07-14 09:17:55
POSITIVE,POSITIVE|BOTTOM_WATCH|WATCHLIST|RSI_MID|RS_OK|VOL_STRONG|ATR_LOW|BELOW_MA20,9,1.8,51.02,2026-07-14 09:17:55
POSITIVE,POSITIVE|BOTTOM_WATCH|SKIP|RSI_LOW|RS_OK|VOL_LOW|ATR_LOW|BELOW_MA20,102,21.87,51.01,2026-07-14 09:17:55
DOWNTREND,DOWNTREND|BOTTOM_WATCH|WATCHLIST|RSI_MID_HIGH|RS_OK|VOL_LOW|ATR_LOW|ABOVE_MA20,17,3.43,51.0,2026-07-14 09:17:55
DOWNTREND,DOWNTREND|BOTTOM_WATCH|SKIP|RSI_MID_HIGH|RS_STRONG|VOL_LOW|ATR_LOW|ABOVE_MA20,11,2.2,50.98,2026-07-14 09:17:55
WEAK,WEAK|BOTTOM_WATCH|SKIP|RSI_HIGH|RS_OK|VOL_LOW|ATR_LOW|ABOVE_MA20,11,2.2,50.98,2026-07-14 09:17:56
DOWNTREND,DOWNTREND|BOTTOM|BUY NOW|RSI_LOW|RS_STRONG|VOL_OK|ATR_LOW|ABOVE_MA20,16,3.42,50.97,2026-07-14 09:17:55
WEAK,WEAK|MOMENTUM_WATCH|SKIP|RSI_MID_HIGH|RS_OK|VOL_LOW|ATR_LOW|ABOVE_MA20,918,198.38,50.95,2026-07-14 09:17:56
WEAK,WEAK|BOTTOM|BUY NOW|RSI_LOW|RS_OK|VOL_STRONG|ATR_LOW|BELOW_MA20,488,103.54,50.95,2026-07-14 09:17:56
POSITIVE,POSITIVE|BOTTOM_WATCH|WATCHLIST|RSI_MID_HIGH|RS_BAD|VOL_LOW|ATR_LOW|ABOVE_MA20,13,2.6,50.94,2026-07-14 09:17:55
DOWNTREND,DOWNTREND|BOTTOM|BUY NOW|RSI_WEAK|RS_BAD|VOL_OK|ATR_LOW|BELOW_MA20,14,3.06,50.9,2026-07-14 09:17:55
POSITIVE,POSITIVE|BOTTOM|WAIT|RSI_WEAK|RS_WEAK|VOL_STRONG|ATR_LOW|BELOW_MA20,9,2.59,50.9,2026-07-14 09:17:56
SIDEWAY,SIDEWAY|BOTTOM|WAIT|RSI_WEAK|RS_WEAK|VOL_STRONG|ATR_LOW|BELOW_MA20,9,2.59,50.9,2026-07-14 09:17:56
WEAK,WEAK|BOTTOM|BUY NOW|RSI_MID|RS_OK|VOL_LOW|ATR_LOW|BELOW_MA20,864,186.49,50.87,2026-07-14 09:17:56
DOWNTREND,DOWNTREND|BOTTOM_WATCH|SKIP|RSI_LOW|RS_STRONG|VOL_LOW|ATR_LOW|ABOVE_MA20,5,1.06,50.78,2026-07-14 09:17:55
SIDEWAY,SIDEWAY|WATCH|SKIP|RSI_MID_HIGH|RS_WEAK|VOL_LOW|ATR_LOW|ABOVE_MA20,166,35.4,50.75,2026-07-14 09:17:56
WEAK,WEAK|BOTTOM|BUY NOW|RSI_LOW|RS_STRONG|VOL_OK|ATR_LOW|ABOVE_MA20,59,12.11,50.73,2026-07-14 09:17:56
SIDEWAY,SIDEWAY|BOTTOM_WATCH|WATCHLIST|RSI_MID_HIGH|RS_OK|VOL_STRONG|ATR_LOW|ABOVE_MA20,4,1.07,50.72,2026-07-14 09:17:56
WEAK,WEAK|BOTTOM_WATCH|WATCHLIST|RSI_LOW|RS_STRONG|VOL_LOW|ATR_LOW|BELOW_MA20,7,1.47,50.69,2026-07-14 09:17:56
SIDEWAY,SIDEWAY|MOMENTUM_WATCH|SKIP|RSI_MID_HIGH|RS_OK|VOL_LOW|ATR_LOW|ABOVE_MA20,1083,235.59,50.68,2026-07-14 09:17:56
POSITIVE,POSITIVE|BOTTOM_WATCH|WATCHLIST|RSI_MID|RS_OK|VOL_OK|ATR_LOW|ABOVE_MA20,107,22.74,50.67,2026-07-14 09:17:55
POSITIVE,POSITIVE|BOTTOM_WATCH|WATCHLIST|RSI_WEAK|RS_OK|VOL_LOW|ATR_LOW|BELOW_MA20,9,1.87,50.66,2026-07-14 09:17:55
SIDEWAY,SIDEWAY|BOTTOM_WATCH|SKIP|RSI_WEAK|RS_OK|VOL_LOW|ATR_LOW|BELOW_MA20,152,33.42,50.64,2026-07-14 09:17:56
SIDEWAY,SIDEWAY|BOTTOM_WATCH|WATCHLIST|RSI_LOW|RS_WEAK|VOL_STRONG|ATR_LOW|BELOW_MA20,40,8.39,50.64,2026-07-14 09:17:56
DOWNTREND,DOWNTREND|BOTTOM|BUY NOW|RSI_WEAK|RS_OK|VOL_STRONG|ATR_LOW|BELOW_MA20,26,6.23,50.64,2026-07-14 09:17:55
SIDEWAY,SIDEWAY|BOTTOM|BUY NOW|RSI_LOW|RS_OK|VOL_OK|ATR_LOW|BELOW_MA20,412,89.44,50.63,2026-07-14 09:17:56
POSITIVE,POSITIVE|BOTTOM|SKIP|RSI_MID_HIGH|RS_OK|VOL_LOW|ATR_OK|ABOVE_MA20,2,0.69,50.62,2026-07-14 09:17:55
SIDEWAY,SIDEWAY|BOTTOM|SKIP|RSI_MID_HIGH|RS_OK|VOL_LOW|ATR_OK|ABOVE_MA20,2,0.69,50.62,2026-07-14 09:17:56
SIDEWAY,SIDEWAY|BOTTOM|BUY NOW|RSI_LOW|RS_BAD|VOL_LOW|ATR_LOW|BELOW_MA20,419,92.66,50.47,2026-07-14 09:17:56
WEAK,WEAK|MOMENTUM_WATCH|WAIT|RSI_HIGH|RS_OK|VOL_OK|ATR_LOW|ABOVE_MA20,64,13.03,50.41,2026-07-14 09:17:56
DOWNTREND,DOWNTREND|MOMENTUM_WATCH|WAIT|RSI_HIGH|RS_OK|VOL_OK|ATR_LOW|ABOVE_MA20,5,1.14,50.33,2026-07-14 09:17:55
POSITIVE,POSITIVE|BOTTOM_WATCH|WATCHLIST|RSI_MID_HIGH|RS_WEAK|VOL_LOW|ATR_LOW|ABOVE_MA20,278,57.6,50.3,2026-07-14 09:17:55
POSITIVE,POSITIVE|BOTTOM|BUY NOW|RSI_LOW|RS_BAD|VOL_OK|ATR_LOW|BELOW_MA20,423,90.63,50.26,2026-07-14 09:17:55
DOWNTREND,DOWNTREND|MOMENTUM|SKIP|RSI_MID_HIGH|RS_STRONG|VOL_LOW|ATR_LOW|ABOVE_MA20,319,68.32,50.17,2026-07-14 09:17:55
POSITIVE,POSITIVE|BOTTOM_WATCH|WATCHLIST|RSI_MID|RS_WEAK|VOL_LOW|ATR_LOW|BELOW_MA20,362,77.91,50.14,2026-07-14 09:17:55
DOWNTREND,DOWNTREND|BOTTOM|BUY NOW|RSI_WEAK|RS_WEAK|VOL_LOW|ATR_LOW|BELOW_MA20,112,25.11,50.13,2026-07-14 09:17:55
DOWNTREND,DOWNTREND|MOMENTUM_WATCH|WATCHLIST|RSI_MID_HIGH|RS_STRONG|VOL_LOW|ATR_LOW|ABOVE_MA20,268,57.15,50.12,2026-07-14 09:17:55
DOWNTREND,DOWNTREND|BOTTOM|WAIT|RSI_MID|RS_OK|VOL_STRONG|ATR_LOW|ABOVE_MA20,53,11.04,50.12,2026-07-14 09:17:55
POSITIVE,POSITIVE|BOTTOM|WAIT|RSI_MID|RS_OK|VOL_OK|ATR_LOW|ABOVE_MA20,180,38.01,50.09,2026-07-14 09:17:55
SIDEWAY,SIDEWAY|MOMENTUM|SKIP|RSI_MID_HIGH|RS_OK|VOL_LOW|ATR_LOW|ABOVE_MA20,733,163.18,50.07,2026-07-14 09:17:56
POSITIVE,POSITIVE|BOTTOM|SKIP|RSI_LOW|RS_WEAK|VOL_LOW|ATR_LOW|ABOVE_MA20,138,28.82,50.05,2026-07-14 09:17:55
DOWNTREND,DOWNTREND|BOTTOM|BUY NOW|RSI_WEAK|RS_WEAK|VOL_STRONG|ATR_LOW|BELOW_MA20,54,11.69,50.01,2026-07-14 09:17:55
POSITIVE,POSITIVE|MOMENTUM|SKIP|RSI_MID_HIGH|RS_OK|VOL_LOW|ATR_LOW|ABOVE_MA20,738,161.38,50.0,2026-07-14 09:17:56
SIDEWAY,SIDEWAY|BOTTOM_WATCH|WATCHLIST|RSI_WEAK|RS_BAD|VOL_LOW|ATR_LOW|BELOW_MA20,238,58.46,50.0,2026-07-14 09:17:56
SIDEWAY,SIDEWAY|BOTTOM|BUY NOW|RSI_LOW|RS_STRONG|VOL_OK|ATR_LOW|ABOVE_MA20,16,3.2,50.0,2026-07-14 09:17:56
POSITIVE,POSITIVE|BOTTOM|BUY NOW|RSI_LOW|RS_STRONG|VOL_OK|ATR_LOW|ABOVE_MA20,12,2.4,50.0,2026-07-14 09:17:55
WEAK,WEAK|MOMENTUM|WATCHLIST|RSI_HIGH|RS_OK|VOL_OK|ATR_LOW|ABOVE_MA20,8,1.6,50.0,2026-07-14 09:17:56
POSITIVE,POSITIVE|BOTTOM|WAIT|RSI_MID|RS_OK|VOL_LOW|ATR_LOW|BELOW_MA20,6,1.2,50.0,2026-07-14 09:17:55
WEAK,WEAK|BOTTOM|BUY NOW|RSI_LOW|RS_WEAK|VOL_OK|ATR_LOW|BELOW_MA20,1771,386.33,49.94,2026-07-14 09:17:56
WEAK,WEAK|BOTTOM_WATCH|SKIP|RSI_MID_HIGH|RS_STRONG|VOL_LOW|ATR_LOW|ABOVE_MA20,24,5.33,49.91,2026-07-14 09:17:56
DOWNTREND,DOWNTREND|BOTTOM|BUY NOW|RSI_WEAK|RS_BAD|VOL_LOW|ATR_LOW|BELOW_MA20,9,2.02,49.89,2026-07-14 09:17:55
DOWNTREND,DOWNTREND|BOTTOM_WATCH|WATCHLIST|RSI_WEAK|RS_WEAK|VOL_LOW|ATR_LOW|BELOW_MA20,80,18.4,49.83,2026-07-14 09:17:55
POSITIVE,POSITIVE|MOMENTUM_WATCH|WAIT|RSI_HIGH|RS_OK|VOL_STRONG|ATR_LOW|ABOVE_MA20,48,9.7,49.83,2026-07-14 09:17:56
DOWNTREND,DOWNTREND|BOTTOM|WAIT|RSI_MID_HIGH|RS_OK|VOL_OK|ATR_LOW|ABOVE_MA20,28,5.77,49.81,2026-07-14 09:17:55
POSITIVE,POSITIVE|BOTTOM_WATCH|WATCHLIST|RSI_MID|RS_WEAK|VOL_OK|ATR_LOW|BELOW_MA20,167,34.75,49.77,2026-07-14 09:17:55
DOWNTREND,DOWNTREND|BOTTOM_WATCH|WATCHLIST|RSI_MID_HIGH|RS_STRONG|VOL_OK|ATR_LOW|ABOVE_MA20,8,1.65,49.76,2026-07-14 09:17:55
SIDEWAY,SIDEWAY|BOTTOM|SKIP|RSI_MID_HIGH|RS_WEAK|VOL_LOW|ATR_LOW|BELOW_MA20,63,13.37,49.75,2026-07-14 09:17:56
DOWNTREND,DOWNTREND|BOTTOM|SKIP|RSI_LOW|RS_OK|VOL_LOW|ATR_LOW|ABOVE_MA20,43,8.88,49.75,2026-07-14 09:17:55
WEAK,WEAK|BOTTOM|BUY NOW|RSI_WEAK|RS_BAD|VOL_LOW|ATR_LOW|BELOW_MA20,77,16.61,49.74,2026-07-14 09:17:56
DOWNTREND,DOWNTREND|BOTTOM|BUY NOW|RSI_LOW|RS_WEAK|VOL_LOW|ATR_LOW|BELOW_MA20,302,63.92,49.73,2026-07-14 09:17:55
WEAK,WEAK|BOTTOM|BUY NOW|RSI_LOW|RS_WEAK|VOL_LOW|ATR_LOW|BELOW_MA20,2306,505.33,49.72,2026-07-14 09:17:56
DOWNTREND,DOWNTREND|BOTTOM_WATCH|SKIP|RSI_WEAK|RS_OK|VOL_LOW|ATR_LOW|BELOW_MA20,153,33.23,49.65,2026-07-14 09:17:55
DOWNTREND,DOWNTREND|BOTTOM|BUY NOW|RSI_LOW|RS_OK|VOL_LOW|ATR_LOW|BELOW_MA20,596,125.55,49.64,2026-07-14 09:17:55
WEAK,WEAK|BOTTOM|BUY NOW|RSI_MID|RS_WEAK|VOL_STRONG|ATR_LOW|ABOVE_MA20,96,21.34,49.59,2026-07-14 09:17:56
DOWNTREND,DOWNTREND|MOMENTUM_WATCH|WATCHLIST|RSI_MID|RS_OK|VOL_STRONG|ATR_LOW|ABOVE_MA20,21,4.5,49.59,2026-07-14 09:17:55
WEAK,WEAK|BOTTOM|BUY NOW|RSI_WEAK|RS_WEAK|VOL_OK|ATR_LOW|BELOW_MA20,472,107.5,49.55,2026-07-14 09:17:56
POSITIVE,POSITIVE|BOTTOM|SKIP|RSI_MID|RS_OK|VOL_LOW|ATR_LOW|BELOW_MA20,290,66.58,49.51,2026-07-14 09:17:55
WEAK,WEAK|WATCH|SKIP|RSI_MID_HIGH|RS_OK|VOL_LOW|ATR_LOW|ABOVE_MA20,93,20.71,49.49,2026-07-14 09:17:56
WEAK,WEAK|BOTTOM|BUY NOW|RSI_WEAK|RS_OK|VOL_OK|ATR_LOW|BELOW_MA20,142,31.2,49.42,2026-07-14 09:17:56
SIDEWAY,SIDEWAY|BOTTOM|BUY NOW|RSI_LOW|RS_WEAK|VOL_OK|ATR_LOW|BELOW_MA20,1927,436.0,49.41,2026-07-14 09:17:56
DOWNTREND,DOWNTREND|MOMENTUM_WATCH|WATCHLIST|RSI_MID|RS_STRONG|VOL_LOW|ATR_LOW|ABOVE_MA20,34,7.42,49.4,2026-07-14 09:17:55
SIDEWAY,SIDEWAY|BOTTOM_WATCH|WATCHLIST|RSI_MID_HIGH|RS_OK|VOL_LOW|ATR_LOW|BELOW_MA20,20,4.33,49.39,2026-07-14 09:17:56
POSITIVE,POSITIVE|BOTTOM|SKIP|RSI_MID|RS_WEAK|VOL_LOW|ATR_LOW|BELOW_MA20,1081,243.81,49.37,2026-07-14 09:17:55
SIDEWAY,SIDEWAY|BOTTOM|BUY NOW|RSI_WEAK|RS_OK|VOL_OK|ATR_LOW|BELOW_MA20,38,8.62,49.33,2026-07-14 09:17:56
SIDEWAY,SIDEWAY|BOTTOM_WATCH|WATCHLIST|RSI_MID|RS_OK|VOL_OK|ATR_LOW|BELOW_MA20,105,22.7,49.32,2026-07-14 09:17:56
SIDEWAY,SIDEWAY|BOTTOM_WATCH|WATCHLIST|RSI_WEAK|RS_OK|VOL_OK|ATR_LOW|BELOW_MA20,12,2.8,49.3,2026-07-14 09:17:56
POSITIVE,POSITIVE|MOMENTUM_WATCH|WAIT|RSI_HIGH|RS_WEAK|VOL_OK|ATR_LOW|ABOVE_MA20,19,3.83,49.29,2026-07-14 09:17:56
POSITIVE,POSITIVE|BOTTOM|WAIT|RSI_MID|RS_WEAK|VOL_STRONG|ATR_LOW|ABOVE_MA20,250,54.18,49.25,2026-07-14 09:17:56
SIDEWAY,SIDEWAY|BOTTOM|WAIT|RSI_MID|RS_OK|VOL_STRONG|ATR_LOW|BELOW_MA20,10,2.16,49.23,2026-07-14 09:17:56
SIDEWAY,SIDEWAY|BOTTOM|WAIT|RSI_MID|RS_OK|VOL_LOW|ATR_LOW|BELOW_MA20,23,4.6,49.21,2026-07-14 09:17:56
WEAK,WEAK|BOTTOM_WATCH|WATCHLIST|RSI_MID|RS_STRONG|VOL_OK|ATR_LOW|ABOVE_MA20,54,11.11,49.19,2026-07-14 09:17:56
WEAK,WEAK|BOTTOM|WAIT|RSI_MID|RS_WEAK|VOL_OK|ATR_LOW|BELOW_MA20,27,5.42,49.16,2026-07-14 09:17:56
SIDEWAY,SIDEWAY|BOTTOM|BUY NOW|RSI_WEAK|RS_WEAK|VOL_OK|ATR_LOW|BELOW_MA20,339,78.88,49.14,2026-07-14 09:17:56
WEAK,WEAK|BOTTOM|WAIT|RSI_MID|RS_WEAK|VOL_STRONG|ATR_LOW|ABOVE_MA20,44,9.04,49.13,2026-07-14 09:17:56
POSITIVE,POSITIVE|BOTTOM|BUY NOW|RSI_MID|RS_STRONG|VOL_LOW|ATR_LOW|BELOW_MA20,17,3.55,49.13,2026-07-14 09:17:55
WEAK,WEAK|MOMENTUM_WATCH|WATCHLIST|RSI_MID|RS_STRONG|VOL_LOW|ATR_LOW|ABOVE_MA20,97,22.1,49.12,2026-07-14 09:17:56
SIDEWAY,SIDEWAY|BOTTOM|WAIT|RSI_MID|RS_OK|VOL_OK|ATR_LOW|BELOW_MA20,15,3.0,49.09,2026-07-14 09:17:56
SIDEWAY,SIDEWAY|BOTTOM|WAIT|RSI_MID_HIGH|RS_WEAK|VOL_OK|ATR_LOW|ABOVE_MA20,145,32.48,49.08,2026-07-14 09:17:56
DOWNTREND,DOWNTREND|BOTTOM|BUY NOW|RSI_LOW|RS_STRONG|VOL_LOW|ATR_LOW|ABOVE_MA20,34,7.09,49.04,2026-07-14 09:17:55
POSITIVE,POSITIVE|BOTTOM_WATCH|WATCHLIST|RSI_MID|RS_BAD|VOL_LOW|ATR_LOW|ABOVE_MA20,19,3.83,49.04,2026-07-14 09:17:55
DOWNTREND,DOWNTREND|BOTTOM_WATCH|WATCHLIST|RSI_MID|RS_OK|VOL_STRONG|ATR_LOW|BELOW_MA20,22,4.77,49.02,2026-07-14 09:17:55
SIDEWAY,SIDEWAY|MOMENTUM_WATCH|WATCHLIST|RSI_MID|RS_OK|VOL_LOW|ATR_LOW|ABOVE_MA20,107,24.72,48.99,2026-07-14 09:17:56
POSITIVE,POSITIVE|BOTTOM|BUY NOW|RSI_WEAK|RS_BAD|VOL_LOW|ATR_LOW|BELOW_MA20,102,22.54,48.98,2026-07-14 09:17:55
SIDEWAY,SIDEWAY|BOTTOM|SKIP|RSI_MID|RS_STRONG|VOL_LOW|ATR_LOW|BELOW_MA20,42,9.19,48.98,2026-07-14 09:17:56
DOWNTREND,DOWNTREND|MOMENTUM_WATCH|SKIP|RSI_MID_HIGH|RS_OK|VOL_LOW|ATR_LOW|ABOVE_MA20,116,24.72,48.96,2026-07-14 09:17:55
DOWNTREND,DOWNTREND|BOTTOM_WATCH|WATCHLIST|RSI_MID|RS_OK|VOL_OK|ATR_LOW|ABOVE_MA20,26,5.61,48.86,2026-07-14 09:17:55
WEAK,WEAK|BOTTOM|SKIP|RSI_MID|RS_OK|VOL_LOW|ATR_LOW|BELOW_MA20,977,214.87,48.84,2026-07-14 09:17:56
POSITIVE,POSITIVE|BOTTOM|BUY NOW|RSI_LOW|RS_WEAK|VOL_LOW|ATR_LOW|BELOW_MA20,2379,525.99,48.83,2026-07-14 09:17:55
WEAK,WEAK|BOTTOM_WATCH|SKIP|RSI_LOW|RS_STRONG|VOL_LOW|ATR_LOW|ABOVE_MA20,29,5.93,48.82,2026-07-14 09:17:56
WEAK,WEAK|BOTTOM|WAIT|RSI_MID_HIGH|RS_STRONG|VOL_STRONG|ATR_LOW|ABOVE_MA20,14,3.22,48.82,2026-07-14 09:17:56
SIDEWAY,SIDEWAY|BOTTOM_WATCH|WATCHLIST|RSI_MID|RS_WEAK|VOL_LOW|ATR_LOW|BELOW_MA20,309,74.31,48.81,2026-07-14 09:17:56
POSITIVE,POSITIVE|BOTTOM_WATCH|WATCHLIST|RSI_MID|RS_OK|VOL_OK|ATR_LOW|BELOW_MA20,44,8.8,48.81,2026-07-14 09:17:55
WEAK,WEAK|BOTTOM|BUY NOW|RSI_WEAK|RS_BAD|VOL_OK|ATR_LOW|BELOW_MA20,81,18.3,48.8,2026-07-14 09:17:56
DOWNTREND,DOWNTREND|MOMENTUM_WATCH|WATCHLIST|RSI_MID_HIGH|RS_STRONG|VOL_STRONG|ATR_LOW|ABOVE_MA20,15,3.23,48.79,2026-07-14 09:17:55
SIDEWAY,SIDEWAY|BOTTOM|SKIP|RSI_MID|RS_OK|VOL_LOW|ATR_LOW|BELOW_MA20,491,109.75,48.75,2026-07-14 09:17:56
POSITIVE,POSITIVE|BOTTOM|BUY NOW|RSI_MID_HIGH|RS_BAD|VOL_LOW|ATR_LOW|ABOVE_MA20,13,2.67,48.72,2026-07-14 09:17:55
SIDEWAY,SIDEWAY|BOTTOM|SKIP|RSI_MID|RS_WEAK|VOL_LOW|ATR_LOW|BELOW_MA20,1077,247.16,48.71,2026-07-14 09:17:56
SIDEWAY,SIDEWAY|BOTTOM_WATCH|WATCHLIST|RSI_WEAK|RS_OK|VOL_LOW|ATR_LOW|BELOW_MA20,39,8.42,48.71,2026-07-14 09:17:56
SIDEWAY,SIDEWAY|BOTTOM|BUY NOW|RSI_LOW|RS_WEAK|VOL_LOW|ATR_LOW|BELOW_MA20,2620,594.4,48.69,2026-07-14 09:17:56
POSITIVE,POSITIVE|BOTTOM_WATCH|SKIP|RSI_MID_HIGH|RS_OK|VOL_LOW|ATR_LOW|ABOVE_MA20,38,8.13,48.69,2026-07-14 09:17:55
POSITIVE,POSITIVE|BOTTOM|BUY NOW|RSI_WEAK|RS_OK|VOL_LOW|ATR_LOW|BELOW_MA20,25,5.37,48.68,2026-07-14 09:17:55
WEAK,WEAK|BOTTOM_WATCH|WATCHLIST|RSI_MID|RS_WEAK|VOL_LOW|ATR_LOW|ABOVE_MA20,54,11.67,48.57,2026-07-14 09:17:56
WEAK,WEAK|MOMENTUM_WATCH|WATCHLIST|RSI_MID|RS_OK|VOL_OK|ATR_LOW|ABOVE_MA20,123,26.68,48.5,2026-07-14 09:17:56
DOWNTREND,DOWNTREND|BOTTOM_WATCH|SKIP|RSI_LOW|RS_STRONG|VOL_LOW|ATR_LOW|BELOW_MA20,18,3.64,48.45,2026-07-14 09:17:55
POSITIVE,POSITIVE|BOTTOM|BUY NOW|RSI_LOW|RS_WEAK|VOL_OK|ATR_LOW|BELOW_MA20,1695,365.3,48.42,2026-07-14 09:17:55
DOWNTREND,DOWNTREND|BOTTOM|SKIP|RSI_MID|RS_OK|VOL_LOW|ATR_LOW|BELOW_MA20,267,56.33,48.42,2026-07-14 09:17:55
SIDEWAY,SIDEWAY|BOTTOM_WATCH|WATCHLIST|RSI_MID|RS_OK|VOL_OK|ATR_LOW|ABOVE_MA20,147,32.64,48.41,2026-07-14 09:17:56
DOWNTREND,DOWNTREND|BOTTOM|BUY NOW|RSI_WEAK|RS_WEAK|VOL_OK|ATR_LOW|BELOW_MA20,89,19.88,48.38,2026-07-14 09:17:55
DOWNTREND,DOWNTREND|BOTTOM_WATCH|SKIP|RSI_WEAK|RS_WEAK|VOL_LOW|ATR_LOW|BELOW_MA20,109,23.44,48.34,2026-07-14 09:17:55
WEAK,WEAK|BOTTOM|WAIT|RSI_WEAK|RS_WEAK|VOL_OK|ATR_LOW|BELOW_MA20,19,4.28,48.29,2026-07-14 09:17:56
WEAK,WEAK|MOMENTUM|WAIT|RSI_MID_HIGH|RS_WEAK|VOL_OK|ATR_LOW|ABOVE_MA20,19,4.02,48.24,2026-07-14 09:17:56
WEAK,WEAK|BOTTOM_WATCH|WATCHLIST|RSI_LOW|RS_WEAK|VOL_LOW|ATR_LOW|BELOW_MA20,71,15.22,48.16,2026-07-14 09:17:56
WEAK,WEAK|BOTTOM|BUY NOW|RSI_WEAK|RS_WEAK|VOL_LOW|ATR_LOW|BELOW_MA20,610,139.99,48.08,2026-07-14 09:17:56
WEAK,WEAK|BOTTOM|BUY NOW|RSI_WEAK|RS_OK|VOL_STRONG|ATR_LOW|BELOW_MA20,45,9.8,48.03,2026-07-14 09:17:56
POSITIVE,POSITIVE|BOTTOM_WATCH|WATCHLIST|RSI_WEAK|RS_BAD|VOL_LOW|ATR_LOW|BELOW_MA20,242,54.74,48.02,2026-07-14 09:17:55
SIDEWAY,SIDEWAY|BOTTOM|BUY NOW|RSI_LOW|RS_OK|VOL_OK|ATR_LOW|ABOVE_MA20,140,30.55,47.87,2026-07-14 09:17:56
WEAK,WEAK|BOTTOM|WAIT|RSI_WEAK|RS_OK|VOL_OK|ATR_LOW|BELOW_MA20,25,5.32,47.83,2026-07-14 09:17:56
POSITIVE,POSITIVE|WATCH|SKIP|RSI_MID_HIGH|RS_WEAK|VOL_LOW|ATR_LOW|ABOVE_MA20,350,72.72,47.8,2026-07-14 09:17:56
DOWNTREND,DOWNTREND|BOTTOM_WATCH|WATCHLIST|RSI_MID_HIGH|RS_OK|VOL_OK|ATR_LOW|ABOVE_MA20,14,2.9,47.72,2026-07-14 09:17:55
SIDEWAY,SIDEWAY|BOTTOM|WAIT|RSI_LOW|RS_WEAK|VOL_LOW|ATR_LOW|BELOW_MA20,148,35.29,47.7,2026-07-14 09:17:56
DOWNTREND,DOWNTREND|BOTTOM|WAIT|RSI_LOW|RS_OK|VOL_LOW|ATR_LOW|BELOW_MA20,38,8.35,47.6,2026-07-14 09:17:55
POSITIVE,POSITIVE|BOTTOM|SKIP|RSI_MID|RS_STRONG|VOL_LOW|ATR_LOW|BELOW_MA20,21,4.62,47.56,2026-07-14 09:17:55
WEAK,WEAK|BOTTOM|BUY NOW|RSI_LOW|RS_OK|VOL_OK|ATR_LOW|BELOW_MA20,1352,294.91,47.55,2026-07-14 09:17:56
POSITIVE,POSITIVE|BOTTOM|BUY NOW|RSI_WEAK|RS_BAD|VOL_OK|ATR_LOW|BELOW_MA20,78,16.3,47.54,2026-07-14 09:17:55
POSITIVE,POSITIVE|MOMENTUM_WATCH|WATCHLIST|RSI_MID|RS_OK|VOL_LOW|ATR_LOW|ABOVE_MA20,97,21.77,47.53,2026-07-14 09:17:56
DOWNTREND,DOWNTREND|BOTTOM|BUY NOW|RSI_MID|RS_OK|VOL_OK|ATR_LOW|BELOW_MA20,161,34.75,47.51,2026-07-14 09:17:55
SIDEWAY,SIDEWAY|BOTTOM|BUY NOW|RSI_WEAK|RS_WEAK|VOL_LOW|ATR_LOW|BELOW_MA20,490,112.63,47.45,2026-07-14 09:17:56
WEAK,WEAK|BOTTOM|BUY NOW|RSI_WEAK|RS_WEAK|VOL_STRONG|ATR_LOW|BELOW_MA20,222,48.36,47.44,2026-07-14 09:17:56
SIDEWAY,SIDEWAY|BOTTOM_WATCH|WATCHLIST|RSI_WEAK|RS_WEAK|VOL_OK|ATR_LOW|BELOW_MA20,275,62.74,47.4,2026-07-14 09:17:56
WEAK,WEAK|BOTTOM|SKIP|RSI_LOW|RS_WEAK|VOL_LOW|ATR_LOW|BELOW_MA20,4067,908.4,47.39,2026-07-14 09:17:56
WEAK,WEAK|BOTTOM_WATCH|WATCHLIST|RSI_MID|RS_WEAK|VOL_OK|ATR_LOW|ABOVE_MA20,24,5.09,47.39,2026-07-14 09:17:56
WEAK,WEAK|BOTTOM|BUY NOW|RSI_LOW|RS_OK|VOL_LOW|ATR_LOW|BELOW_MA20,1936,421.78,47.32,2026-07-14 09:17:56
DOWNTREND,DOWNTREND|MOMENTUM_WATCH|WATCHLIST|RSI_MID|RS_STRONG|VOL_OK|ATR_LOW|ABOVE_MA20,26,5.52,47.32,2026-07-14 09:17:55
WEAK,WEAK|BOTTOM|WAIT|RSI_MID|RS_WEAK|VOL_STRONG|ATR_LOW|BELOW_MA20,12,2.57,47.29,2026-07-14 09:17:56
WEAK,WEAK|BOTTOM_WATCH|WATCHLIST|RSI_MID|RS_OK|VOL_OK|ATR_LOW|ABOVE_MA20,158,34.18,47.19,2026-07-14 09:17:56
POSITIVE,POSITIVE|BOTTOM_WATCH|WATCHLIST|RSI_LOW|RS_OK|VOL_LOW|ATR_LOW|BELOW_MA20,31,6.43,47.14,2026-07-14 09:17:55
DOWNTREND,DOWNTREND|BOTTOM|SKIP|RSI_LOW|RS_OK|VOL_LOW|ATR_LOW|BELOW_MA20,959,202.8,47.11,2026-07-14 09:17:55
WEAK,WEAK|BOTTOM|SKIP|RSI_LOW|RS_OK|VOL_LOW|ATR_LOW|ABOVE_MA20,174,37.25,47.09,2026-07-14 09:17:56
DOWNTREND,DOWNTREND|BOTTOM_WATCH|SKIP|RSI_MID|RS_OK|VOL_LOW|ATR_LOW|BELOW_MA20,250,54.34,46.88,2026-07-14 09:17:55
POSITIVE,POSITIVE|BOTTOM|BUY NOW|RSI_WEAK|RS_WEAK|VOL_LOW|ATR_LOW|BELOW_MA20,357,80.85,46.77,2026-07-14 09:17:55
WEAK,WEAK|BOTTOM_WATCH|WATCHLIST|RSI_MID|RS_WEAK|VOL_STRONG|ATR_LOW|BELOW_MA20,29,6.65,46.6,2026-07-14 09:17:56
POSITIVE,POSITIVE|BOTTOM|SKIP|RSI_MID_HIGH|RS_WEAK|VOL_LOW|ATR_LOW|BELOW_MA20,48,10.21,46.5,2026-07-14 09:17:55
WEAK,WEAK|BOTTOM|WAIT|RSI_LOW|RS_WEAK|VOL_LOW|ATR_LOW|BELOW_MA20,118,27.27,46.48,2026-07-14 09:17:56
DOWNTREND,DOWNTREND|BOTTOM|BUY NOW|RSI_LOW|RS_OK|VOL_OK|ATR_LOW|BELOW_MA20,449,97.84,46.44,2026-07-14 09:17:55
WEAK,WEAK|BOTTOM|SKIP|RSI_LOW|RS_OK|VOL_LOW|ATR_LOW|BELOW_MA20,3232,702.67,46.43,2026-07-14 09:17:56
POSITIVE,POSITIVE|BOTTOM_WATCH|WATCHLIST|RSI_MID_HIGH|RS_BAD|VOL_OK|ATR_LOW|BELOW_MA20,7,1.91,46.43,2026-07-14 09:17:55
SIDEWAY,SIDEWAY|BOTTOM_WATCH|WATCHLIST|RSI_MID|RS_WEAK|VOL_STRONG|ATR_LOW|BELOW_MA20,62,14.33,46.41,2026-07-14 09:17:56
POSITIVE,POSITIVE|BOTTOM_WATCH|SKIP|RSI_LOW|RS_OK|VOL_LOW|ATR_LOW|ABOVE_MA20,35,7.1,46.36,2026-07-14 09:17:55
SIDEWAY,SIDEWAY|BOTTOM|SKIP|RSI_LOW|RS_WEAK|VOL_LOW|ATR_LOW|BELOW_MA20,4439,1030.95,46.27,2026-07-14 09:17:56
SIDEWAY,SIDEWAY|BOTTOM|BUY NOW|RSI_WEAK|RS_OK|VOL_LOW|ATR_LOW|BELOW_MA20,58,13.2,46.26,2026-07-14 09:17:56
DOWNTREND,DOWNTREND|WATCH|SKIP|RSI_MID_HIGH|RS_STRONG|VOL_LOW|ATR_LOW|ABOVE_MA20,19,4.25,46.12,2026-07-14 09:17:55
POSITIVE,POSITIVE|BOTTOM|SKIP|RSI_LOW|RS_WEAK|VOL_LOW|ATR_LOW|BELOW_MA20,3985,896.21,46.02,2026-07-14 09:17:55
SIDEWAY,SIDEWAY|BOTTOM_WATCH|WATCHLIST|RSI_MID|RS_WEAK|VOL_OK|ATR_LOW|ABOVE_MA20,90,20.92,46.02,2026-07-14 09:17:56
DOWNTREND,DOWNTREND|BOTTOM_WATCH|WATCHLIST|RSI_LOW|RS_STRONG|VOL_LOW|ATR_LOW|BELOW_MA20,10,2.0,46.0,2026-07-14 09:17:55
DOWNTREND,DOWNTREND|BOTTOM|SKIP|RSI_WEAK|RS_WEAK|VOL_LOW|ATR_LOW|BELOW_MA20,202,45.38,45.94,2026-07-14 09:17:55
POSITIVE,POSITIVE|BOTTOM_WATCH|WATCHLIST|RSI_WEAK|RS_WEAK|VOL_STRONG|ATR_LOW|BELOW_MA20,107,23.67,45.78,2026-07-14 09:17:55
POSITIVE,POSITIVE|BOTTOM_WATCH|WATCHLIST|RSI_MID|RS_WEAK|VOL_STRONG|ATR_LOW|BELOW_MA20,71,15.52,45.77,2026-07-14 09:17:55
POSITIVE,POSITIVE|BOTTOM_WATCH|SKIP|RSI_WEAK|RS_WEAK|VOL_LOW|ATR_LOW|BELOW_MA20,684,155.78,45.74,2026-07-14 09:17:55
POSITIVE,POSITIVE|BOTTOM|BUY NOW|RSI_WEAK|RS_WEAK|VOL_STRONG|ATR_LOW|BELOW_MA20,93,19.65,45.49,2026-07-14 09:17:55
POSITIVE,POSITIVE|BOTTOM|WAIT|RSI_LOW|RS_WEAK|VOL_LOW|ATR_LOW|BELOW_MA20,120,27.2,45.42,2026-07-14 09:17:55
WEAK,WEAK|BOTTOM|BUY NOW|RSI_LOW|RS_OK|VOL_OK|ATR_LOW|ABOVE_MA20,200,42.54,45.39,2026-07-14 09:17:56
WEAK,WEAK|BOTTOM|WAIT|RSI_MID|RS_WEAK|VOL_OK|ATR_LOW|ABOVE_MA20,85,17.71,45.36,2026-07-14 09:17:56
WEAK,WEAK|BOTTOM_WATCH|SKIP|RSI_LOW|RS_OK|VOL_LOW|ATR_LOW|ABOVE_MA20,38,7.99,45.36,2026-07-14 09:17:56
DOWNTREND,DOWNTREND|BOTTOM|SKIP|RSI_WEAK|RS_OK|VOL_LOW|ATR_LOW|BELOW_MA20,172,37.38,45.35,2026-07-14 09:17:55
WEAK,WEAK|BOTTOM|SKIP|RSI_WEAK|RS_OK|VOL_LOW|ATR_LOW|BELOW_MA20,401,88.47,44.77,2026-07-14 09:17:56
WEAK,WEAK|BOTTOM|BUY NOW|RSI_WEAK|RS_OK|VOL_LOW|ATR_LOW|BELOW_MA20,193,41.71,44.76,2026-07-14 09:17:56
SIDEWAY,SIDEWAY|BOTTOM|BUY NOW|RSI_LOW|RS_WEAK|VOL_OK|ATR_LOW|ABOVE_MA20,126,27.93,44.74,2026-07-14 09:17:56
WEAK,WEAK|BOTTOM|WAIT|RSI_LOW|RS_OK|VOL_LOW|ATR_LOW|BELOW_MA20,83,17.84,44.66,2026-07-14 09:17:56
SIDEWAY,SIDEWAY|BOTTOM|WAIT|RSI_WEAK|RS_WEAK|VOL_OK|ATR_LOW|BELOW_MA20,33,8.81,44.66,2026-07-14 09:17:56
SIDEWAY,SIDEWAY|BOTTOM_WATCH|SKIP|RSI_LOW|RS_OK|VOL_LOW|ATR_LOW|BELOW_MA20,234,52.65,44.61,2026-07-14 09:17:56
WEAK,WEAK|BOTTOM_WATCH|SKIP|RSI_WEAK|RS_OK|VOL_LOW|ATR_LOW|BELOW_MA20,486,106.96,44.42,2026-07-14 09:17:56
WEAK,WEAK|BOTTOM_WATCH|WATCHLIST|RSI_MID|RS_OK|VOL_STRONG|ATR_LOW|BELOW_MA20,69,15.34,44.4,2026-07-14 09:17:56
SIDEWAY,SIDEWAY|BOTTOM_WATCH|WATCHLIST|RSI_LOW|RS_OK|VOL_OK|ATR_LOW|BELOW_MA20,16,3.28,44.32,2026-07-14 09:17:56
SIDEWAY,SIDEWAY|BOTTOM_WATCH|SKIP|RSI_LOW|RS_OK|VOL_LOW|ATR_LOW|ABOVE_MA20,42,8.85,44.24,2026-07-14 09:17:56
WEAK,WEAK|BOTTOM_WATCH|WATCHLIST|RSI_WEAK|RS_WEAK|VOL_LOW|ATR_LOW|BELOW_MA20,444,101.22,44.15,2026-07-14 09:17:56
DOWNTREND,DOWNTREND|BOTTOM|BUY NOW|RSI_WEAK|RS_OK|VOL_LOW|ATR_LOW|BELOW_MA20,88,18.44,44.08,2026-07-14 09:17:55
SIDEWAY,SIDEWAY|BOTTOM|BUY NOW|RSI_WEAK|RS_WEAK|VOL_STRONG|ATR_LOW|BELOW_MA20,138,31.04,44.05,2026-07-14 09:17:56
SIDEWAY,SIDEWAY|BOTTOM_WATCH|SKIP|RSI_WEAK|RS_WEAK|VOL_LOW|ATR_LOW|BELOW_MA20,821,198.48,43.96,2026-07-14 09:17:56
SIDEWAY,SIDEWAY|BOTTOM_WATCH|WATCHLIST|RSI_WEAK|RS_WEAK|VOL_LOW|ATR_LOW|BELOW_MA20,404,94.82,43.52,2026-07-14 09:17:56
POSITIVE,POSITIVE|BOTTOM|WAIT|RSI_WEAK|RS_WEAK|VOL_OK|ATR_LOW|BELOW_MA20,33,9.25,43.52,2026-07-14 09:17:56
DOWNTREND,DOWNTREND|BOTTOM_WATCH|WATCHLIST|RSI_LOW|RS_OK|VOL_LOW|ATR_LOW|BELOW_MA20,69,15.27,43.49,2026-07-14 09:17:55
SIDEWAY,SIDEWAY|BOTTOM|WAIT|RSI_MID|RS_WEAK|VOL_OK|ATR_LOW|BELOW_MA20,55,11.34,43.43,2026-07-14 09:17:56
POSITIVE,POSITIVE|BOTTOM|BUY NOW|RSI_LOW|RS_WEAK|VOL_OK|ATR_LOW|ABOVE_MA20,155,33.43,43.41,2026-07-14 09:17:55
POSITIVE,POSITIVE|BOTTOM|SKIP|RSI_WEAK|RS_WEAK|VOL_LOW|ATR_LOW|BELOW_MA20,658,148.88,43.13,2026-07-14 09:17:55
POSITIVE,POSITIVE|BOTTOM|WAIT|RSI_MID|RS_WEAK|VOL_OK|ATR_LOW|BELOW_MA20,62,12.91,43.04,2026-07-14 09:17:56
WEAK,WEAK|BOTTOM_WATCH|SKIP|RSI_WEAK|RS_WEAK|VOL_LOW|ATR_LOW|BELOW_MA20,853,196.17,43.03,2026-07-14 09:17:56
DOWNTREND,DOWNTREND|BOTTOM_WATCH|WATCHLIST|RSI_WEAK|RS_OK|VOL_LOW|ATR_LOW|BELOW_MA20,65,14.3,42.99,2026-07-14 09:17:55
WEAK,WEAK|BOTTOM_WATCH|WATCHLIST|RSI_LOW|RS_OK|VOL_OK|ATR_LOW|BELOW_MA20,81,17.67,42.92,2026-07-14 09:17:56
POSITIVE,POSITIVE|BOTTOM_WATCH|WATCHLIST|RSI_WEAK|RS_WEAK|VOL_OK|ATR_LOW|BELOW_MA20,206,45.37,42.87,2026-07-14 09:17:55
SIDEWAY,SIDEWAY|BOTTOM|WAIT|RSI_MID|RS_WEAK|VOL_STRONG|ATR_LOW|BELOW_MA20,24,5.13,42.65,2026-07-14 09:17:56
DOWNTREND,DOWNTREND|BOTTOM|BUY NOW|RSI_LOW|RS_OK|VOL_OK|ATR_LOW|ABOVE_MA20,39,8.48,42.39,2026-07-14 09:17:55
POSITIVE,POSITIVE|BOTTOM|WAIT|RSI_MID|RS_WEAK|VOL_STRONG|ATR_LOW|BELOW_MA20,27,5.73,42.25,2026-07-14 09:17:56
WEAK,WEAK|BOTTOM|WAIT|RSI_MID|RS_OK|VOL_STRONG|ATR_LOW|BELOW_MA20,27,5.73,42.25,2026-07-14 09:17:56
WEAK,WEAK|BOTTOM_WATCH|WATCHLIST|RSI_WEAK|RS_OK|VOL_STRONG|ATR_LOW|BELOW_MA20,53,12.37,42.13,2026-07-14 09:17:56
POSITIVE,POSITIVE|BOTTOM_WATCH|WATCHLIST|RSI_WEAK|RS_WEAK|VOL_LOW|ATR_LOW|BELOW_MA20,309,69.49,42.06,2026-07-14 09:17:55
WEAK,WEAK|BOTTOM|WAIT|RSI_MID|RS_OK|VOL_OK|ATR_LOW|BELOW_MA20,59,12.14,41.71,2026-07-14 09:17:56
SIDEWAY,SIDEWAY|BOTTOM|SKIP|RSI_WEAK|RS_WEAK|VOL_LOW|ATR_LOW|BELOW_MA20,882,203.54,41.63,2026-07-14 09:17:56
DOWNTREND,DOWNTREND|BOTTOM|WAIT|RSI_MID|RS_OK|VOL_OK|ATR_LOW|BELOW_MA20,21,4.52,41.55,2026-07-14 09:17:55
WEAK,WEAK|BOTTOM_WATCH|WATCHLIST|RSI_LOW|RS_WEAK|VOL_OK|ATR_LOW|BELOW_MA20,41,8.89,41.43,2026-07-14 09:17:56
POSITIVE,POSITIVE|BOTTOM_WATCH|SKIP|RSI_LOW|RS_WEAK|VOL_LOW|ATR_LOW|BELOW_MA20,362,80.63,41.3,2026-07-14 09:17:55
SIDEWAY,SIDEWAY|BOTTOM_WATCH|WATCHLIST|RSI_LOW|RS_WEAK|VOL_OK|ATR_LOW|BELOW_MA20,84,18.72,41.25,2026-07-14 09:17:56
POSITIVE,POSITIVE|BOTTOM_WATCH|WATCHLIST|RSI_LOW|RS_WEAK|VOL_OK|ATR_LOW|BELOW_MA20,81,16.75,41.22,2026-07-14 09:17:55
DOWNTREND,DOWNTREND|BOTTOM_WATCH|WATCHLIST|RSI_MID|RS_OK|VOL_LOW|ATR_LOW|BELOW_MA20,83,17.46,41.19,2026-07-14 09:17:55
WEAK,WEAK|BOTTOM_WATCH|WATCHLIST|RSI_WEAK|RS_OK|VOL_LOW|ATR_LOW|BELOW_MA20,213,46.18,40.68,2026-07-14 09:17:56
POSITIVE,POSITIVE|BOTTOM_WATCH|WATCHLIST|RSI_LOW|RS_WEAK|VOL_LOW|ATR_LOW|BELOW_MA20,185,38.15,40.57,2026-07-14 09:17:55
SIDEWAY,SIDEWAY|BOTTOM_WATCH|SKIP|RSI_LOW|RS_WEAK|VOL_LOW|ATR_LOW|BELOW_MA20,343,86.01,40.39,2026-07-14 09:17:56
SIDEWAY,SIDEWAY|BOTTOM_WATCH|WATCHLIST|RSI_LOW|RS_WEAK|VOL_LOW|ATR_LOW|BELOW_MA20,172,37.98,40.2,2026-07-14 09:17:56
WEAK,WEAK|BOTTOM_WATCH|SKIP|RSI_LOW|RS_OK|VOL_LOW|ATR_LOW|BELOW_MA20,420,94.13,40.1,2026-07-14 09:17:56
WEAK,WEAK|BOTTOM_WATCH|SKIP|RSI_LOW|RS_WEAK|VOL_LOW|ATR_LOW|BELOW_MA20,132,33.01,39.94,2026-07-14 09:17:56
WEAK,WEAK|BOTTOM_WATCH|WATCHLIST|RSI_LOW|RS_OK|VOL_LOW|ATR_LOW|BELOW_MA20,200,42.43,39.54,2026-07-14 09:17:56
WEAK,WEAK|BOTTOM_WATCH|WATCHLIST|RSI_WEAK|RS_OK|VOL_OK|ATR_LOW|BELOW_MA20,128,27.54,39.38,2026-07-14 09:17:56
WEAK,WEAK|BOTTOM|SKIP|RSI_WEAK|RS_WEAK|VOL_LOW|ATR_LOW|BELOW_MA20,1077,247.84,38.53,2026-07-14 09:17:56
SIDEWAY,SIDEWAY|BOTTOM_WATCH|WATCHLIST|RSI_LOW|RS_OK|VOL_LOW|ATR_LOW|BELOW_MA20,85,17.56,37.63,2026-07-14 09:17:56
DOWNTREND,DOWNTREND|BOTTOM_WATCH|SKIP|RSI_LOW|RS_OK|VOL_LOW|ATR_LOW|BELOW_MA20,131,31.55,37.59,2026-07-14 09:17:55
